direction,open_time,entry_price,initial_stop_loss,stop_loss,tp1,tp2,tp3,risk_percent,score,reasons,nearest_high_above,nearest_high_below,nearest_low_above,nearest_low_below,breakeven_active,breakeven_time,tp1_hit,tp1_time,tp2_hit,tp2_time,tp3_hit,tp3_time,max_profit_lock_level,candles_in_trade,daily_drawdown_percent,daily_guard_reason,close_time,close_price,close_reason,rr,result_percent,balance_before,balance_after
SELL,2024-06-28 04:15:00+00:00,2320.07,2328.51,2328.51,2311.63,2303.19,2294.75,1,90,"['H4 bearish context', 'H1 bearish trend', 'M15 bearish timing', 'Distance filter OK']",SWING_HIGH price=2323.76 zone=(2323.76-2323.76) touches=1 strength=1,SWING_HIGH price=2318.21 zone=(2318.21-2318.21) touches=1 strength=1,SWING_LOW price=2320.63 zone=(2320.63-2320.63) touches=1 strength=1,SWING_LOW price=2317.50 zone=(2317.50-2317.50) touches=1 strength=1,False,,False,,False,,False,,0,17,0.5284360189573477,,2024-06-28 08:30:00+00:00,2324.53,EXIT SIGNAL,-0.5284360189573468,-0.5284360189573468,1000,994.7156398104265
SELL,2024-06-28 09:00:00+00:00,2325.77,2328.31,2328.31,2323.23,2320.69,2318.15,1,75,"['H4 bearish context', 'H1 bearish trend', 'H1 bearish structure', 'Distance filter OK']",SWING_HIGH price=2328.31 zone=(2328.31-2328.31) touches=1 strength=1,SWING_HIGH price=2323.76 zone=(2323.76-2323.76) touches=1 strength=1,SWING_LOW price=2326.65 zone=(2326.65-2326.65) touches=1 strength=1,SWING_LOW price=2323.18 zone=(2323.18-2323.18) touches=1 strength=1,False,,False,,False,,False,,0,3,1.1667771578908628,,2024-06-28 09:45:00+00:00,2327.4,EXIT SIGNAL,-0.6417322834646191,-0.6417322834646191,994.7156398104265,988.3322284210914
SELL,2024-06-28 18:00:00+00:00,2326.45,2328.31,2328.31,2324.5899999999997,2322.7299999999996,2320.8699999999994,1,90,"['H4 bearish context', 'H1 bearish trend', 'M15 bearish timing', 'Distance filter OK']",SWING_HIGH price=2328.31 zone=(2328.31-2328.31) touches=1 strength=1,SWING_HIGH price=2323.76 zone=(2323.76-2323.76) touches=1 strength=1,SWING_LOW price=2326.65 zone=(2326.65-2326.65) touches=1 strength=1,SWING_LOW price=2323.18 zone=(2323.18-2323.18) touches=1 strength=1,False,,False,,False,,False,,0,1,2.1551093863119606,,2024-06-28 18:15:00+00:00,2328.31,STOP LOSS,-1.0,-1.0,988.3322284210914,978.4489061368804
SELL,2024-07-01 01:00:00+00:00,2326.17,2332.7,2332.7,2319.6400000000003,2313.1100000000006,2306.580000000001,1,90,"['H4 bearish context', 'H1 bearish trend', 'M15 bearish timing', 'Distance filter OK']",SWING_HIGH price=2328.31 zone=(2328.31-2328.31) touches=1 strength=1,SWING_HIGH price=2323.76 zone=(2323.76-2323.76) touches=1 strength=1,SWING_LOW price=2326.65 zone=(2326.65-2326.65) touches=1 strength=1,SWING_LOW price=2323.18 zone=(2323.18-2323.18) touches=1 strength=1,False,,False,,False,,False,,0,14,0.03062787136291423,,2024-07-01 04:30:00+00:00,2326.37,EXIT SIGNAL,-0.030627871362913613,-0.030627871362913613,978.4489061368804,978.149228064557
SELL,2024-07-01 05:15:00+00:00,2326.44,2326.95,2325.4200000000005,2325.9300000000003,2325.4200000000005,2324.9100000000008,1,75,"['H4 bearish context', 'H1 bearish trend', 'H1 bearish structure', 'Distance filter OK']",SWING_HIGH price=2326.95 zone=(2326.95-2326.95) touches=1 strength=1,SWING_HIGH price=2323.76 zone=(2323.76-2323.76) touches=1 strength=1,SWING_LOW price=2326.65 zone=(2326.65-2326.65) touches=1 strength=1,SWING_LOW price=2323.18 zone=(2323.18-2323.18) touches=1 strength=1,True,2024-07-01 05:30:00+00:00,True,2024-07-01 05:30:00+00:00,True,2024-07-01 05:30:00+00:00,True,2024-07-01 05:30:00+00:00,2,2,0.0,,2024-07-01 05:45:00+00:00,2325.4200000000005,PROFIT LOCK TP2,2.0,2.0,978.149228064557,997.7122126258481
SELL,2024-07-01 06:00:00+00:00,2326.64,2326.95,2326.95,2326.33,2326.02,2325.71,1,75,"['H4 bearish context', 'H1 bearish trend', 'H1 bearish structure', 'Distance filter OK']",SWING_HIGH price=2326.95 zone=(2326.95-2326.95) touches=1 strength=1,SWING_HIGH price=2323.76 zone=(2323.76-2323.76) touches=1 strength=1,SWING_LOW price=2326.65 zone=(2326.65-2326.65) touches=1 strength=1,SWING_LOW price=2323.18 zone=(2323.18-2323.18) touches=1 strength=1,False,,False,,False,,False,,0,1,0.0,,2024-07-01 06:15:00+00:00,2326.95,STOP LOSS,-1.0,-1.0,997.7122126258481,987.7350904995897
SELL,2024-07-01 07:45:00+00:00,2322.09,2328.58,2328.58,2315.6000000000004,2309.1100000000006,2302.620000000001,1,90,"['H4 bearish context', 'H1 bearish trend', 'M15 bearish timing', 'Distance filter OK']",SWING_HIGH price=2323.76 zone=(2323.76-2323.76) touches=1 strength=1,SWING_HIGH price=2318.21 zone=(2318.21-2318.21) touches=1 strength=1,SWING_LOW price=2326.65 zone=(2326.65-2326.65) touches=1 strength=1,SWING_LOW price=2323.18 zone=(2323.18-2323.18) touches=1 strength=1,False,,False,,False,,False,,0,7,0.06041874425723968,,2024-07-01 09:30:00+00:00,2328.58,STOP LOSS,-1.0,-1.0,987.7350904995897,977.8577395945938
BUY,2024-07-01 19:30:00+00:00,2330.72,2319.31,2319.31,2342.1299999999997,2353.5399999999995,2364.9499999999994,1,80,"['H1 bullish trend', 'H1 bullish structure', 'M15 bullish timing', 'Distance filter OK']",SWING_HIGH price=2328.31 zone=(2328.31-2328.31) touches=1 strength=1,SWING_HIGH price=2326.95 zone=(2326.95-2326.95) touches=1 strength=1,SWING_LOW price=2355.11 zone=(2355.11-2355.11) touches=1 strength=1,SWING_LOW price=2326.65 zone=(2326.65-2326.65) touches=1 strength=1,False,,False,,False,,False,,0,39,0.18124666182177018,,2024-07-02 06:15:00+00:00,2329.74,EXIT SIGNAL,-0.08588957055214994,-0.08588957055214994,977.8577395945938,977.017861781445
BUY,2024-07-03 08:15:00+00:00,2335.01,2326.85,2351.330000000001,2343.1700000000005,2351.330000000001,2359.490000000001,1,80,"['H1 bullish trend', 'H1 bullish structure', 'M15 bullish timing', 'Distance filter OK']",SWING_HIGH price=2334.33 zone=(2334.33-2334.33) touches=1 strength=1,SWING_HIGH price=2332.70 zone=(2332.70-2332.70) touches=1 strength=1,None,SWING_LOW price=2326.85 zone=(2326.85-2326.85) touches=1 strength=1,True,2024-07-03 10:15:00+00:00,True,2024-07-03 10:15:00+00:00,True,2024-07-03 15:30:00+00:00,True,2024-07-03 17:00:00+00:00,2,93,0.0,,2024-07-04 08:30:00+00:00,2356.47,EXIT SIGNAL,2.6299019607841627,2.6299019607841627,977.017861781445,1002.7124736856468
BUY,2024-07-04 11:00:00+00:00,2357.51,2353.64,2357.61,2361.3800000000006,2365.250000000001,2369.1200000000013,1,90,"['H4 bullish context', 'H1 bullish trend', 'M15 bullish timing', 'Distance filter OK']",SWING_HIGH price=2362.56 zone=(2362.56-2362.56) touches=1 strength=1,SWING_HIGH price=2339.73 zone=(2339.73-2339.73) touches=1 strength=1,None,SWING_LOW price=2353.64 zone=(2353.64-2353.64) touches=1 strength=1,True,2024-07-04 17:15:00+00:00,True,2024-07-04 17:15:00+00:00,False,,False,,0,29,0.0,,2024-07-04 18:15:00+00:00,2357.61,BREAKEVEN,0.02583979328162794,0.02583979328162794,1002.7124736856468,1002.9715725160564
BUY,2024-07-04 20:15:00+00:00,2357.2,2355.55,2355.55,2358.8499999999995,2360.499999999999,2362.1499999999987,1,75,"['H4 bullish context', 'H1 bullish trend', 'H1 bullish structure', 'Distance filter OK']",SWING_HIGH price=2359.62 zone=(2359.62-2359.62) touches=1 strength=1,SWING_HIGH price=2339.73 zone=(2339.73-2339.73) touches=1 strength=1,None,SWING_LOW price=2355.55 zone=(2355.55-2355.55) touches=1 strength=1,False,,False,,False,,False,,0,3,0.33930455984208896,,2024-07-04 21:00:00+00:00,2356.58,EXIT SIGNAL,-0.37575757575759244,-0.37575757575759244,1002.9715725160564,999.2028308496323
BUY,2024-07-04 21:15:00+00:00,2356.58,2355.55,2355.55,2357.6099999999997,2358.6399999999994,2359.669999999999,1,75,"['H4 bullish context', 'H1 bullish trend', 'H1 bullish structure', 'Distance filter OK']",SWING_HIGH price=2359.62 zone=(2359.62-2359.62) touches=1 strength=1,SWING_HIGH price=2339.73 zone=(2339.73-2339.73) touches=1 strength=1,None,SWING_LOW price=2355.55 zone=(2355.55-2355.55) touches=1 strength=1,False,,False,,False,,False,,0,2,0.9134194927604995,,2024-07-05 01:15:00+00:00,2355.55,STOP LOSS,-1.0,-1.0,999.2028308496323,989.210802541136
BUY,2024-07-05 01:45:00+00:00,2356.0,2355.55,2356.8999999999996,2356.45,2356.8999999999996,2357.3499999999995,1,75,"['H4 bullish context', 'H1 bullish trend', 'H1 bullish structure', 'Distance filter OK']",SWING_HIGH price=2359.62 zone=(2359.62-2359.62) touches=1 strength=1,SWING_HIGH price=2339.73 zone=(2339.73-2339.73) touches=1 strength=1,None,SWING_LOW price=2355.55 zone=(2355.55-2355.55) touches=1 strength=1,True,2024-07-05 02:00:00+00:00,True,2024-07-05 02:00:00+00:00,True,2024-07-05 02:00:00+00:00,True,2024-07-05 02:00:00+00:00,2,1,0.0,,2024-07-05 02:00:00+00:00,2357.14,EXIT SIGNAL,2.5333333333340744,2.5333333333340744,989.210802541136,1014.2708095388521
BUY,2024-07-05 02:15:00+00:00,2357.14,2355.55,2357.24,2358.7299999999996,2360.3199999999993,2361.909999999999,1,75,"['H4 bullish context', 'H1 bullish trend', 'H1 bullish structure', 'Distance filter OK']",SWING_HIGH price=2359.62 zone=(2359.62-2359.62) touches=1 strength=1,SWING_HIGH price=2339.73 zone=(2339.73-2339.73) touches=1 strength=1,None,SWING_LOW price=2355.55 zone=(2355.55-2355.55) touches=1 strength=1,True,2024-07-05 03:30:00+00:00,True,2024-07-05 03:30:00+00:00,False,,False,,0,9,0.0,,2024-07-05 04:30:00+00:00,2357.24,BREAKEVEN,0.06289308176096133,0.06289308176096133,1014.2708095388521,1014.9087157083728
BUY,2024-07-08 08:15:00+00:00,2385.58,2380.7,2380.7,2390.46,2395.34,2400.2200000000003,1,90,"['H4 bullish context', 'H1 bullish trend', 'M15 bullish timing', 'Distance filter OK']",SWING_HIGH price=2391.12 zone=(2391.12-2391.12) touches=1 strength=1,SWING_HIGH price=2368.03 zone=(2368.03-2368.03) touches=1 strength=1,None,SWING_LOW price=2380.70 zone=(2380.70-2380.70) touches=1 strength=1,False,,False,,False,,False,,0,3,0.46721311475404254,,2024-07-08 09:00:00+00:00,2383.3,EXIT SIGNAL,-0.4672131147540357,-0.4672131147540357,1014.9087157083728,1010.1669290858015
BUY,2024-07-08 17:15:00+00:00,2377.9,2368.31,2368.31,2387.4900000000002,2397.0800000000004,2406.6700000000005,1,90,"['H4 bullish context', 'H1 bullish trend', 'M15 bullish timing', 'Distance filter OK']",SWING_HIGH price=2386.81 zone=(2386.81-2386.81) touches=1 strength=1,SWING_HIGH price=2368.03 zone=(2368.03-2368.03) touches=1 strength=1,SWING_LOW price=2380.70 zone=(2380.70-2380.70) touches=1 strength=1,SWING_LOW price=2368.31 zone=(2368.31-2368.31) touches=1 strength=1,False,,False,,False,,False,,0,5,1.462540983606502,,2024-07-08 18:30:00+00:00,2368.31,STOP LOSS,-1.0,-1.0,1010.1669290858015,1000.0652597949435
BUY,2024-07-09 07:15:00+00:00,2368.14,2360.37,2360.37,2375.91,2383.68,2391.45,1,90,"['H4 bullish context', 'H1 bullish trend', 'M15 bullish timing', 'Distance filter OK']",SWING_HIGH price=2368.03 zone=(2368.03-2368.03) touches=1 strength=1,SWING_HIGH price=2364.89 zone=(2364.89-2364.89) touches=1 strength=1,SWING_LOW price=2368.31 zone=(2368.31-2368.31) touches=1 strength=1,SWING_LOW price=2360.37 zone=(2360.37-2360.37) touches=1 strength=1,False,,False,,False,,False,,0,7,0.5019305019305127,,2024-07-09 09:00:00+00:00,2364.24,EXIT SIGNAL,-0.5019305019305148,-0.5019305019305148,1000.0652597949435,995.045627216822
BUY,2024-07-09 16:30:00+00:00,2363.91,2358.27,2358.27,2369.5499999999997,2375.1899999999996,2380.8299999999995,1,90,"['H4 bullish context', 'H1 bullish trend', 'M15 bullish timing', 'Distance filter OK']",SWING_HIGH price=2368.03 zone=(2368.03-2368.03) touches=1 strength=1,SWING_HIGH price=2365.59 zone=(2365.59-2365.59) touches=1 strength=1,SWING_LOW price=2368.31 zone=(2368.31-2368.31) touches=1 strength=1,SWING_LOW price=2360.37 zone=(2360.37-2360.37) touches=1 strength=1,False,,False,,False,,False,,0,2,1.4969111969112108,,2024-07-09 17:00:00+00:00,2358.27,STOP LOSS,-1.0,-1.0,995.045627216822,985.0951709446538
BUY,2024-07-10 07:15:00+00:00,2368.69,2363.25,2379.57,2374.13,2379.57,2385.01,1,75,"['H4 bullish context', 'H1 bullish trend', 'H1 bullish structure', 'Distance filter OK']",SWING_HIGH price=2368.03 zone=(2368.03-2368.03) touches=1 strength=1,SWING_HIGH price=2365.59 zone=(2365.59-2365.59) touches=1 strength=1,SWING_LOW price=2368.31 zone=(2368.31-2368.31) touches=1 strength=1,SWING_LOW price=2363.25 zone=(2363.25-2363.25) touches=1 strength=1,True,2024-07-10 10:15:00+00:00,True,2024-07-10 10:15:00+00:00,True,2024-07-10 15:15:00+00:00,True,2024-07-10 16:45:00+00:00,2,40,0.0,,2024-07-10 17:15:00+00:00,2379.57,PROFIT LOCK TP2,2.0,2.0,985.0951709446538,1004.7970743635468
BUY,2024-07-10 20:45:00+00:00,2371.76,2363.25,2363.25,2380.2700000000004,2388.7800000000007,2397.290000000001,1,75,"['H4 bullish context', 'H1 bullish trend', 'H1 bullish structure', 'Distance filter OK']",SWING_HIGH price=2374.94 zone=(2374.94-2374.94) touches=1 strength=1,SWING_HIGH price=2371.49 zone=(2371.49-2371.49) touches=1 strength=1,SWING_LOW price=2380.70 zone=(2380.70-2380.70) touches=1 strength=1,SWING_LOW price=2368.31 zone=(2368.31-2368.31) touches=1 strength=1,False,,False,,False,,False,,0,3,0.0,,2024-07-10 21:30:00+00:00,2371.7,EXIT SIGNAL,-0.007050528789706068,-0.007050528789706068,1004.7970743635468,1004.7262308565406
BUY,2024-07-10 21:45:00+00:00,2371.7,2363.25,2363.25,2380.1499999999996,2388.5999999999995,2397.0499999999993,1,75,"['H4 bullish context', 'H1 bullish trend', 'H1 bullish structure', 'Distance filter OK']",SWING_HIGH price=2374.94 zone=(2374.94-2374.94) touches=1 strength=1,SWING_HIGH price=2371.49 zone=(2371.49-2371.49) touches=1 strength=1,SWING_LOW price=2380.70 zone=(2380.70-2380.70) touches=1 strength=1,SWING_LOW price=2368.31 zone=(2368.31-2368.31) touches=1 strength=1,False,,False,,False,,False,,0,3,0.0,,2024-07-10 22:30:00+00:00,2370.97,EXIT SIGNAL,-0.08639053254438271,-0.08639053254438271,1004.7262308565406,1003.8582425150906
BUY,2024-07-10 22:45:00+00:00,2370.97,2363.25,2363.25,2378.6899999999996,2386.4099999999994,2394.129999999999,1,75,"['H4 bullish context', 'H1 bullish trend', 'H1 bullish structure', 'Distance filter OK']",SWING_HIGH price=2374.94 zone=(2374.94-2374.94) touches=1 strength=1,SWING_HIGH price=2371.49 zone=(2371.49-2371.49) touches=1 strength=1,SWING_LOW price=2380.70 zone=(2380.70-2380.70) touches=1 strength=1,SWING_LOW price=2368.31 zone=(2368.31-2368.31) touches=1 strength=1,False,,False,,False,,False,,0,3,0.0,,2024-07-10 23:30:00+00:00,2371.39,EXIT SIGNAL,0.054404145077731045,0.054404145077731045,1003.8582425150906,1004.4043830097233
BUY,2024-07-11 01:15:00+00:00,2371.34,2369.83,2374.3600000000006,2372.8500000000004,2374.3600000000006,2375.870000000001,1,75,"['H4 bullish context', 'H1 bullish trend', 'H1 bullish structure', 'Distance filter OK']",SWING_HIGH price=2374.94 zone=(2374.94-2374.94) touches=1 strength=1,SWING_HIGH price=2371.49 zone=(2371.49-2371.49) touches=1 strength=1,SWING_LOW price=2380.70 zone=(2380.70-2380.70) touches=1 strength=1,SWING_LOW price=2369.83 zone=(2369.83-2369.83) touches=1 strength=1,True,2024-07-11 03:00:00+00:00,True,2024-07-11 03:00:00+00:00,True,2024-07-11 03:45:00+00:00,True,2024-07-11 04:45:00+00:00,2,15,0.0,,2024-07-11 05:00:00+00:00,2374.3600000000006,PROFIT LOCK TP2,2.0,2.0,1004.4043830097233,1024.4924706699178
BUY,2024-07-11 11:30:00+00:00,2380.65,2378.48,2380.75,2382.82,2384.9900000000002,2387.1600000000003,1,75,"['H4 bullish context', 'H1 bullish trend', 'H1 bullish structure', 'Distance filter OK']",SWING_HIGH price=2386.59 zone=(2386.59-2386.59) touches=1 strength=1,SWING_HIGH price=2379.54 zone=(2379.54-2379.54) touches=1 strength=1,None,SWING_LOW price=2380.70 zone=(2380.70-2380.70) touches=1 strength=1,True,2024-07-11 12:00:00+00:00,True,2024-07-11 12:00:00+00:00,False,,False,,0,8,0.0,,2024-07-11 13:30:00+00:00,2380.75,BREAKEVEN,0.046082949308712304,0.046082949308712304,1024.4924706699178,1024.9645870158483
BUY,2024-07-11 13:45:00+00:00,2380.72,2378.48,2380.8199999999997,2382.9599999999996,2385.1999999999994,2387.439999999999,1,75,"['H4 bullish context', 'H1 bullish trend', 'H1 bullish structure', 'Distance filter OK']",SWING_HIGH price=2386.59 zone=(2386.59-2386.59) touches=1 strength=1,SWING_HIGH price=2379.54 zone=(2379.54-2379.54) touches=1 strength=1,None,SWING_LOW price=2380.70 zone=(2380.70-2380.70) touches=1 strength=1,True,2024-07-11 14:30:00+00:00,True,2024-07-11 14:30:00+00:00,False,,False,,0,4,0.0,,2024-07-11 14:45:00+00:00,2380.8199999999997,BREAKEVEN,0.04464285714282089,0.04464285714282089,1024.9645870158483,1025.4221604921945
BUY,2024-07-12 12:00:00+00:00,2407.4,2406.68,2406.68,2408.1200000000003,2408.8400000000006,2409.560000000001,1,90,"['H4 bullish context', 'H1 bullish trend', 'M15 bullish timing', 'Distance filter OK']",SWING_HIGH price=2416.23 zone=(2416.23-2416.23) touches=1 strength=1,SWING_HIGH price=2392.90 zone=(2392.90-2392.90) touches=1 strength=1,SWING_LOW price=2410.00 zone=(2410.00-2410.00) touches=1 strength=1,SWING_LOW price=2406.68 zone=(2406.68-2406.68) touches=1 strength=1,False,,False,,False,,False,,0,1,1.0000000000000062,,2024-07-12 12:15:00+00:00,2406.68,STOP LOSS,-1.0,-1.0,1025.4221604921945,1015.1679388872725
BUY,2024-07-15 09:30:00+00:00,2405.2,2404.81,2404.81,2405.5899999999997,2405.9799999999996,2406.3699999999994,1,75,"['H4 bullish context', 'H1 bullish trend', 'H1 bullish structure', 'Distance filter OK']",SWING_HIGH price=2408.31 zone=(2408.31-2408.31) touches=1 strength=1,SWING_HIGH price=2392.90 zone=(2392.90-2392.90) touches=1 strength=1,SWING_LOW price=2404.81 zone=(2404.81-2404.81) touches=1 strength=1,SWING_LOW price=2400.33 zone=(2400.33-2400.33) touches=1 strength=1,False,,False,,False,,False,,0,1,0.9999999999999983,,2024-07-15 09:45:00+00:00,2404.81,STOP LOSS,-1.0,-1.0,1015.1679388872725,1005.0162594983998
BUY,2024-07-15 11:45:00+00:00,2410.45,2404.81,2421.7299999999996,2416.0899999999997,2421.7299999999996,2427.3699999999994,1,90,"['H4 bullish context', 'H1 bullish trend', 'M15 bullish timing', 'Distance filter OK']",SWING_HIGH price=2414.00 zone=(2414.00-2414.00) touches=1 strength=1,SWING_HIGH price=2408.31 zone=(2408.31-2408.31) touches=1 strength=1,None,SWING_LOW price=2410.00 zone=(2410.00-2410.00) touches=1 strength=1,True,2024-07-15 14:00:00+00:00,True,2024-07-15 14:00:00+00:00,True,2024-07-15 17:00:00+00:00,True,2024-07-15 17:45:00+00:00,2,35,0.0,,2024-07-15 20:30:00+00:00,2421.7299999999996,PROFIT LOCK TP2,2.0,2.0,1005.0162594983998,1025.1165846883678
BUY,2024-07-15 23:00:00+00:00,2421.08,2411.51,2411.51,2430.6499999999996,2440.2199999999993,2449.789999999999,1,75,"['H4 bullish context', 'H1 bullish trend', 'H1 bullish structure', 'Distance filter OK']",SWING_HIGH price=2424.52 zone=(2424.52-2424.52) touches=1 strength=1,SWING_HIGH price=2418.64 zone=(2418.64-2418.64) touches=1 strength=1,None,SWING_LOW price=2411.51 zone=(2411.51-2411.51) touches=1 strength=1,False,,False,,False,,False,,0,15,0.0,,2024-07-16 03:45:00+00:00,2421.24,EXIT SIGNAL,0.01671891327062271,0.01671891327062271,1025.1165846883678,1025.2879730410846
BUY,2024-07-16 04:00:00+00:00,2421.24,2419.65,2424.419999999999,2422.8299999999995,2424.419999999999,2426.009999999999,1,75,"['H4 bullish context', 'H1 bullish trend', 'H1 bullish structure', 'Distance filter OK']",SWING_HIGH price=2424.52 zone=(2424.52-2424.52) touches=1 strength=1,SWING_HIGH price=2418.64 zone=(2418.64-2418.64) touches=1 strength=1,None,SWING_LOW price=2419.65 zone=(2419.65-2419.65) touches=1 strength=1,True,2024-07-16 04:15:00+00:00,True,2024-07-16 04:15:00+00:00,True,2024-07-16 04:15:00+00:00,True,2024-07-16 04:30:00+00:00,2,48,0.0,,2024-07-16 16:00:00+00:00,2435.18,EXIT SIGNAL,8.767295597486017,8.767295597486017,1025.2879730410846,1115.1780003630693
BUY,2024-07-16 16:15:00+00:00,2435.18,2425.11,2455.3199999999993,2445.2499999999995,2455.3199999999993,2465.389999999999,1,75,"['H4 bullish context', 'H1 bullish trend', 'H1 bullish structure', 'Distance filter OK']",SWING_HIGH price=2443.38 zone=(2443.38-2443.38) touches=1 strength=1,SWING_HIGH price=2439.72 zone=(2439.72-2439.72) touches=1 strength=1,None,SWING_LOW price=2425.11 zone=(2425.11-2425.11) touches=1 strength=1,True,2024-07-16 16:30:00+00:00,True,2024-07-16 16:30:00+00:00,True,2024-07-16 18:00:00+00:00,True,2024-07-16 20:45:00+00:00,2,63,0.2174812590817519,,2024-07-17 09:00:00+00:00,2465.09,EXIT SIGNAL,2.970208540218587,2.970208540218587,1115.1780003630693,1148.301112568492
BUY,2024-07-17 11:00:00+00:00,2474.17,2464.05,2464.05,2484.29,2494.41,2504.5299999999997,1,90,"['H4 bullish context', 'H1 bullish trend', 'M15 bullish timing', 'Distance filter OK']",SWING_HIGH price=2482.35 zone=(2482.35-2482.35) touches=1 strength=1,SWING_HIGH price=2443.38 zone=(2443.38-2443.38) touches=1 strength=1,None,SWING_LOW price=2466.22 zone=(2466.22-2466.22) touches=1 strength=1,False,,False,,False,,False,,0,11,0.8455589709193533,,2024-07-17 13:45:00+00:00,2467.8,EXIT SIGNAL,-0.6294466403162016,-0.6294466403162016,1148.301112568492,1141.073169794716
BUY,2024-07-17 15:30:00+00:00,2474.9,2466.74,2475.0,2483.0600000000004,2491.2200000000007,2499.380000000001,1,90,"['H4 bullish context', 'H1 bullish trend', 'M15 bullish timing', 'Distance filter OK']",SWING_HIGH price=2478.87 zone=(2478.87-2478.87) touches=1 strength=1,SWING_HIGH price=2443.38 zone=(2443.38-2443.38) touches=1 strength=1,None,SWING_LOW price=2466.74 zone=(2466.74-2466.74) touches=1 strength=1,True,2024-07-17 16:45:00+00:00,True,2024-07-17 16:45:00+00:00,False,,False,,0,6,0.8334076913814865,,2024-07-17 17:00:00+00:00,2475.0,BREAKEVEN,0.012254901960772703,0.012254901960772703,1141.073169794716,1141.213007192975
BUY,2024-07-18 04:15:00+00:00,2462.61,2451.46,2462.71,2473.76,2484.9100000000003,2496.0600000000004,1,90,"['H4 bullish context', 'H1 bullish trend', 'M15 bullish timing', 'Distance filter OK']",SWING_HIGH price=2478.87 zone=(2478.87-2478.87) touches=1 strength=1,SWING_HIGH price=2460.40 zone=(2460.40-2460.40) touches=1 strength=1,SWING_LOW price=2464.05 zone=(2464.05-2464.05) touches=1 strength=1,SWING_LOW price=2461.85 zone=(2461.85-2461.85) touches=1 strength=1,True,2024-07-18 10:00:00+00:00,True,2024-07-18 10:00:00+00:00,False,,False,,0,31,0.0,,2024-07-18 12:00:00+00:00,2466.41,EXIT SIGNAL,0.3408071748878651,0.3408071748878651,1141.213007192975,1145.1023430022424
BUY,2024-07-18 12:15:00+00:00,2466.41,2464.63,2464.63,2468.1899999999996,2469.9699999999993,2471.749999999999,1,75,"['H4 bullish context', 'H1 bullish trend', 'H1 bullish structure', 'Distance filter OK']",SWING_HIGH price=2474.90 zone=(2474.90-2474.90) touches=1 strength=1,SWING_HIGH price=2460.40 zone=(2460.40-2460.40) touches=1 strength=1,SWING_LOW price=2466.22 zone=(2466.22-2466.22) touches=1 strength=1,SWING_LOW price=2464.63 zone=(2464.63-2464.63) touches=1 strength=1,False,,False,,False,,False,,0,3,0.6626008968609997,,2024-07-18 13:00:00+00:00,2464.63,STOP LOSS,-1.0,-1.0,1145.1023430022424,1133.65131957222
BUY,2024-07-18 14:45:00+00:00,2465.54,2464.63,2464.63,2466.45,2467.3599999999997,2468.2699999999995,1,75,"['H4 bullish context', 'H1 bullish trend', 'H1 bullish structure', 'Distance filter OK']",SWING_HIGH price=2474.90 zone=(2474.90-2474.90) touches=1 strength=1,SWING_HIGH price=2460.40 zone=(2460.40-2460.40) touches=1 strength=1,SWING_LOW price=2464.63 zone=(2464.63-2464.63) touches=1 strength=1,SWING_LOW price=2464.05 zone=(2464.05-2464.05) touches=1 strength=1,False,,False,,False,,False,,0,1,1.6559748878924,,2024-07-18 15:00:00+00:00,2464.63,STOP LOSS,-1.0,-1.0,1133.65131957222,1122.3148063764977
BUY,2024-07-18 17:45:00+00:00,2466.75,2461.58,2461.58,2471.92,2477.09,2482.26,1,90,"['H4 bullish context', 'H1 bullish trend', 'M15 bullish timing', 'Distance filter OK']",SWING_HIGH price=2474.90 zone=(2474.90-2474.90) touches=1 strength=1,SWING_HIGH price=2460.40 zone=(2460.40-2460.40) touches=1 strength=1,None,SWING_LOW price=2466.74 zone=(2466.74-2466.74) touches=1 strength=1,False,,False,,False,,False,,0,4,2.639415139013473,,2024-07-18 18:45:00+00:00,2461.58,STOP LOSS,-1.0,-1.0,1122.3148063764977,1111.0916583127328
BUY,2024-07-22 07:15:00+00:00,2405.27,2395.51,2395.51,2415.0299999999997,2424.7899999999995,2434.5499999999993,1,75,"['H4 bullish context', 'H1 bullish trend', 'H1 bullish structure', 'Distance filter OK']",SWING_HIGH price=2408.25 zone=(2408.25-2408.25) touches=1 strength=1,None,SWING_LOW price=2406.68 zone=(2406.68-2406.68) touches=1 strength=1,SWING_LOW price=2404.81 zone=(2404.81-2404.81) touches=1 strength=1,False,,False,,False,,False,,0,3,0.053278688524596586,,2024-07-22 08:00:00+00:00,2404.75,EXIT SIGNAL,-0.05327868852458959,-0.05327868852458959,1111.0916583127328,1110.4996832488775
BUY,2024-07-22 08:15:00+00:00,2404.75,2395.51,2395.51,2413.99,2423.2299999999996,2432.4699999999993,1,75,"['H4 bullish context', 'H1 bullish trend', 'H1 bullish structure', 'Distance filter OK']",SWING_HIGH price=2408.25 zone=(2408.25-2408.25) touches=1 strength=1,None,SWING_LOW price=2404.81 zone=(2404.81-2404.81) touches=1 strength=1,SWING_LOW price=2401.31 zone=(2401.31-2401.31) touches=1 strength=1,False,,False,,False,,False,,0,3,0.4664783372365744,,2024-07-22 09:00:00+00:00,2400.93,EXIT SIGNAL,-0.4134199134199409,-0.4134199134199409,1110.4996832488775,1105.9086564198612
BUY,2024-07-22 09:15:00+00:00,2400.93,2395.51,2395.51,2406.3499999999995,2411.769999999999,2417.1899999999987,1,75,"['H4 bullish context', 'H1 bullish trend', 'H1 bullish structure', 'Distance filter OK']",SWING_HIGH price=2408.25 zone=(2408.25-2408.25) touches=1 strength=1,None,SWING_LOW price=2404.81 zone=(2404.81-2404.81) touches=1 strength=1,SWING_LOW price=2401.31 zone=(2401.31-2401.31) touches=1 strength=1,False,,False,,False,,False,,0,3,0.35262080323112693,,2024-07-22 10:00:00+00:00,2401.55,EXIT SIGNAL,0.11439114391151094,0.11439114391151094,1105.9086564198612,1107.1737179825564
BUY,2024-07-22 10:15:00+00:00,2401.55,2395.51,2395.51,2407.59,2413.63,2419.67,1,75,"['H4 bullish context', 'H1 bullish trend', 'H1 bullish structure', 'Distance filter OK']",SWING_HIGH price=2408.25 zone=(2408.25-2408.25) touches=1 strength=1,None,SWING_LOW price=2404.81 zone=(2404.81-2404.81) touches=1 strength=1,SWING_LOW price=2401.31 zone=(2401.31-2401.31) touches=1 strength=1,False,,False,,False,,False,,0,3,0.4367601465926625,,2024-07-22 11:00:00+00:00,2401.04,EXIT SIGNAL,-0.08443708609275188,-0.08443708609275188,1107.1737179825564,1106.2388527571072
BUY,2024-07-22 11:15:00+00:00,2401.04,2398.72,2401.14,2403.36,2405.6800000000003,2408.0000000000005,1,75,"['H4 bullish context', 'H1 bullish trend', 'H1 bullish structure', 'Distance filter OK']",SWING_HIGH price=2408.25 zone=(2408.25-2408.25) touches=1 strength=1,None,SWING_LOW price=2401.31 zone=(2401.31-2401.31) touches=1 strength=1,SWING_LOW price=2400.33 zone=(2400.33-2400.33) touches=1 strength=1,True,2024-07-22 11:30:00+00:00,True,2024-07-22 11:30:00+00:00,False,,False,,0,1,0.0,,2024-07-22 11:30:00+00:00,2402.68,EXIT SIGNAL,0.7068965517240332,0.7068965517240332,1106.2388527571072,1114.0588170610786
BUY,2024-07-22 11:45:00+00:00,2402.68,2398.72,2402.7799999999997,2406.64,2410.6,2414.56,1,75,"['H4 bullish context', 'H1 bullish trend', 'H1 bullish structure', 'Distance filter OK']",SWING_HIGH price=2408.25 zone=(2408.25-2408.25) touches=1 strength=1,None,SWING_LOW price=2401.31 zone=(2401.31-2401.31) touches=1 strength=1,SWING_LOW price=2400.33 zone=(2400.33-2400.33) touches=1 strength=1,True,2024-07-22 13:30:00+00:00,True,2024-07-22 13:30:00+00:00,False,,False,,0,10,0.0,,2024-07-22 14:15:00+00:00,2402.7799999999997,BREAKEVEN,0.025252525252502052,0.025252525252502052,1114.0588170610786,1114.3401450451845
BUY,2024-07-22 14:30:00+00:00,2402.94,2398.72,2398.72,2407.1600000000003,2411.3800000000006,2415.600000000001,1,75,"['H4 bullish context', 'H1 bullish trend', 'H1 bullish structure', 'Distance filter OK']",SWING_HIGH price=2408.25 zone=(2408.25-2408.25) touches=1 strength=1,None,SWING_LOW price=2398.72 zone=(2398.72-2398.72) touches=1 strength=1,SWING_LOW price=2395.51 zone=(2395.51-2395.51) touches=1 strength=1,False,,False,,False,,False,,0,1,0.7105547646707263,,2024-07-22 14:45:00+00:00,2398.72,STOP LOSS,-1.0,-1.0,1114.3401450451845,1103.1967435947327
SELL,2024-07-23 03:15:00+00:00,2395.96,2399.79,2399.79,2392.13,2388.3,2384.4700000000003,1,80,"['H1 bearish trend', 'H1 bearish structure', 'M15 bearish timing', 'Distance filter OK']",SWING_HIGH price=2399.79 zone=(2399.79-2399.79) touches=1 strength=1,None,SWING_LOW price=2401.31 zone=(2401.31-2401.31) touches=1 strength=1,SWING_LOW price=2398.72 zone=(2398.72-2398.72) touches=1 strength=1,False,,False,,False,,False,,0,2,0.9999999999999983,,2024-07-23 03:45:00+00:00,2399.79,STOP LOSS,-1.0,-1.0,1103.1967435947327,1092.1647761587853
SELL,2024-07-26 04:15:00+00:00,2359.87,2365.18,2365.18,2354.56,2349.25,2343.94,1,80,"['H1 bearish trend', 'H1 bearish structure', 'M15 bearish timing', 'Distance filter OK']",SWING_HIGH price=2378.49 zone=(2378.49-2378.49) touches=1 strength=1,SWING_HIGH price=2365.18 zone=(2365.18-2365.18) touches=1 strength=1,SWING_LOW price=2383.71 zone=(2383.71-2383.71) touches=1 strength=1,SWING_LOW price=2366.61 zone=(2366.61-2366.61) touches=1 strength=1,False,,False,,False,,False,,0,1,0.9999999999999943,,2024-07-26 04:30:00+00:00,2365.18,STOP LOSS,-1.0,-1.0,1092.1647761587853,1081.2431283971976
SELL,2024-07-29 14:45:00+00:00,2390.57,2395.96,2395.96,2385.1800000000003,2379.7900000000004,2374.4000000000005,1,80,"['H1 bearish trend', 'H1 bearish structure', 'M15 bearish timing', 'Distance filter OK']",SWING_HIGH price=2390.56 zone=(2390.56-2390.56) touches=1 strength=1,SWING_HIGH price=2382.33 zone=(2382.33-2382.33) touches=1 strength=1,SWING_LOW price=2388.06 zone=(2388.06-2388.06) touches=1 strength=1,SWING_LOW price=2386.77 zone=(2386.77-2386.77) touches=1 strength=1,False,,False,,False,,False,,0,5,0.714285714285722,,2024-07-29 16:00:00+00:00,2394.42,EXIT SIGNAL,-0.7142857142857143,-0.7142857142857143,1081.2431283971976,1073.5199631943603
SELL,2024-07-29 17:30:00+00:00,2390.33,2395.37,2380.25,2385.29,2380.25,2375.21,1,80,"['H1 bearish trend', 'H1 bearish structure', 'M15 bearish timing', 'Distance filter OK']",SWING_HIGH price=2382.33 zone=(2382.33-2382.33) touches=1 strength=1,SWING_HIGH price=2379.13 zone=(2379.13-2379.13) touches=1 strength=1,SWING_LOW price=2383.71 zone=(2383.71-2383.71) touches=1 strength=1,SWING_LOW price=2370.04 zone=(2370.04-2370.04) touches=1 strength=1,True,2024-07-29 17:45:00+00:00,True,2024-07-29 17:45:00+00:00,True,2024-07-29 17:45:00+00:00,True,2024-07-29 18:15:00+00:00,2,11,0.0,,2024-07-29 20:15:00+00:00,2380.25,PROFIT LOCK TP2,2.0,2.0,1073.5199631943603,1094.9903624582475
SELL,2024-07-30 03:15:00+00:00,2381.05,2385.23,2380.9500000000003,2376.8700000000003,2372.6900000000005,2368.5100000000007,1,80,"['H1 bearish trend', 'H1 bearish structure', 'M15 bearish timing', 'Distance filter OK']",SWING_HIGH price=2382.33 zone=(2382.33-2382.33) touches=1 strength=1,SWING_HIGH price=2379.13 zone=(2379.13-2379.13) touches=1 strength=1,SWING_LOW price=2383.71 zone=(2383.71-2383.71) touches=1 strength=1,SWING_LOW price=2370.04 zone=(2370.04-2370.04) touches=1 strength=1,True,2024-07-30 04:30:00+00:00,True,2024-07-30 04:30:00+00:00,False,,False,,0,6,0.0,,2024-07-30 04:45:00+00:00,2380.9500000000003,BREAKEVEN,0.023923444976055735,0.023923444976055735,1094.9903624582475,1095.2523218751035
SELL,2024-07-30 05:00:00+00:00,2379.6,2385.23,2385.23,2373.97,2368.3399999999997,2362.7099999999996,1,80,"['H1 bearish trend', 'H1 bearish structure', 'M15 bearish timing', 'Distance filter OK']",SWING_HIGH price=2382.33 zone=(2382.33-2382.33) touches=1 strength=1,SWING_HIGH price=2379.13 zone=(2379.13-2379.13) touches=1 strength=1,SWING_LOW price=2383.71 zone=(2383.71-2383.71) touches=1 strength=1,SWING_LOW price=2370.04 zone=(2370.04-2370.04) touches=1 strength=1,False,,False,,False,,False,,0,5,0.8039832748349666,,2024-07-30 06:15:00+00:00,2384.26,EXIT SIGNAL,-0.8277087033748168,-0.8277087033748168,1095.2523218751035,1086.1868230830285
BUY,2024-07-31 13:15:00+00:00,2420.98,2415.24,2421.08,2426.7200000000003,2432.4600000000005,2438.2000000000007,1,75,"['H4 bullish context', 'H1 bullish trend', 'H1 bullish structure', 'Distance filter OK']",SWING_HIGH price=2418.99 zone=(2418.99-2418.99) touches=1 strength=1,SWING_HIGH price=2418.18 zone=(2418.18-2418.18) touches=1 strength=1,None,SWING_LOW price=2415.24 zone=(2415.24-2415.24) touches=1 strength=1,True,2024-07-31 16:45:00+00:00,True,2024-07-31 16:45:00+00:00,False,,False,,0,18,0.0,,2024-07-31 17:45:00+00:00,2421.08,BREAKEVEN,0.017421602787439882,0.017421602787439882,1086.1868230830285,1086.3760542368755
BUY,2024-07-31 18:15:00+00:00,2421.85,2417.32,2421.95,2426.3799999999997,2430.9099999999994,2435.439999999999,1,75,"['H4 bullish context', 'H1 bullish trend', 'H1 bullish structure', 'Distance filter OK']",SWING_HIGH price=2425.42 zone=(2425.42-2425.42) touches=1 strength=1,SWING_HIGH price=2418.99 zone=(2418.99-2418.99) touches=1 strength=1,None,SWING_LOW price=2417.32 zone=(2417.32-2417.32) touches=1 strength=1,True,2024-07-31 19:15:00+00:00,True,2024-07-31 19:15:00+00:00,False,,False,,0,11,0.0,,2024-07-31 21:00:00+00:00,2421.95,BREAKEVEN,0.02207505518761913,0.02207505518761913,1086.3760542368755,1086.6158723503931
BUY,2024-07-31 21:15:00+00:00,2422.35,2417.32,2432.4099999999994,2427.3799999999997,2432.4099999999994,2437.439999999999,1,75,"['H4 bullish context', 'H1 bullish trend', 'H1 bullish structure', 'Distance filter OK']",None,SWING_HIGH price=2432.02 zone=(2432.02-2432.02) touches=1 strength=1,None,SWING_LOW price=2417.32 zone=(2417.32-2417.32) touches=1 strength=1,True,2024-07-31 21:30:00+00:00,True,2024-07-31 21:30:00+00:00,True,2024-07-31 21:30:00+00:00,True,2024-07-31 22:15:00+00:00,2,51,1.2581953234548426,,2024-08-01 11:00:00+00:00,2440.45,EXIT SIGNAL,3.598409542743703,3.598409542743703,1086.6158723503931,1125.7167615940175
BUY,2024-08-01 15:00:00+00:00,2440.6,2430.0,2451.2,2451.2,2461.7999999999997,2472.3999999999996,1,90,"['H4 bullish context', 'H1 bullish trend', 'M15 bullish timing', 'Distance filter OK']",SWING_HIGH price=2448.83 zone=(2448.83-2448.83) touches=1 strength=1,SWING_HIGH price=2432.02 zone=(2432.02-2432.02) touches=1 strength=1,SWING_LOW price=2444.35 zone=(2444.35-2444.35) touches=1 strength=1,SWING_LOW price=2437.37 zone=(2437.37-2437.37) touches=1 strength=1,True,2024-08-01 15:30:00+00:00,True,2024-08-01 15:30:00+00:00,True,2024-08-01 17:00:00+00:00,False,,1,9,0.2707772766893836,,2024-08-01 17:15:00+00:00,2451.2,PROFIT LOCK TP1,1.0,1.0,1125.7167615940175,1136.9739292099578
BUY,2024-08-01 22:45:00+00:00,2443.71,2430.0,2430.0,2457.42,2471.13,2484.84,1,90,"['H4 bullish context', 'H1 bullish trend', 'M15 bullish timing', 'Distance filter OK']",SWING_HIGH price=2448.83 zone=(2448.83-2448.83) touches=1 strength=1,SWING_HIGH price=2432.02 zone=(2432.02-2432.02) touches=1 strength=1,SWING_LOW price=2444.35 zone=(2444.35-2444.35) touches=1 strength=1,SWING_LOW price=2437.37 zone=(2437.37-2437.37) touches=1 strength=1,False,,False,,False,,False,,0,18,0.09696280419344867,,2024-08-02 04:15:00+00:00,2443.04,EXIT SIGNAL,-0.04886943836616127,-0.04886943836616127,1136.9739292099578,1136.4182964363831
BUY,2024-08-02 04:30:00+00:00,2443.04,2434.93,2459.26,2451.15,2459.26,2467.3700000000003,1,75,"['H4 bullish context', 'H1 bullish trend', 'H1 bullish structure', 'Distance filter OK']",SWING_HIGH price=2448.83 zone=(2448.83-2448.83) touches=1 strength=1,SWING_HIGH price=2428.97 zone=(2428.97-2428.97) touches=1 strength=1,None,SWING_LOW price=2444.35 zone=(2444.35-2444.35) touches=1 strength=1,True,2024-08-02 05:00:00+00:00,True,2024-08-02 05:00:00+00:00,True,2024-08-02 06:15:00+00:00,True,2024-08-02 09:00:00+00:00,2,40,0.0,,2024-08-02 14:30:00+00:00,2459.26,PROFIT LOCK TP2,2.0,2.0,1136.4182964363831,1159.1466623651108
BUY,2024-08-05 09:15:00+00:00,2432.0,2413.82,2413.82,2450.18,2468.3599999999997,2486.5399999999995,1,75,"['H4 bullish context', 'H1 bullish trend', 'H1 bullish structure', 'Distance filter OK']",SWING_HIGH price=2428.97 zone=(2428.97-2428.97) touches=1 strength=1,SWING_HIGH price=2425.42 zone=(2425.42-2425.42) touches=1 strength=1,SWING_LOW price=2430.00 zone=(2430.00-2430.00) touches=1 strength=1,SWING_LOW price=2421.45 zone=(2421.45-2421.45) touches=1 strength=1,False,,False,,False,,False,,0,3,0.11991199119910191,,2024-08-05 10:00:00+00:00,2429.82,EXIT SIGNAL,-0.11991199119911199,-0.11991199119911199,1159.1466623651108,1157.756706521351
BUY,2024-08-05 10:15:00+00:00,2429.82,2413.82,2413.82,2445.82,2461.82,2477.82,1,75,"['H4 bullish context', 'H1 bullish trend', 'H1 bullish structure', 'Distance filter OK']",SWING_HIGH price=2446.57 zone=(2446.57-2446.57) touches=1 strength=1,SWING_HIGH price=2428.97 zone=(2428.97-2428.97) touches=1 strength=1,SWING_LOW price=2434.91 zone=(2434.91-2434.91) touches=1 strength=1,SWING_LOW price=2430.00 zone=(2430.00-2430.00) touches=1 strength=1,False,,False,,False,,False,,0,3,0.06685069444443088,,2024-08-05 11:00:00+00:00,2430.67,EXIT SIGNAL,0.053124999999994316,0.053124999999994316,1157.756706521351,1158.3717647716903
BUY,2024-08-05 11:15:00+00:00,2430.67,2421.87,2421.87,2439.4700000000003,2448.2700000000004,2457.0700000000006,1,75,"['H4 bullish context', 'H1 bullish trend', 'H1 bullish structure', 'Distance filter OK']",SWING_HIGH price=2425.42 zone=(2425.42-2425.42) touches=1 strength=1,SWING_HIGH price=2412.80 zone=(2412.80-2412.80) touches=1 strength=1,SWING_LOW price=2430.00 zone=(2430.00-2430.00) touches=1 strength=1,SWING_LOW price=2421.87 zone=(2421.87-2421.87) touches=1 strength=1,False,,False,,False,,False,,0,3,0.8049932745422584,,2024-08-05 12:00:00+00:00,2424.17,EXIT SIGNAL,-0.7386363636363483,-0.7386363636363483,1158.3717647716903,1149.8156096909906
BUY,2024-08-05 12:45:00+00:00,2426.62,2421.87,2421.87,2431.37,2436.12,2440.87,1,75,"['H4 bullish context', 'H1 bullish trend', 'H1 bullish structure', 'Distance filter OK']",SWING_HIGH price=2425.42 zone=(2425.42-2425.42) touches=1 strength=1,SWING_HIGH price=2412.80 zone=(2412.80-2412.80) touches=1 strength=1,SWING_LOW price=2430.00 zone=(2430.00-2430.00) touches=1 strength=1,SWING_LOW price=2421.87 zone=(2421.87-2421.87) touches=1 strength=1,False,,False,,False,,False,,0,1,1.7969433417968397,,2024-08-05 13:00:00+00:00,2421.87,STOP LOSS,-1.0,-1.0,1149.8156096909906,1138.3174535940807
BUY,2024-08-05 13:15:00+00:00,2423.79,2421.87,2421.87,2425.71,2427.63,2429.55,1,75,"['H4 bullish context', 'H1 bullish trend', 'H1 bullish structure', 'Distance filter OK']",SWING_HIGH price=2410.91 zone=(2410.91-2410.91) touches=1 strength=1,SWING_HIGH price=2402.90 zone=(2402.90-2402.90) touches=1 strength=1,SWING_LOW price=2410.83 zone=(2410.83-2410.83) touches=1 strength=1,SWING_LOW price=2403.96 zone=(2403.96-2403.96) touches=1 strength=1,False,,False,,False,,False,,0,1,2.7789739083788643,,2024-08-05 13:30:00+00:00,2421.87,STOP LOSS,-1.0,-1.0,1138.3174535940807,1126.93427905814
BUY,2024-08-06 05:30:00+00:00,2411.45,2404.17,2404.17,2418.7299999999996,2426.0099999999993,2433.289999999999,1,75,"['H4 bullish context', 'H1 bullish trend', 'H1 bullish structure', 'Distance filter OK']",SWING_HIGH price=2410.91 zone=(2410.91-2410.91) touches=1 strength=1,SWING_HIGH price=2402.90 zone=(2402.90-2402.90) touches=1 strength=1,SWING_LOW price=2410.83 zone=(2410.83-2410.83) touches=1 strength=1,SWING_LOW price=2404.17 zone=(2404.17-2404.17) touches=1 strength=1,False,,False,,False,,False,,0,3,0.2678571428571309,,2024-08-06 06:15:00+00:00,2409.5,EXIT SIGNAL,-0.26785714285712725,-0.26785714285712725,1126.93427905814,1123.9157050963772
BUY,2024-08-06 08:15:00+00:00,2409.82,2404.17,2404.17,2415.4700000000003,2421.1200000000003,2426.7700000000004,1,75,"['H4 bullish context', 'H1 bullish trend', 'H1 bullish structure', 'Distance filter OK']",SWING_HIGH price=2402.28 zone=(2402.28-2402.28) touches=1 strength=1,SWING_HIGH price=2397.78 zone=(2397.78-2397.78) touches=1 strength=1,SWING_LOW price=2403.96 zone=(2403.96-2403.96) touches=1 strength=1,SWING_LOW price=2388.40 zone=(2388.40-2388.40) touches=1 strength=1,False,,False,,False,,False,,0,2,1.2651785714285568,,2024-08-06 08:45:00+00:00,2404.17,STOP LOSS,-1.0,-1.0,1123.9157050963772,1112.6765480454135
BUY,2024-08-06 09:30:00+00:00,2406.15,2404.17,2404.17,2408.13,2410.11,2412.09,1,75,"['H4 bullish context', 'H1 bullish trend', 'H1 bullish structure', 'Distance filter OK']",SWING_HIGH price=2402.28 zone=(2402.28-2402.28) touches=1 strength=1,SWING_HIGH price=2397.78 zone=(2397.78-2397.78) touches=1 strength=1,SWING_LOW price=2403.96 zone=(2403.96-2403.96) touches=1 strength=1,SWING_LOW price=2388.40 zone=(2388.40-2388.40) touches=1 strength=1,False,,False,,False,,False,,0,1,2.252526785714277,,2024-08-06 09:45:00+00:00,2404.17,STOP LOSS,-1.0,-1.0,1112.6765480454135,1101.5497825649593
BUY,2024-08-06 11:15:00+00:00,2413.32,2394.6,2394.6,2432.0400000000004,2450.7600000000007,2469.480000000001,1,90,"['H4 bullish context', 'H1 bullish trend', 'M15 bullish timing', 'Distance filter OK']",SWING_HIGH price=2410.91 zone=(2410.91-2410.91) touches=1 strength=1,SWING_HIGH price=2402.28 zone=(2402.28-2402.28) touches=1 strength=1,SWING_LOW price=2413.82 zone=(2413.82-2413.82) touches=1 strength=1,SWING_LOW price=2410.83 zone=(2410.83-2410.83) touches=1 strength=1,False,,False,,False,,False,,0,17,3.230001517857136,,2024-08-06 15:30:00+00:00,2394.6,STOP LOSS,-1.0,-1.0,1101.5497825649593,1090.5342847393097
BUY,2024-08-09 13:15:00+00:00,2423.91,2416.86,2424.0099999999998,2430.9599999999996,2438.0099999999993,2445.059999999999,1,90,"['H4 bullish context', 'H1 bullish trend', 'M15 bullish timing', 'Distance filter OK']",SWING_HIGH price=2446.57 zone=(2446.57-2446.57) touches=1 strength=1,SWING_HIGH price=2428.96 zone=(2428.96-2428.96) touches=1 strength=1,SWING_LOW price=2434.91 zone=(2434.91-2434.91) touches=1 strength=1,SWING_LOW price=2430.00 zone=(2430.00-2430.00) touches=1 strength=1,True,2024-08-09 13:45:00+00:00,True,2024-08-09 13:45:00+00:00,False,,False,,0,8,0.0,,2024-08-09 15:15:00+00:00,2424.0099999999998,BREAKEVEN,0.014184397163108216,0.014184397163108216,1090.5342847393097,1090.688970453457
BUY,2024-08-09 15:30:00+00:00,2426.83,2416.86,2416.86,2436.7999999999997,2446.7699999999995,2456.7399999999993,1,90,"['H4 bullish context', 'H1 bullish trend', 'M15 bullish timing', 'Distance filter OK']",SWING_HIGH price=2446.57 zone=(2446.57-2446.57) touches=1 strength=1,SWING_HIGH price=2428.96 zone=(2428.96-2428.96) touches=1 strength=1,SWING_LOW price=2430.00 zone=(2430.00-2430.00) touches=1 strength=1,SWING_LOW price=2421.87 zone=(2421.87-2421.87) touches=1 strength=1,False,,False,,False,,False,,0,5,0.005878628794179687,,2024-08-09 16:45:00+00:00,2426.63,EXIT SIGNAL,-0.020060180541607034,-0.020060180541607034,1090.688970453457,1090.4701762768366
BUY,2024-08-09 19:00:00+00:00,2431.43,2421.0,2421.0,2441.8599999999997,2452.2899999999995,2462.7199999999993,1,90,"['H4 bullish context', 'H1 bullish trend', 'M15 bullish timing', 'Distance filter OK']",SWING_HIGH price=2446.57 zone=(2446.57-2446.57) touches=1 strength=1,SWING_HIGH price=2428.96 zone=(2428.96-2428.96) touches=1 strength=1,SWING_LOW price=2434.91 zone=(2434.91-2434.91) touches=1 strength=1,SWING_LOW price=2430.00 zone=(2430.00-2430.00) touches=1 strength=1,False,,False,,False,,False,,0,25,0.16047816728168376,,2024-08-12 02:15:00+00:00,2427.4,EXIT SIGNAL,-0.38638542665386466,-0.38638542665386466,1090.4701762768366,1086.2567584336962
BUY,2024-08-12 07:15:00+00:00,2429.65,2423.76,2441.43,2435.54,2441.43,2447.3199999999997,1,90,"['H4 bullish context', 'H1 bullish trend', 'M15 bullish timing', 'Distance filter OK']",SWING_HIGH price=2435.94 zone=(2435.94-2435.94) touches=1 strength=1,SWING_HIGH price=2433.15 zone=(2433.15-2433.15) touches=1 strength=1,SWING_LOW price=2434.91 zone=(2434.91-2434.91) touches=1 strength=1,SWING_LOW price=2427.21 zone=(2427.21-2427.21) touches=1 strength=1,True,2024-08-12 09:00:00+00:00,True,2024-08-12 09:00:00+00:00,True,2024-08-12 10:45:00+00:00,True,2024-08-12 16:30:00+00:00,2,87,1.3885586570925674,,2024-08-13 06:00:00+00:00,2462.76,EXIT SIGNAL,5.621392190152944,5.621392190152944,1086.2567584336962,1147.3195110172965
BUY,2024-08-13 06:15:00+00:00,2462.76,2460.81,2462.86,2464.7100000000005,2466.6600000000008,2468.610000000001,1,75,"['H4 bullish context', 'H1 bullish trend', 'H1 bullish structure', 'Distance filter OK']",SWING_HIGH price=2477.00 zone=(2477.00-2477.00) touches=1 strength=1,SWING_HIGH price=2458.62 zone=(2458.62-2458.62) touches=1 strength=1,None,SWING_LOW price=2460.81 zone=(2460.81-2460.81) touches=1 strength=1,True,2024-08-13 06:45:00+00:00,True,2024-08-13 06:45:00+00:00,False,,False,,0,2,1.0143408796888844,,2024-08-13 06:45:00+00:00,2463.5,EXIT SIGNAL,0.37948717948701444,0.37948717948701444,1147.3195110172965,1151.6734414693601
BUY,2024-08-13 07:00:00+00:00,2463.5,2460.81,2460.81,2466.19,2468.88,2471.57,1,75,"['H4 bullish context', 'H1 bullish trend', 'H1 bullish structure', 'Distance filter OK']",SWING_HIGH price=2477.00 zone=(2477.00-2477.00) touches=1 strength=1,SWING_HIGH price=2458.62 zone=(2458.62-2458.62) touches=1 strength=1,None,SWING_LOW price=2460.81 zone=(2460.81-2460.81) touches=1 strength=1,False,,False,,False,,False,,0,3,2.004197470892004,,2024-08-13 07:45:00+00:00,2460.81,STOP LOSS,-1.0,-1.0,1151.6734414693601,1140.1567070546664
BUY,2024-08-13 08:00:00+00:00,2461.96,2460.81,2460.81,2463.11,2464.26,2465.4100000000003,1,75,"['H4 bullish context', 'H1 bullish trend', 'H1 bullish structure', 'Distance filter OK']",SWING_HIGH price=2477.00 zone=(2477.00-2477.00) touches=1 strength=1,SWING_HIGH price=2458.62 zone=(2458.62-2458.62) touches=1 strength=1,None,SWING_LOW price=2460.81 zone=(2460.81-2460.81) touches=1 strength=1,False,,False,,False,,False,,0,1,2.984155496183084,,2024-08-13 08:15:00+00:00,2460.81,STOP LOSS,-1.0,-1.0,1140.1567070546664,1128.7551399841198
BUY,2024-08-13 09:00:00+00:00,2462.72,2460.81,2462.8199999999997,2464.6299999999997,2466.5399999999995,2468.4499999999994,1,75,"['H4 bullish context', 'H1 bullish trend', 'H1 bullish structure', 'Distance filter OK']",SWING_HIGH price=2477.00 zone=(2477.00-2477.00) touches=1 strength=1,SWING_HIGH price=2458.62 zone=(2458.62-2458.62) touches=1 strength=1,None,SWING_LOW price=2460.81 zone=(2460.81-2460.81) touches=1 strength=1,True,2024-08-13 10:00:00+00:00,True,2024-08-13 10:00:00+00:00,False,,False,,0,5,2.9333618603172584,,2024-08-13 10:15:00+00:00,2462.8199999999997,BREAKEVEN,0.052356020942364745,0.052356020942364745,1128.7551399841198,1129.3461112615978
BUY,2024-08-13 10:30:00+00:00,2464.67,2458.49,2458.49,2470.8500000000004,2477.0300000000007,2483.210000000001,1,90,"['H4 bullish context', 'H1 bullish trend', 'M15 bullish timing', 'Distance filter OK']",SWING_HIGH price=2477.00 zone=(2477.00-2477.00) touches=1 strength=1,SWING_HIGH price=2458.62 zone=(2458.62-2458.62) touches=1 strength=1,None,SWING_LOW price=2460.81 zone=(2460.81-2460.81) touches=1 strength=1,False,,False,,False,,False,,0,6,3.7014134145292545,,2024-08-13 12:00:00+00:00,2459.78,EXIT SIGNAL,-0.7912621359222722,-0.7912621359222722,1129.3461112615978,1120.4100230996742
BUY,2024-08-14 09:45:00+00:00,2465.68,2455.32,2465.7799999999997,2476.0399999999995,2486.399999999999,2496.759999999999,1,90,"['H4 bullish context', 'H1 bullish trend', 'M15 bullish timing', 'Distance filter OK']",SWING_HIGH price=2472.53 zone=(2472.53-2472.53) touches=1 strength=1,SWING_HIGH price=2466.15 zone=(2466.15-2466.15) touches=1 strength=1,None,SWING_LOW price=2463.06 zone=(2463.06-2463.06) touches=1 strength=1,True,2024-08-14 11:30:00+00:00,True,2024-08-14 11:30:00+00:00,False,,False,,0,23,0.0,,2024-08-14 15:30:00+00:00,2465.7799999999997,BREAKEVEN,0.009652509652501178,0.009652509652501178,1120.4100230996742,1120.5181707853014
BUY,2024-08-15 10:15:00+00:00,2455.05,2450.33,2464.4900000000007,2459.7700000000004,2464.4900000000007,2469.210000000001,1,90,"['H4 bullish context', 'H1 bullish trend', 'M15 bullish timing', 'Distance filter OK']",SWING_HIGH price=2466.15 zone=(2466.15-2466.15) touches=1 strength=1,SWING_HIGH price=2454.23 zone=(2454.23-2454.23) touches=1 strength=1,SWING_LOW price=2458.49 zone=(2458.49-2458.49) touches=1 strength=1,SWING_LOW price=2455.32 zone=(2455.32-2455.32) touches=1 strength=1,True,2024-08-15 13:00:00+00:00,True,2024-08-15 13:00:00+00:00,True,2024-08-15 15:00:00+00:00,True,2024-08-15 15:15:00+00:00,2,21,0.0,,2024-08-15 15:30:00+00:00,2464.4900000000007,PROFIT LOCK TP2,2.0,2.0,1120.5181707853014,1142.9285342010076
BUY,2024-08-15 15:45:00+00:00,2453.59,2450.33,2450.33,2456.8500000000004,2460.1100000000006,2463.370000000001,1,75,"['H4 bullish context', 'H1 bullish trend', 'H1 bullish structure', 'Distance filter OK']",SWING_HIGH price=2445.06 zone=(2445.06-2445.06) touches=1 strength=1,SWING_HIGH price=2437.00 zone=(2437.00-2437.00) touches=1 strength=1,SWING_LOW price=2450.33 zone=(2450.33-2450.33) touches=1 strength=1,SWING_LOW price=2439.65 zone=(2439.65-2439.65) touches=1 strength=1,False,,False,,False,,False,,0,1,0.0,,2024-08-15 16:00:00+00:00,2450.33,STOP LOSS,-1.0,-1.0,1142.9285342010076,1131.4992488589974
BUY,2024-08-15 16:30:00+00:00,2450.97,2450.33,2450.33,2451.6099999999997,2452.2499999999995,2452.8899999999994,1,75,"['H4 bullish context', 'H1 bullish trend', 'H1 bullish structure', 'Distance filter OK']",SWING_HIGH price=2445.06 zone=(2445.06-2445.06) touches=1 strength=1,SWING_HIGH price=2437.00 zone=(2437.00-2437.00) touches=1 strength=1,SWING_LOW price=2450.33 zone=(2450.33-2450.33) touches=1 strength=1,SWING_LOW price=2439.65 zone=(2439.65-2439.65) touches=1 strength=1,False,,False,,False,,False,,0,1,0.029800000000000458,,2024-08-15 16:45:00+00:00,2450.33,STOP LOSS,-1.0,-1.0,1131.4992488589974,1120.1842563704074
BUY,2024-08-15 17:45:00+00:00,2454.34,2450.33,2454.44,2458.3500000000004,2462.3600000000006,2466.370000000001,1,75,"['H4 bullish context', 'H1 bullish trend', 'H1 bullish structure', 'Distance filter OK']",SWING_HIGH price=2454.23 zone=(2454.23-2454.23) touches=1 strength=1,SWING_HIGH price=2445.06 zone=(2445.06-2445.06) touches=1 strength=1,SWING_LOW price=2455.32 zone=(2455.32-2455.32) touches=1 strength=1,SWING_LOW price=2450.33 zone=(2450.33-2450.33) touches=1 strength=1,True,2024-08-15 18:45:00+00:00,True,2024-08-15 18:45:00+00:00,False,,False,,0,9,0.004869775561118305,,2024-08-15 20:00:00+00:00,2454.44,BREAKEVEN,0.02493765586032509,0.02493765586032509,1120.1842563704074,1120.4636040652626
BUY,2024-08-16 05:30:00+00:00,2454.81,2454.42,2455.5899999999997,2455.2,2455.5899999999997,2455.9799999999996,1,75,"['H4 bullish context', 'H1 bullish trend', 'H1 bullish structure', 'Distance filter OK']",SWING_HIGH price=2458.81 zone=(2458.81-2458.81) touches=1 strength=1,SWING_HIGH price=2454.23 zone=(2454.23-2454.23) touches=1 strength=1,SWING_LOW price=2455.32 zone=(2455.32-2455.32) touches=1 strength=1,SWING_LOW price=2454.42 zone=(2454.42-2454.42) touches=1 strength=1,True,2024-08-16 05:45:00+00:00,True,2024-08-16 05:45:00+00:00,True,2024-08-16 05:45:00+00:00,True,2024-08-16 05:45:00+00:00,2,1,0.0,,2024-08-16 05:45:00+00:00,2454.97,EXIT SIGNAL,0.4102564102561711,0.4102564102561711,1120.4636040652626,1125.0603778255277
BUY,2024-08-16 06:00:00+00:00,2454.97,2454.42,2454.42,2455.5199999999995,2456.0699999999993,2456.619999999999,1,75,"['H4 bullish context', 'H1 bullish trend', 'H1 bullish structure', 'Distance filter OK']",SWING_HIGH price=2458.81 zone=(2458.81-2458.81) touches=1 strength=1,SWING_HIGH price=2454.23 zone=(2454.23-2454.23) touches=1 strength=1,SWING_LOW price=2455.32 zone=(2455.32-2455.32) touches=1 strength=1,SWING_LOW price=2454.42 zone=(2454.42-2454.42) touches=1 strength=1,False,,False,,False,,False,,0,1,0.5938461538463923,,2024-08-16 06:15:00+00:00,2454.42,STOP LOSS,-1.0,-1.0,1125.0603778255277,1113.8097740472724
BUY,2024-08-16 08:45:00+00:00,2455.28,2450.78,2459.78,2459.78,2464.28,2468.78,1,90,"['H4 bullish context', 'H1 bullish trend', 'M15 bullish timing', 'Distance filter OK']",SWING_HIGH price=2458.81 zone=(2458.81-2458.81) touches=1 strength=1,SWING_HIGH price=2454.23 zone=(2454.23-2454.23) touches=1 strength=1,SWING_LOW price=2458.49 zone=(2458.49-2458.49) touches=1 strength=1,SWING_LOW price=2455.32 zone=(2455.32-2455.32) touches=1 strength=1,True,2024-08-16 10:45:00+00:00,True,2024-08-16 10:45:00+00:00,True,2024-08-16 10:45:00+00:00,False,,1,10,0.0,,2024-08-16 11:15:00+00:00,2459.78,PROFIT LOCK TP1,1.0,1.0,1113.8097740472724,1124.947871787745
BUY,2024-08-16 11:45:00+00:00,2461.91,2450.78,2484.169999999999,2473.0399999999995,2484.169999999999,2495.299999999999,1,90,"['H4 bullish context', 'H1 bullish trend', 'M15 bullish timing', 'Distance filter OK']",SWING_HIGH price=2466.15 zone=(2466.15-2466.15) touches=1 strength=1,SWING_HIGH price=2461.52 zone=(2461.52-2461.52) touches=1 strength=1,SWING_LOW price=2463.06 zone=(2463.06-2463.06) touches=1 strength=1,SWING_LOW price=2462.22 zone=(2462.22-2462.22) touches=1 strength=1,True,2024-08-16 15:00:00+00:00,True,2024-08-16 15:00:00+00:00,True,2024-08-16 15:45:00+00:00,True,2024-08-16 16:30:00+00:00,2,21,0.0,,2024-08-16 17:00:00+00:00,2484.169999999999,PROFIT LOCK TP2,2.0,2.0,1124.947871787745,1147.4468292235
BUY,2024-08-19 06:15:00+00:00,2502.72,2494.98,2494.98,2510.4599999999996,2518.1999999999994,2525.939999999999,1,75,"['H4 bullish context', 'H1 bullish trend', 'H1 bullish structure', 'Distance filter OK']",SWING_HIGH price=2509.70 zone=(2509.70-2509.70) touches=1 strength=1,SWING_HIGH price=2500.17 zone=(2500.17-2500.17) touches=1 strength=1,None,SWING_LOW price=2494.98 zone=(2494.98-2494.98) touches=1 strength=1,False,,False,,False,,False,,0,27,0.8023255813953164,,2024-08-19 13:00:00+00:00,2496.51,EXIT SIGNAL,-0.8023255813953174,-0.8023255813953174,1147.4468292235,1138.2405697797303
BUY,2024-08-19 17:15:00+00:00,2497.51,2494.98,2500.0400000000004,2500.0400000000004,2502.5700000000006,2505.100000000001,1,90,"['H4 bullish context', 'H1 bullish trend', 'M15 bullish timing', 'Distance filter OK']",SWING_HIGH price=2507.16 zone=(2507.16-2507.16) touches=1 strength=1,SWING_HIGH price=2500.17 zone=(2500.17-2500.17) touches=1 strength=1,None,SWING_LOW price=2494.98 zone=(2494.98-2494.98) touches=1 strength=1,True,2024-08-19 17:30:00+00:00,True,2024-08-19 17:30:00+00:00,True,2024-08-19 17:30:00+00:00,False,,1,3,0.0,,2024-08-19 18:00:00+00:00,2500.0400000000004,PROFIT LOCK TP1,1.0,1.0,1138.2405697797303,1149.6229754775277
BUY,2024-08-20 03:15:00+00:00,2504.09,2501.97,2504.19,2506.2100000000005,2508.330000000001,2510.450000000001,1,75,"['H4 bullish context', 'H1 bullish trend', 'H1 bullish structure', 'Distance filter OK']",SWING_HIGH price=2507.16 zone=(2507.16-2507.16) touches=1 strength=1,SWING_HIGH price=2500.17 zone=(2500.17-2500.17) touches=1 strength=1,None,SWING_LOW price=2501.97 zone=(2501.97-2501.97) touches=1 strength=1,True,2024-08-20 03:30:00+00:00,True,2024-08-20 03:30:00+00:00,False,,False,,0,3,0.0,,2024-08-20 04:00:00+00:00,2504.19,BREAKEVEN,0.04716981132070413,0.04716981132070413,1149.6229754775277,1150.16525046596
BUY,2024-08-20 04:15:00+00:00,2502.84,2501.97,2504.580000000001,2503.7100000000005,2504.580000000001,2505.450000000001,1,75,"['H4 bullish context', 'H1 bullish trend', 'H1 bullish structure', 'Distance filter OK']",SWING_HIGH price=2507.16 zone=(2507.16-2507.16) touches=1 strength=1,SWING_HIGH price=2500.17 zone=(2500.17-2500.17) touches=1 strength=1,SWING_LOW price=2501.97 zone=(2501.97-2501.97) touches=1 strength=1,SWING_LOW price=2494.98 zone=(2494.98-2494.98) touches=1 strength=1,True,2024-08-20 04:30:00+00:00,True,2024-08-20 04:30:00+00:00,True,2024-08-20 04:30:00+00:00,True,2024-08-20 04:30:00+00:00,2,2,0.0,,2024-08-20 04:45:00+00:00,2504.580000000001,PROFIT LOCK TP2,2.0,2.0,1150.16525046596,1173.1685554752794
BUY,2024-08-20 08:15:00+00:00,2503.5,2498.76,2498.76,2508.24,2512.9799999999996,2517.7199999999993,1,90,"['H4 bullish context', 'H1 bullish trend', 'M15 bullish timing', 'Distance filter OK']",SWING_HIGH price=2500.17 zone=(2500.17-2500.17) touches=1 strength=1,SWING_HIGH price=2479.96 zone=(2479.96-2479.96) touches=1 strength=1,SWING_LOW price=2501.97 zone=(2501.97-2501.97) touches=1 strength=1,SWING_LOW price=2498.76 zone=(2498.76-2498.76) touches=1 strength=1,False,,False,,False,,False,,0,3,0.0,,2024-08-20 09:00:00+00:00,2498.76,STOP LOSS,-1.0,-1.0,1173.1685554752794,1161.4368699205265
BUY,2024-08-20 09:45:00+00:00,2503.65,2498.76,2513.43,2508.54,2513.43,2518.3199999999997,1,90,"['H4 bullish context', 'H1 bullish trend', 'M15 bullish timing', 'Distance filter OK']",SWING_HIGH price=2507.16 zone=(2507.16-2507.16) touches=1 strength=1,SWING_HIGH price=2500.17 zone=(2500.17-2500.17) touches=1 strength=1,None,SWING_LOW price=2501.97 zone=(2501.97-2501.97) touches=1 strength=1,True,2024-08-20 10:30:00+00:00,True,2024-08-20 10:30:00+00:00,True,2024-08-20 10:45:00+00:00,True,2024-08-20 11:00:00+00:00,2,33,0.0,,2024-08-20 18:00:00+00:00,2513.43,PROFIT LOCK TP2,2.0,2.0,1161.4368699205265,1184.6656073189372
BUY,2024-08-20 21:15:00+00:00,2512.99,2500.88,2500.88,2525.0999999999995,2537.209999999999,2549.319999999999,1,75,"['H4 bullish context', 'H1 bullish trend', 'H1 bullish structure', 'Distance filter OK']",SWING_HIGH price=2531.69 zone=(2531.69-2531.69) touches=1 strength=1,SWING_HIGH price=2509.70 zone=(2509.70-2509.70) touches=1 strength=1,None,SWING_LOW price=2501.97 zone=(2501.97-2501.97) touches=1 strength=1,False,,False,,False,,False,,0,23,0.06435484270189891,,2024-08-21 04:00:00+00:00,2513.24,EXIT SIGNAL,0.020644095788605016,0.020644095788605016,1184.6656073189372,1184.910170821687
BUY,2024-08-21 06:15:00+00:00,2515.36,2510.85,2510.85,2519.8700000000003,2524.3800000000006,2528.890000000001,1,90,"['H4 bullish context', 'H1 bullish trend', 'M15 bullish timing', 'Distance filter OK']",SWING_HIGH price=2531.69 zone=(2531.69-2531.69) touches=1 strength=1,SWING_HIGH price=2516.89 zone=(2516.89-2516.89) touches=1 strength=1,None,SWING_LOW price=2510.85 zone=(2510.85-2510.85) touches=1 strength=1,False,,False,,False,,False,,0,6,0.0,,2024-08-21 07:45:00+00:00,2516.19,EXIT SIGNAL,0.1840354767183785,0.1840354767183785,1184.910170821687,1187.090825903243
BUY,2024-08-21 09:15:00+00:00,2513.89,2510.85,2513.99,2516.93,2519.97,2523.0099999999998,1,75,"['H4 bullish context', 'H1 bullish trend', 'H1 bullish structure', 'Distance filter OK']",SWING_HIGH price=2516.89 zone=(2516.89-2516.89) touches=1 strength=1,SWING_HIGH price=2509.70 zone=(2509.70-2509.70) touches=1 strength=1,None,SWING_LOW price=2510.85 zone=(2510.85-2510.85) touches=1 strength=1,True,2024-08-21 09:30:00+00:00,True,2024-08-21 09:30:00+00:00,False,,False,,0,2,0.0,,2024-08-21 09:45:00+00:00,2513.99,BREAKEVEN,0.032894736842075736,0.032894736842075736,1187.090825903243,1187.4813163065003
BUY,2024-08-21 10:30:00+00:00,2513.68,2510.85,2510.85,2516.5099999999998,2519.3399999999997,2522.1699999999996,1,75,"['H4 bullish context', 'H1 bullish trend', 'H1 bullish structure', 'Distance filter OK']",SWING_HIGH price=2516.89 zone=(2516.89-2516.89) touches=1 strength=1,SWING_HIGH price=2509.70 zone=(2509.70-2509.70) touches=1 strength=1,SWING_LOW price=2510.85 zone=(2510.85-2510.85) touches=1 strength=1,SWING_LOW price=2501.97 zone=(2501.97-2501.97) touches=1 strength=1,False,,False,,False,,False,,0,1,0.8490286978604131,,2024-08-21 10:45:00+00:00,2510.85,STOP LOSS,-1.0,-1.0,1187.4813163065003,1175.6065031434352
BUY,2024-08-22 09:30:00+00:00,2510.45,2499.27,2499.27,2521.6299999999997,2532.8099999999995,2543.9899999999993,1,90,"['H4 bullish context', 'H1 bullish trend', 'M15 bullish timing', 'Distance filter OK']",SWING_HIGH price=2508.26 zone=(2508.26-2508.26) touches=1 strength=1,SWING_HIGH price=2507.47 zone=(2507.47-2507.47) touches=1 strength=1,SWING_LOW price=2510.85 zone=(2510.85-2510.85) touches=1 strength=1,SWING_LOW price=2504.51 zone=(2504.51-2504.51) touches=1 strength=1,False,,False,,False,,False,,0,10,0.7880143112701384,,2024-08-22 12:00:00+00:00,2501.64,EXIT SIGNAL,-0.7880143112701319,-0.7880143112701319,1175.6065031434352,1166.3425556544425
BUY,2024-08-22 13:30:00+00:00,2507.8,2499.27,2499.27,2516.3300000000004,2524.8600000000006,2533.390000000001,1,90,"['H4 bullish context', 'H1 bullish trend', 'M15 bullish timing', 'Distance filter OK']",SWING_HIGH price=2507.16 zone=(2507.16-2507.16) touches=1 strength=1,SWING_HIGH price=2500.17 zone=(2500.17-2500.17) touches=1 strength=1,SWING_LOW price=2510.85 zone=(2510.85-2510.85) touches=1 strength=1,SWING_LOW price=2504.51 zone=(2504.51-2504.51) touches=1 strength=1,False,,False,,False,,False,,0,4,1.7801341681574285,,2024-08-22 14:30:00+00:00,2499.27,STOP LOSS,-1.0,-1.0,1166.3425556544425,1154.6791300978982
BUY,2024-08-23 03:45:00+00:00,2489.43,2478.35,2500.5099999999998,2500.5099999999998,2511.5899999999997,2522.6699999999996,1,90,"['H4 bullish context', 'H1 bullish trend', 'M15 bullish timing', 'Distance filter OK']",SWING_HIGH price=2500.17 zone=(2500.17-2500.17) touches=1 strength=1,SWING_HIGH price=2470.03 zone=(2470.03-2470.03) touches=1 strength=1,SWING_LOW price=2493.33 zone=(2493.33-2493.33) touches=1 strength=1,SWING_LOW price=2485.68 zone=(2485.68-2485.68) touches=1 strength=1,True,2024-08-23 12:15:00+00:00,True,2024-08-23 12:15:00+00:00,True,2024-08-23 17:00:00+00:00,False,,1,105,0.33723835335867813,,2024-08-26 07:00:00+00:00,2510.34,EXIT SIGNAL,1.887184115523506,1.887184115523506,1154.6791300978982,1176.4700512263707
BUY,2024-08-26 09:30:00+00:00,2513.71,2507.88,2519.54,2519.54,2525.37,2531.2,1,90,"['H4 bullish context', 'H1 bullish trend', 'M15 bullish timing', 'Distance filter OK']",SWING_HIGH price=2516.89 zone=(2516.89-2516.89) touches=1 strength=1,SWING_HIGH price=2514.68 zone=(2514.68-2514.68) touches=1 strength=1,None,SWING_LOW price=2510.85 zone=(2510.85-2510.85) touches=1 strength=1,True,2024-08-26 10:30:00+00:00,True,2024-08-26 10:30:00+00:00,True,2024-08-26 11:30:00+00:00,False,,1,29,0.0,,2024-08-26 16:45:00+00:00,2519.54,PROFIT LOCK TP1,1.0,1.0,1176.4700512263707,1188.2347517386345
BUY,2024-08-26 17:15:00+00:00,2514.88,2508.7,2508.7,2521.0600000000004,2527.2400000000007,2533.420000000001,1,75,"['H4 bullish context', 'H1 bullish trend', 'H1 bullish structure', 'Distance filter OK']",SWING_HIGH price=2518.25 zone=(2518.25-2518.25) touches=1 strength=1,SWING_HIGH price=2516.90 zone=(2516.90-2516.90) touches=1 strength=1,None,SWING_LOW price=2510.85 zone=(2510.85-2510.85) touches=1 strength=1,False,,False,,False,,False,,0,3,0.0,,2024-08-26 18:00:00+00:00,2514.03,EXIT SIGNAL,-0.13754045307441246,-0.13754045307441246,1188.2347517386345,1186.6004482775056
BUY,2024-08-26 18:15:00+00:00,2514.03,2508.7,2508.7,2519.3600000000006,2524.690000000001,2530.0200000000013,1,75,"['H4 bullish context', 'H1 bullish trend', 'H1 bullish structure', 'Distance filter OK']",SWING_HIGH price=2516.89 zone=(2516.89-2516.89) touches=1 strength=1,SWING_HIGH price=2514.68 zone=(2514.68-2514.68) touches=1 strength=1,None,SWING_LOW price=2510.85 zone=(2510.85-2510.85) touches=1 strength=1,False,,False,,False,,False,,0,3,0.0,,2024-08-26 19:00:00+00:00,2514.37,EXIT SIGNAL,0.06378986866785485,0.06378986866785485,1186.6004482775056,1187.3573791450742
BUY,2024-08-26 19:15:00+00:00,2514.37,2510.65,2514.47,2518.0899999999997,2521.8099999999995,2525.5299999999993,1,75,"['H4 bullish context', 'H1 bullish trend', 'H1 bullish structure', 'Distance filter OK']",SWING_HIGH price=2526.75 zone=(2526.75-2526.75) touches=1 strength=1,SWING_HIGH price=2519.92 zone=(2519.92-2519.92) touches=1 strength=1,None,SWING_LOW price=2510.85 zone=(2510.85-2510.85) touches=1 strength=1,True,2024-08-26 19:45:00+00:00,True,2024-08-26 19:45:00+00:00,False,,False,,0,2,0.0,,2024-08-26 19:45:00+00:00,2520.23,EXIT SIGNAL,1.57526881720442,1.57526881720442,1187.3573791450742,1206.0614496875223
BUY,2024-08-26 20:00:00+00:00,2520.23,2510.65,2510.65,2529.81,2539.39,2548.97,1,75,"['H4 bullish context', 'H1 bullish trend', 'H1 bullish structure', 'Distance filter OK']",SWING_HIGH price=2526.75 zone=(2526.75-2526.75) touches=1 strength=1,SWING_HIGH price=2519.92 zone=(2519.92-2519.92) touches=1 strength=1,None,SWING_LOW price=2510.85 zone=(2510.85-2510.85) touches=1 strength=1,False,,False,,False,,False,,0,18,0.01780067433142693,,2024-08-27 01:30:00+00:00,2517.08,EXIT SIGNAL,-0.3288100208768387,-0.3288100208768387,1206.0614496875223,1202.0957987830172
BUY,2024-08-27 09:30:00+00:00,2517.08,2510.65,2510.65,2523.5099999999998,2529.9399999999996,2536.3699999999994,1,90,"['H4 bullish context', 'H1 bullish trend', 'M15 bullish timing', 'Distance filter OK']",SWING_HIGH price=2516.89 zone=(2516.89-2516.89) touches=1 strength=1,SWING_HIGH price=2514.68 zone=(2514.68-2514.68) touches=1 strength=1,None,SWING_LOW price=2510.85 zone=(2510.85-2510.85) touches=1 strength=1,False,,False,,False,,False,,0,3,1.017622667588108,,2024-08-27 10:15:00+00:00,2510.65,STOP LOSS,-1.0,-1.0,1202.0957987830172,1190.0748407951871
BUY,2024-08-27 12:15:00+00:00,2512.95,2510.65,2510.65,2515.2499999999995,2517.5499999999993,2519.849999999999,1,90,"['H4 bullish context', 'H1 bullish trend', 'M15 bullish timing', 'Distance filter OK']",SWING_HIGH price=2509.14 zone=(2509.14-2509.14) touches=1 strength=1,SWING_HIGH price=2508.26 zone=(2508.26-2508.26) touches=1 strength=1,SWING_LOW price=2510.65 zone=(2510.65-2510.65) touches=1 strength=1,SWING_LOW price=2508.70 zone=(2508.70-2508.70) touches=1 strength=1,False,,False,,False,,False,,0,1,2.007446440912223,,2024-08-27 12:30:00+00:00,2510.65,STOP LOSS,-1.0,-1.0,1190.0748407951871,1178.1740923872353
BUY,2024-08-27 15:15:00+00:00,2512.99,2503.51,2503.51,2522.4699999999993,2531.949999999999,2541.4299999999985,1,90,"['H4 bullish context', 'H1 bullish trend', 'M15 bullish timing', 'Distance filter OK']",SWING_HIGH price=2510.61 zone=(2510.61-2510.61) touches=1 strength=1,SWING_HIGH price=2509.14 zone=(2509.14-2509.14) touches=1 strength=1,SWING_LOW price=2510.65 zone=(2510.65-2510.65) touches=1 strength=1,SWING_LOW price=2508.70 zone=(2508.70-2508.70) touches=1 strength=1,False,,False,,False,,False,,0,4,2.9873719765031,,2024-08-27 16:15:00+00:00,2503.51,STOP LOSS,-1.0,-1.0,1178.1740923872353,1166.392351463363
BUY,2024-08-27 18:15:00+00:00,2516.04,2503.51,2516.14,2528.5699999999997,2541.0999999999995,2553.629999999999,1,90,"['H4 bullish context', 'H1 bullish trend', 'M15 bullish timing', 'Distance filter OK']",SWING_HIGH price=2513.70 zone=(2513.70-2513.70) touches=1 strength=1,SWING_HIGH price=2510.61 zone=(2510.61-2510.61) touches=1 strength=1,None,SWING_LOW price=2510.85 zone=(2510.85-2510.85) touches=1 strength=1,True,2024-08-28 02:00:00+00:00,True,2024-08-28 02:00:00+00:00,False,,False,,0,37,0.45315904139432367,,2024-08-28 04:30:00+00:00,2519.57,EXIT SIGNAL,0.28172386272947103,0.28172386272947103,1166.392351463363,1169.6783570504865
BUY,2024-08-28 16:30:00+00:00,2510.12,2503.3,2503.3,2516.9399999999996,2523.7599999999993,2530.579999999999,1,90,"['H4 bullish context', 'H1 bullish trend', 'M15 bullish timing', 'Distance filter OK']",SWING_HIGH price=2509.14 zone=(2509.14-2509.14) touches=1 strength=1,SWING_HIGH price=2495.64 zone=(2495.64-2495.64) touches=1 strength=1,SWING_LOW price=2507.88 zone=(2507.88-2507.88) touches=1 strength=1,SWING_LOW price=2504.51 zone=(2504.51-2504.51) touches=1 strength=1,False,,False,,False,,False,,0,1,1.4486274509803898,,2024-08-28 16:45:00+00:00,2503.3,STOP LOSS,-1.0,-1.0,1169.6783570504865,1157.9815734799815
BUY,2024-08-29 03:15:00+00:00,2510.2,2502.52,2510.2999999999997,2517.8799999999997,2525.5599999999995,2533.2399999999993,1,90,"['H4 bullish context', 'H1 bullish trend', 'M15 bullish timing', 'Distance filter OK']",SWING_HIGH price=2513.70 zone=(2513.70-2513.70) touches=1 strength=1,SWING_HIGH price=2511.41 zone=(2511.41-2511.41) touches=1 strength=1,None,SWING_LOW price=2510.85 zone=(2510.85-2510.85) touches=1 strength=1,True,2024-08-29 07:00:00+00:00,True,2024-08-29 07:00:00+00:00,False,,False,,0,48,0.0,,2024-08-29 15:15:00+00:00,2514.84,EXIT SIGNAL,0.6041666666667221,0.6041666666667221,1157.9815734799815,1164.9777121530904
BUY,2024-08-30 13:30:00+00:00,2519.61,2511.98,2511.98,2527.2400000000002,2534.8700000000003,2542.5000000000005,1,75,"['H4 bullish context', 'H1 bullish trend', 'H1 bullish structure', 'Distance filter OK']",SWING_HIGH price=2516.90 zone=(2516.90-2516.90) touches=1 strength=1,SWING_HIGH price=2515.07 zone=(2515.07-2515.07) touches=1 strength=1,None,SWING_LOW price=2515.11 zone=(2515.11-2515.11) touches=1 strength=1,False,,False,,False,,False,,0,9,0.0,,2024-08-30 15:45:00+00:00,2519.69,EXIT SIGNAL,0.01048492791611089,0.01048492791611089,1164.9777121530904,1165.0998592264484
BUY,2024-09-02 09:30:00+00:00,2500.56,2489.85,2489.85,2511.27,2521.98,2532.69,1,90,"['H4 bullish context', 'H1 bullish trend', 'M15 bullish timing', 'Distance filter OK']",SWING_HIGH price=2504.82 zone=(2504.82-2504.82) touches=1 strength=1,SWING_HIGH price=2495.64 zone=(2495.64-2495.64) touches=1 strength=1,SWING_LOW price=2502.52 zone=(2502.52-2502.52) touches=1 strength=1,SWING_LOW price=2496.42 zone=(2496.42-2496.42) touches=1 strength=1,False,,False,,False,,False,,0,16,0.00746965452846974,,2024-09-02 13:30:00+00:00,2500.48,EXIT SIGNAL,-0.007469654528471239,-0.007469654528471239,1165.0998592264484,1165.0128302920525
BUY,2024-09-02 16:15:00+00:00,2499.53,2496.91,2496.91,2502.1500000000005,2504.770000000001,2507.3900000000012,1,75,"['H4 bullish context', 'H1 bullish trend', 'H1 bullish structure', 'Distance filter OK']",SWING_HIGH price=2504.82 zone=(2504.82-2504.82) touches=1 strength=1,SWING_HIGH price=2495.64 zone=(2495.64-2495.64) touches=1 strength=1,SWING_LOW price=2502.52 zone=(2502.52-2502.52) touches=1 strength=1,SWING_LOW price=2496.91 zone=(2496.91-2496.91) touches=1 strength=1,False,,False,,False,,False,,0,3,0.4654507095459368,,2024-09-02 17:00:00+00:00,2498.33,EXIT SIGNAL,-0.45801526717561625,-0.45801526717561625,1165.0128302920525,1159.6768936647602
BUY,2024-09-05 20:15:00+00:00,2510.56,2503.95,2510.66,2517.17,2523.78,2530.3900000000003,1,75,"['H4 bullish context', 'H1 bullish trend', 'H1 bullish structure', 'Distance filter OK']",SWING_HIGH price=2521.16 zone=(2521.16-2521.16) touches=1 strength=1,SWING_HIGH price=2515.07 zone=(2515.07-2515.07) touches=1 strength=1,None,SWING_LOW price=2511.98 zone=(2511.98-2511.98) touches=1 strength=1,True,2024-09-06 02:00:00+00:00,True,2024-09-06 02:00:00+00:00,False,,False,,0,31,0.16202349340654398,,2024-09-06 05:00:00+00:00,2515.05,EXIT SIGNAL,0.6792738275340621,0.6792738275340621,1159.6768936647602,1167.5542752873848
BUY,2024-09-06 07:15:00+00:00,2518.7,2513.08,2513.08,2524.3199999999997,2529.9399999999996,2535.5599999999995,1,90,"['H4 bullish context', 'H1 bullish trend', 'M15 bullish timing', 'Distance filter OK']",SWING_HIGH price=2521.16 zone=(2521.16-2521.16) touches=1 strength=1,SWING_HIGH price=2518.00 zone=(2518.00-2518.00) touches=1 strength=1,None,SWING_LOW price=2515.11 zone=(2515.11-2515.11) touches=1 strength=1,False,,False,,False,,False,,0,15,0.2721650333248452,,2024-09-06 11:00:00+00:00,2518.08,EXIT SIGNAL,-0.11032028469749162,-0.11032028469749162,1167.5542752873848,1166.26622608689
BUY,2024-09-06 11:15:00+00:00,2518.08,2513.08,2513.08,2523.08,2528.08,2533.08,1,75,"['H4 bullish context', 'H1 bullish trend', 'H1 bullish structure', 'Distance filter OK']",SWING_HIGH price=2518.00 zone=(2518.00-2518.00) touches=1 strength=1,SWING_HIGH price=2515.07 zone=(2515.07-2515.07) touches=1 strength=1,None,SWING_LOW price=2515.11 zone=(2515.11-2515.11) touches=1 strength=1,False,,False,,False,,False,,0,14,0.6471416927995607,,2024-09-06 14:45:00+00:00,2516.2,EXIT SIGNAL,-0.3760000000000218,-0.3760000000000218,1166.26622608689,1161.881065076803
BUY,2024-09-06 15:30:00+00:00,2515.66,2515.48,2516.0199999999995,2515.8399999999997,2516.0199999999995,2516.1999999999994,1,75,"['H4 bullish context', 'H1 bullish trend', 'H1 bullish structure', 'Distance filter OK']",SWING_HIGH price=2523.50 zone=(2523.50-2523.50) touches=1 strength=1,SWING_HIGH price=2521.84 zone=(2521.84-2521.84) touches=1 strength=1,None,SWING_LOW price=2515.48 zone=(2515.48-2515.48) touches=1 strength=1,True,2024-09-06 15:45:00+00:00,True,2024-09-06 15:45:00+00:00,True,2024-09-06 15:45:00+00:00,True,2024-09-06 15:45:00+00:00,2,2,0.0,,2024-09-06 16:00:00+00:00,2516.0199999999995,PROFIT LOCK TP2,2.0,2.0,1161.881065076803,1185.1186863783391
SELL,2024-09-09 17:45:00+00:00,2494.14,2500.24,2500.24,2488.04,2481.94,2475.84,1,80,"['H1 bearish trend', 'H1 bearish structure', 'M15 bearish timing', 'Distance filter OK']",SWING_HIGH price=2499.28 zone=(2499.28-2499.28) touches=1 strength=1,SWING_HIGH price=2496.75 zone=(2496.75-2496.75) touches=1 strength=1,SWING_LOW price=2496.91 zone=(2496.91-2496.91) touches=1 strength=1,SWING_LOW price=2494.58 zone=(2494.58-2494.58) touches=1 strength=1,False,,False,,False,,False,,0,5,0.9999999999999981,,2024-09-09 19:00:00+00:00,2500.24,STOP LOSS,-1.0,-1.0,1185.1186863783391,1173.2674995145558
BUY,2024-09-10 07:45:00+00:00,2502.08,2493.21,2493.21,2510.95,2519.8199999999997,2528.6899999999996,1,75,"['H4 bullish context', 'H1 bullish trend', 'H1 bullish structure', 'Distance filter OK']",SWING_HIGH price=2502.05 zone=(2502.05-2502.05) touches=1 strength=1,SWING_HIGH price=2500.28 zone=(2500.28-2500.28) touches=1 strength=1,SWING_LOW price=2503.95 zone=(2503.95-2503.95) touches=1 strength=1,SWING_LOW price=2497.55 zone=(2497.55-2497.55) touches=1 strength=1,False,,False,,False,,False,,0,14,0.03043968432919482,,2024-09-10 11:15:00+00:00,2501.81,EXIT SIGNAL,-0.030439684329197872,-0.030439684329197872,1173.2674995145558,1172.9103605913665
BUY,2024-09-10 12:15:00+00:00,2501.14,2500.76,2501.899999999999,2501.5199999999995,2501.899999999999,2502.279999999999,1,75,"['H4 bullish context', 'H1 bullish trend', 'H1 bullish structure', 'Distance filter OK']",SWING_HIGH price=2506.23 zone=(2506.23-2506.23) touches=1 strength=1,SWING_HIGH price=2505.19 zone=(2505.19-2505.19) touches=1 strength=1,SWING_LOW price=2513.08 zone=(2513.08-2513.08) touches=1 strength=1,SWING_LOW price=2503.95 zone=(2503.95-2503.95) touches=1 strength=1,True,2024-09-10 12:30:00+00:00,True,2024-09-10 12:30:00+00:00,True,2024-09-10 12:30:00+00:00,True,2024-09-10 12:30:00+00:00,2,1,0.0,,2024-09-10 12:30:00+00:00,2503.29,EXIT SIGNAL,5.65789473684749,5.65789473684749,1172.9103605913665,1239.2723941512043
BUY,2024-09-10 12:45:00+00:00,2503.29,2500.76,2505.8199999999997,2505.8199999999997,2508.3499999999995,2510.879999999999,1,75,"['H4 bullish context', 'H1 bullish trend', 'H1 bullish structure', 'Distance filter OK']",SWING_HIGH price=2506.23 zone=(2506.23-2506.23) touches=1 strength=1,SWING_HIGH price=2505.19 zone=(2505.19-2505.19) touches=1 strength=1,SWING_LOW price=2513.08 zone=(2513.08-2513.08) touches=1 strength=1,SWING_LOW price=2503.95 zone=(2503.95-2503.95) touches=1 strength=1,True,2024-09-10 13:00:00+00:00,True,2024-09-10 13:00:00+00:00,True,2024-09-10 13:15:00+00:00,False,,1,3,0.0,,2024-09-10 13:30:00+00:00,2505.8199999999997,PROFIT LOCK TP1,1.0,1.0,1239.2723941512043,1251.6651180927163
BUY,2024-09-10 14:15:00+00:00,2506.39,2500.13,2506.49,2512.6499999999996,2518.9099999999994,2525.169999999999,1,90,"['H4 bullish context', 'H1 bullish trend', 'M15 bullish timing', 'Distance filter OK']",SWING_HIGH price=2504.82 zone=(2504.82-2504.82) touches=1 strength=1,SWING_HIGH price=2502.96 zone=(2502.96-2502.96) touches=1 strength=1,SWING_LOW price=2513.08 zone=(2513.08-2513.08) touches=1 strength=1,SWING_LOW price=2503.95 zone=(2503.95-2503.95) touches=1 strength=1,True,2024-09-10 15:45:00+00:00,True,2024-09-10 15:45:00+00:00,False,,False,,0,10,0.0,,2024-09-10 16:45:00+00:00,2506.49,BREAKEVEN,0.015974440894554767,0.015974440894554767,1251.6651180927163,1251.8650645972039
BUY,2024-09-11 06:15:00+00:00,2518.74,2515.0,2522.4799999999996,2522.4799999999996,2526.2199999999993,2529.959999999999,1,75,"['H4 bullish context', 'H1 bullish trend', 'H1 bullish structure', 'Distance filter OK']",SWING_HIGH price=2521.84 zone=(2521.84-2521.84) touches=1 strength=1,SWING_HIGH price=2518.42 zone=(2518.42-2518.42) touches=1 strength=1,None,SWING_LOW price=2515.48 zone=(2515.48-2515.48) touches=1 strength=1,True,2024-09-11 08:15:00+00:00,True,2024-09-11 08:15:00+00:00,True,2024-09-11 09:30:00+00:00,False,,1,18,0.0,,2024-09-11 10:45:00+00:00,2522.4799999999996,PROFIT LOCK TP1,1.0,1.0,1251.8650645972039,1264.3837152431759
BUY,2024-09-11 11:15:00+00:00,2523.19,2515.0,2515.0,2531.38,2539.57,2547.76,1,75,"['H4 bullish context', 'H1 bullish trend', 'H1 bullish structure', 'Distance filter OK']",SWING_HIGH price=2528.95 zone=(2528.95-2528.95) touches=1 strength=1,SWING_HIGH price=2523.50 zone=(2523.50-2523.50) touches=1 strength=1,None,SWING_LOW price=2515.48 zone=(2515.48-2515.48) touches=1 strength=1,False,,False,,False,,False,,0,16,0.0,,2024-09-11 15:15:00+00:00,2518.81,EXIT SIGNAL,-0.5347985347985446,-0.5347985347985446,1264.3837152431759,1257.621809659824
BUY,2024-09-11 15:30:00+00:00,2518.81,2515.0,2515.0,2522.62,2526.43,2530.24,1,75,"['H4 bullish context', 'H1 bullish trend', 'H1 bullish structure', 'Distance filter OK']",SWING_HIGH price=2517.46 zone=(2517.46-2517.46) touches=1 strength=1,SWING_HIGH price=2507.73 zone=(2507.73-2507.73) touches=1 strength=1,SWING_LOW price=2513.08 zone=(2513.08-2513.08) touches=1 strength=1,SWING_LOW price=2503.95 zone=(2503.95-2503.95) touches=1 strength=1,False,,False,,False,,False,,0,1,0.5447450549450606,,2024-09-11 15:45:00+00:00,2515.0,STOP LOSS,-1.0,-1.0,1257.621809659824,1245.0455915632258
BUY,2024-09-12 04:15:00+00:00,2513.9,2509.78,2518.02,2518.02,2522.14,2526.2599999999998,1,90,"['H4 bullish context', 'H1 bullish trend', 'M15 bullish timing', 'Distance filter OK']",SWING_HIGH price=2513.89 zone=(2513.89-2513.89) touches=1 strength=1,SWING_HIGH price=2507.73 zone=(2507.73-2507.73) touches=1 strength=1,SWING_LOW price=2515.00 zone=(2515.00-2515.00) touches=1 strength=1,SWING_LOW price=2513.08 zone=(2513.08-2513.08) touches=1 strength=1,True,2024-09-12 08:00:00+00:00,True,2024-09-12 08:00:00+00:00,True,2024-09-12 09:00:00+00:00,False,,1,21,0.0,,2024-09-12 09:30:00+00:00,2518.02,PROFIT LOCK TP1,1.0,1.0,1245.0455915632258,1257.4960474788581
BUY,2024-09-12 09:45:00+00:00,2518.58,2511.02,2511.02,2526.14,2533.7,2541.2599999999998,1,90,"['H4 bullish context', 'H1 bullish trend', 'M15 bullish timing', 'Distance filter OK']",SWING_HIGH price=2517.46 zone=(2517.46-2517.46) touches=1 strength=1,SWING_HIGH price=2513.89 zone=(2513.89-2513.89) touches=1 strength=1,None,SWING_LOW price=2515.48 zone=(2515.48-2515.48) touches=1 strength=1,False,,False,,False,,False,,0,17,0.0,,2024-09-12 14:00:00+00:00,2515.6,EXIT SIGNAL,-0.3941798941798994,-0.3941798941798994,1257.4960474788581,1252.5392508895895
BUY,2024-09-12 14:15:00+00:00,2515.6,2514.45,2517.9,2516.75,2517.9,2519.05,1,75,"['H4 bullish context', 'H1 bullish trend', 'H1 bullish structure', 'Distance filter OK']",SWING_HIGH price=2520.03 zone=(2520.03-2520.03) touches=1 strength=1,SWING_HIGH price=2518.42 zone=(2518.42-2518.42) touches=1 strength=1,None,SWING_LOW price=2515.48 zone=(2515.48-2515.48) touches=1 strength=1,True,2024-09-12 14:30:00+00:00,True,2024-09-12 14:30:00+00:00,True,2024-09-12 14:30:00+00:00,True,2024-09-12 14:30:00+00:00,2,1,0.0,,2024-09-12 14:30:00+00:00,2519.03,EXIT SIGNAL,2.982608695652191,2.982608695652191,1252.5392508895895,1289.8975955030792
BUY,2024-09-13 06:15:00+00:00,2566.17,2556.72,2575.6200000000003,2575.6200000000003,2585.0700000000006,2594.520000000001,1,85,"['H4 bullish context', 'H1 bullish trend', 'H1 bullish structure', 'M15 bullish timing']",None,SWING_HIGH price=2560.08 zone=(2560.08-2560.08) touches=1 strength=1,None,SWING_LOW price=2556.72 zone=(2556.72-2556.72) touches=1 strength=1,True,2024-09-13 15:45:00+00:00,True,2024-09-13 15:45:00+00:00,True,2024-09-13 19:00:00+00:00,False,,1,108,0.0,,2024-09-16 10:15:00+00:00,2581.0,EXIT SIGNAL,1.5693121693121164,1.5693121693121164,1289.8975955030792,1310.1401154409732
BUY,2024-09-16 10:30:00+00:00,2581.0,2577.63,2584.37,2584.37,2587.74,2591.1099999999997,1,75,"['H4 bullish context', 'H1 bullish trend', 'H1 bullish structure', 'Distance filter OK']",SWING_HIGH price=2583.42 zone=(2583.42-2583.42) touches=1 strength=1,SWING_HIGH price=2573.00 zone=(2573.00-2573.00) touches=1 strength=1,None,SWING_LOW price=2577.63 zone=(2577.63-2577.63) touches=1 strength=1,True,2024-09-16 11:15:00+00:00,True,2024-09-16 11:15:00+00:00,True,2024-09-16 11:30:00+00:00,False,,1,9,0.0,,2024-09-16 12:45:00+00:00,2584.37,PROFIT LOCK TP1,1.0,1.0,1310.1401154409732,1323.241516595383
BUY,2024-09-16 13:15:00+00:00,2584.51,2579.54,2579.54,2589.4800000000005,2594.4500000000007,2599.420000000001,1,75,"['H4 bullish context', 'H1 bullish trend', 'H1 bullish structure', 'Distance filter OK']",SWING_HIGH price=2583.42 zone=(2583.42-2583.42) touches=1 strength=1,SWING_HIGH price=2573.00 zone=(2573.00-2573.00) touches=1 strength=1,None,SWING_LOW price=2579.54 zone=(2579.54-2579.54) touches=1 strength=1,False,,False,,False,,False,,0,1,0.0,,2024-09-16 13:30:00+00:00,2579.54,STOP LOSS,-1.0,-1.0,1323.241516595383,1310.0091014294292
BUY,2024-09-16 14:00:00+00:00,2579.76,2579.54,2580.2000000000007,2579.9800000000005,2580.2000000000007,2580.420000000001,1,75,"['H4 bullish context', 'H1 bullish trend', 'H1 bullish structure', 'Distance filter OK']",SWING_HIGH price=2583.42 zone=(2583.42-2583.42) touches=1 strength=1,SWING_HIGH price=2573.00 zone=(2573.00-2573.00) touches=1 strength=1,None,SWING_LOW price=2579.54 zone=(2579.54-2579.54) touches=1 strength=1,True,2024-09-16 14:15:00+00:00,True,2024-09-16 14:15:00+00:00,True,2024-09-16 14:15:00+00:00,True,2024-09-16 14:15:00+00:00,2,1,0.0,,2024-09-16 14:15:00+00:00,2582.04,EXIT SIGNAL,10.36363636362321,10.36363636362321,1310.0091014294292,1445.7736810319432
BUY,2024-09-16 14:45:00+00:00,2580.42,2579.54,2582.1800000000003,2581.3,2582.1800000000003,2583.0600000000004,1,75,"['H4 bullish context', 'H1 bullish trend', 'H1 bullish structure', 'Distance filter OK']",SWING_HIGH price=2583.42 zone=(2583.42-2583.42) touches=1 strength=1,SWING_HIGH price=2573.00 zone=(2573.00-2573.00) touches=1 strength=1,None,SWING_LOW price=2579.54 zone=(2579.54-2579.54) touches=1 strength=1,True,2024-09-16 15:00:00+00:00,True,2024-09-16 15:00:00+00:00,True,2024-09-16 15:00:00+00:00,True,2024-09-16 15:00:00+00:00,2,1,0.0,,2024-09-16 15:00:00+00:00,2582.4,EXIT SIGNAL,2.2499999999997415,2.2499999999997415,1445.7736810319432,1478.3035888551583
BUY,2024-09-16 16:15:00+00:00,2585.29,2575.31,2575.31,2595.27,2605.25,2615.23,1,90,"['H4 bullish context', 'H1 bullish trend', 'M15 bullish timing', 'Distance filter OK']",SWING_HIGH price=2589.61 zone=(2589.61-2589.61) touches=1 strength=1,SWING_HIGH price=2586.09 zone=(2586.09-2586.09) touches=1 strength=1,None,SWING_LOW price=2579.54 zone=(2579.54-2579.54) touches=1 strength=1,False,,False,,False,,False,,0,5,0.0,,2024-09-16 17:30:00+00:00,2578.39,EXIT SIGNAL,-0.69138276553107,-0.69138276553107,1478.3035888551583,1468.0828526195864
BUY,2024-09-16 19:45:00+00:00,2582.55,2576.07,2576.07,2589.03,2595.51,2601.9900000000002,1,90,"['H4 bullish context', 'H1 bullish trend', 'M15 bullish timing', 'Distance filter OK']",SWING_HIGH price=2586.09 zone=(2586.09-2586.09) touches=1 strength=1,SWING_HIGH price=2583.42 zone=(2583.42-2583.42) touches=1 strength=1,None,SWING_LOW price=2579.54 zone=(2579.54-2579.54) touches=1 strength=1,False,,False,,False,,False,,0,10,0.0,,2024-09-16 22:15:00+00:00,2581.31,EXIT SIGNAL,-0.19135802469139399,-0.19135802469139399,1468.0828526195864,1465.2735582719806
BUY,2024-09-17 03:15:00+00:00,2583.59,2579.64,2579.64,2587.5400000000004,2591.4900000000007,2595.440000000001,1,90,"['H4 bullish context', 'H1 bullish trend', 'M15 bullish timing', 'Distance filter OK']",SWING_HIGH price=2583.42 zone=(2583.42-2583.42) touches=1 strength=1,SWING_HIGH price=2573.00 zone=(2573.00-2573.00) touches=1 strength=1,None,SWING_LOW price=2579.64 zone=(2579.64-2579.64) touches=1 strength=1,False,,False,,False,,False,,0,3,0.9999999999999957,,2024-09-17 04:00:00+00:00,2579.64,STOP LOSS,-1.0,-1.0,1465.2735582719806,1450.6208226892609
BUY,2024-09-17 05:15:00+00:00,2585.11,2579.64,2579.64,2590.5800000000004,2596.0500000000006,2601.520000000001,1,90,"['H4 bullish context', 'H1 bullish trend', 'M15 bullish timing', 'Distance filter OK']",SWING_HIGH price=2583.42 zone=(2583.42-2583.42) touches=1 strength=1,SWING_HIGH price=2573.00 zone=(2573.00-2573.00) touches=1 strength=1,None,SWING_LOW price=2579.64 zone=(2579.64-2579.64) touches=1 strength=1,False,,False,,False,,False,,0,3,1.9899999999999929,,2024-09-17 06:00:00+00:00,2579.64,STOP LOSS,-1.0,-1.0,1450.6208226892609,1436.1146144623683
BUY,2024-09-17 14:45:00+00:00,2579.08,2574.6,2574.6,2583.56,2588.04,2592.52,1,90,"['H4 bullish context', 'H1 bullish trend', 'M15 bullish timing', 'Distance filter OK']",SWING_HIGH price=2583.42 zone=(2583.42-2583.42) touches=1 strength=1,SWING_HIGH price=2573.00 zone=(2573.00-2573.00) touches=1 strength=1,None,SWING_LOW price=2579.64 zone=(2579.64-2579.64) touches=1 strength=1,False,,False,,False,,False,,0,3,2.9700999999999955,,2024-09-17 15:30:00+00:00,2574.6,STOP LOSS,-1.0,-1.0,1436.1146144623683,1421.7534683177446
BUY,2024-09-18 13:15:00+00:00,2571.49,2565.73,2571.5899999999997,2577.2499999999995,2583.0099999999993,2588.769999999999,1,90,"['H4 bullish context', 'H1 bullish trend', 'M15 bullish timing', 'Distance filter OK']",SWING_HIGH price=2576.49 zone=(2576.49-2576.49) touches=1 strength=1,SWING_HIGH price=2573.00 zone=(2573.00-2573.00) touches=1 strength=1,SWING_LOW price=2577.63 zone=(2577.63-2577.63) touches=1 strength=1,SWING_LOW price=2576.07 zone=(2576.07-2576.07) touches=1 strength=1,True,2024-09-18 13:30:00+00:00,True,2024-09-18 13:30:00+00:00,False,,False,,0,14,0.0,,2024-09-18 16:45:00+00:00,2571.5899999999997,BREAKEVEN,0.017361111111096034,0.017361111111096034,1421.7534683177446,1422.0003005171052
BUY,2024-09-18 18:30:00+00:00,2572.54,2567.98,2567.98,2577.1,2581.66,2586.22,1,75,"['H4 bullish context', 'H1 bullish trend', 'H1 bullish structure', 'Distance filter OK']",SWING_HIGH price=2571.64 zone=(2571.64-2571.64) touches=1 strength=1,SWING_HIGH price=2560.08 zone=(2560.08-2560.08) touches=1 strength=1,SWING_LOW price=2574.60 zone=(2574.60-2574.60) touches=1 strength=1,SWING_LOW price=2568.28 zone=(2568.28-2568.28) touches=1 strength=1,False,,False,,False,,False,,0,1,0.9828125000000095,,2024-09-18 18:45:00+00:00,2567.98,STOP LOSS,-1.0,-1.0,1422.0003005171052,1407.7802975119341
BUY,2024-09-18 19:15:00+00:00,2570.98,2567.98,2571.08,2573.98,2576.98,2579.98,1,75,"['H4 bullish context', 'H1 bullish trend', 'H1 bullish structure', 'Distance filter OK']",SWING_HIGH price=2576.49 zone=(2576.49-2576.49) touches=1 strength=1,SWING_HIGH price=2573.00 zone=(2573.00-2573.00) touches=1 strength=1,SWING_LOW price=2575.31 zone=(2575.31-2575.31) touches=1 strength=1,SWING_LOW price=2574.60 zone=(2574.60-2574.60) touches=1 strength=1,True,2024-09-18 19:45:00+00:00,True,2024-09-18 19:45:00+00:00,False,,False,,0,2,0.0,,2024-09-18 19:45:00+00:00,2574.9,EXIT SIGNAL,1.3066666666666908,1.3066666666666908,1407.7802975119341,1426.175293399424
BUY,2024-09-18 20:30:00+00:00,2572.07,2567.98,2567.98,2576.1600000000003,2580.2500000000005,2584.3400000000006,1,75,"['H4 bullish context', 'H1 bullish trend', 'H1 bullish structure', 'Distance filter OK']",SWING_HIGH price=2571.64 zone=(2571.64-2571.64) touches=1 strength=1,SWING_HIGH price=2560.08 zone=(2560.08-2560.08) touches=1 strength=1,SWING_LOW price=2565.73 zone=(2565.73-2565.73) touches=1 strength=1,SWING_LOW price=2563.70 zone=(2563.70-2563.70) touches=1 strength=1,False,,False,,False,,False,,0,1,0.6920980374999783,,2024-09-18 20:45:00+00:00,2567.98,STOP LOSS,-1.0,-1.0,1426.175293399424,1411.9135404654296
BUY,2024-09-19 05:45:00+00:00,2564.23,2546.86,2564.33,2581.6,2598.97,2616.3399999999997,1,90,"['H4 bullish context', 'H1 bullish trend', 'M15 bullish timing', 'Distance filter OK']",SWING_HIGH price=2571.64 zone=(2571.64-2571.64) touches=1 strength=1,SWING_HIGH price=2560.08 zone=(2560.08-2560.08) touches=1 strength=1,SWING_LOW price=2565.73 zone=(2565.73-2565.73) touches=1 strength=1,SWING_LOW price=2563.70 zone=(2563.70-2563.70) touches=1 strength=1,True,2024-09-19 10:45:00+00:00,True,2024-09-19 10:45:00+00:00,False,,False,,0,41,0.0,,2024-09-19 16:00:00+00:00,2579.0,EXIT SIGNAL,0.850316637881409,0.850316637881409,1411.9135404654296,1423.9192762125074
BUY,2024-09-19 18:15:00+00:00,2581.58,2569.73,2569.73,2593.43,2605.2799999999997,2617.1299999999997,1,75,"['H4 bullish context', 'H1 bullish trend', 'H1 bullish structure', 'Distance filter OK']",SWING_HIGH price=2589.29 zone=(2589.29-2589.29) touches=1 strength=1,SWING_HIGH price=2586.98 zone=(2586.98-2586.98) touches=1 strength=1,None,SWING_LOW price=2579.64 zone=(2579.64-2579.64) touches=1 strength=1,False,,False,,False,,False,,0,37,0.0,,2024-09-20 04:30:00+00:00,2587.91,EXIT SIGNAL,0.5341772151898714,0.5341772151898714,1423.9192762125074,1431.525528548731
BUY,2024-09-20 05:30:00+00:00,2589.03,2585.76,2595.57,2592.3,2595.57,2598.84,1,90,"['H4 bullish context', 'H1 bullish trend', 'M15 bullish timing', 'Distance filter OK']",SWING_HIGH price=2592.60 zone=(2592.60-2592.60) touches=1 strength=1,SWING_HIGH price=2589.61 zone=(2589.61-2589.61) touches=1 strength=1,None,SWING_LOW price=2585.76 zone=(2585.76-2585.76) touches=1 strength=1,True,2024-09-20 05:45:00+00:00,True,2024-09-20 05:45:00+00:00,True,2024-09-20 09:00:00+00:00,True,2024-09-20 09:15:00+00:00,2,111,0.420812083716572,,2024-09-23 10:15:00+00:00,2619.35,EXIT SIGNAL,9.272171253822593,9.272171253822593,1431.525528548731,1564.2590270979586
BUY,2024-09-23 13:30:00+00:00,2621.62,2613.81,2621.72,2629.43,2637.24,2645.0499999999997,1,90,"['H4 bullish context', 'H1 bullish trend', 'M15 bullish timing', 'Distance filter OK']",SWING_HIGH price=2625.70 zone=(2625.70-2625.70) touches=1 strength=1,SWING_HIGH price=2619.27 zone=(2619.27-2619.27) touches=1 strength=1,None,SWING_LOW price=2617.87 zone=(2617.87-2617.87) touches=1 strength=1,True,2024-09-23 16:15:00+00:00,True,2024-09-23 16:15:00+00:00,False,,False,,0,37,0.0,,2024-09-23 22:45:00+00:00,2626.33,EXIT SIGNAL,0.6030729833546824,0.6030729833546824,1564.2590270979586,1573.6926506800733
BUY,2024-09-23 23:00:00+00:00,2626.33,2620.03,2620.03,2632.6299999999997,2638.9299999999994,2645.229999999999,1,75,"['H4 bullish context', 'H1 bullish trend', 'H1 bullish structure', 'Distance filter OK']",SWING_HIGH price=2631.32 zone=(2631.32-2631.32) touches=1 strength=1,SWING_HIGH price=2625.70 zone=(2625.70-2625.70) touches=1 strength=1,None,SWING_LOW price=2620.03 zone=(2620.03-2620.03) touches=1 strength=1,False,,False,,False,,False,,0,9,0.24076919421520965,,2024-09-24 02:15:00+00:00,2626.12,EXIT SIGNAL,-0.03333333333334055,-0.03333333333334055,1573.6926506800733,1573.1680864631799
BUY,2024-09-24 02:30:00+00:00,2626.12,2625.73,2626.22,2626.5099999999998,2626.8999999999996,2627.2899999999995,1,75,"['H4 bullish context', 'H1 bullish trend', 'H1 bullish structure', 'Distance filter OK']",SWING_HIGH price=2631.32 zone=(2631.32-2631.32) touches=1 strength=1,SWING_HIGH price=2625.70 zone=(2625.70-2625.70) touches=1 strength=1,None,SWING_LOW price=2625.73 zone=(2625.73-2625.73) touches=1 strength=1,True,2024-09-24 02:45:00+00:00,True,2024-09-24 02:45:00+00:00,False,,False,,0,1,0.0,,2024-09-24 02:45:00+00:00,2626.33,EXIT SIGNAL,0.5384615384618076,0.5384615384618076,1573.1680864631799,1581.6389915441396
BUY,2024-09-24 03:00:00+00:00,2626.33,2625.73,2625.73,2626.93,2627.5299999999997,2628.1299999999997,1,75,"['H4 bullish context', 'H1 bullish trend', 'H1 bullish structure', 'Distance filter OK']",SWING_HIGH price=2631.32 zone=(2631.32-2631.32) touches=1 strength=1,SWING_HIGH price=2625.70 zone=(2625.70-2625.70) touches=1 strength=1,None,SWING_LOW price=2625.73 zone=(2625.73-2625.73) touches=1 strength=1,False,,False,,False,,False,,0,1,0.7065680642081218,,2024-09-24 03:15:00+00:00,2625.73,STOP LOSS,-1.0,-1.0,1581.6389915441396,1565.822601628698
BUY,2024-09-24 03:30:00+00:00,2625.88,2625.73,2625.73,2626.03,2626.1800000000003,2626.3300000000004,1,75,"['H4 bullish context', 'H1 bullish trend', 'H1 bullish structure', 'Distance filter OK']",SWING_HIGH price=2625.70 zone=(2625.70-2625.70) touches=1 strength=1,SWING_HIGH price=2619.27 zone=(2619.27-2619.27) touches=1 strength=1,SWING_LOW price=2625.73 zone=(2625.73-2625.73) touches=1 strength=1,SWING_LOW price=2620.03 zone=(2620.03-2620.03) touches=1 strength=1,False,,False,,False,,False,,0,1,1.6995023835660432,,2024-09-24 03:45:00+00:00,2625.73,STOP LOSS,-1.0,-1.0,1565.822601628698,1550.164375612411
BUY,2024-09-24 05:15:00+00:00,2627.41,2623.86,2634.5099999999993,2630.9599999999996,2634.5099999999993,2638.059999999999,1,90,"['H4 bullish context', 'H1 bullish trend', 'M15 bullish timing', 'Distance filter OK']",SWING_HIGH price=2631.32 zone=(2631.32-2631.32) touches=1 strength=1,SWING_HIGH price=2625.70 zone=(2625.70-2625.70) touches=1 strength=1,None,SWING_LOW price=2625.73 zone=(2625.73-2625.73) touches=1 strength=1,True,2024-09-24 06:15:00+00:00,True,2024-09-24 06:15:00+00:00,True,2024-09-24 06:30:00+00:00,True,2024-09-24 07:45:00+00:00,2,13,0.0,,2024-09-24 08:30:00+00:00,2634.5099999999993,PROFIT LOCK TP2,2.0,2.0,1550.164375612411,1581.1676631246594
BUY,2024-09-24 08:45:00+00:00,2633.32,2623.86,2623.86,2642.78,2652.2400000000002,2661.7000000000003,1,90,"['H4 bullish context', 'H1 bullish trend', 'M15 bullish timing', 'Distance filter OK']",SWING_HIGH price=2625.70 zone=(2625.70-2625.70) touches=1 strength=1,SWING_HIGH price=2619.27 zone=(2619.27-2619.27) touches=1 strength=1,SWING_LOW price=2625.73 zone=(2625.73-2625.73) touches=1 strength=1,SWING_LOW price=2623.86 zone=(2623.86-2623.86) touches=1 strength=1,False,,False,,False,,False,,0,3,0.49450038508909194,,2024-09-24 09:30:00+00:00,2626.14,EXIT SIGNAL,-0.7589852008456938,-0.7589852008456938,1581.1676631246594,1569.1668345609855
BUY,2024-09-24 13:15:00+00:00,2631.92,2622.57,2622.57,2641.27,2650.62,2659.97,1,90,"['H4 bullish context', 'H1 bullish trend', 'M15 bullish timing', 'Distance filter OK']",SWING_HIGH price=2634.82 zone=(2634.82-2634.82) touches=1 strength=1,SWING_HIGH price=2631.32 zone=(2631.32-2631.32) touches=1 strength=1,None,SWING_LOW price=2625.73 zone=(2625.73-2625.73) touches=1 strength=1,False,,False,,False,,False,,0,6,1.0862122330665378,,2024-09-24 14:45:00+00:00,2626.36,EXIT SIGNAL,-0.5946524064171123,-0.5946524064171123,1569.1668345609855,1559.8357462185693
BUY,2024-09-24 16:15:00+00:00,2632.73,2623.42,2651.35,2642.04,2651.35,2660.66,1,90,"['H4 bullish context', 'H1 bullish trend', 'M15 bullish timing', 'Distance filter OK']",SWING_HIGH price=2636.25 zone=(2636.25-2636.25) touches=1 strength=1,SWING_HIGH price=2634.82 zone=(2634.82-2634.82) touches=1 strength=1,None,SWING_LOW price=2625.73 zone=(2625.73-2625.73) touches=1 strength=1,True,2024-09-24 17:30:00+00:00,True,2024-09-24 17:30:00+00:00,True,2024-09-24 19:30:00+00:00,True,2024-09-24 22:15:00+00:00,2,64,0.05959350953497788,,2024-09-25 09:15:00+00:00,2657.64,EXIT SIGNAL,2.6756176154672398,2.6756176154672398,1559.8357462185693,1601.5709862167482
BUY,2024-09-25 09:30:00+00:00,2657.64,2655.49,2655.49,2659.79,2661.94,2664.09,1,75,"['H4 bullish context', 'H1 bullish trend', 'H1 bullish structure', 'Distance filter OK']",SWING_HIGH price=2664.34 zone=(2664.34-2664.34) touches=1 strength=1,SWING_HIGH price=2640.12 zone=(2640.12-2640.12) touches=1 strength=1,SWING_LOW price=2655.49 zone=(2655.49-2655.49) touches=1 strength=1,SWING_LOW price=2625.73 zone=(2625.73-2625.73) touches=1 strength=1,False,,False,,False,,False,,0,1,1.0589975744396334,,2024-09-25 09:45:00+00:00,2655.49,STOP LOSS,-1.0,-1.0,1601.5709862167482,1585.5552763545807
BUY,2024-09-25 11:00:00+00:00,2656.96,2655.49,2655.49,2658.4300000000003,2659.9000000000005,2661.370000000001,1,75,"['H4 bullish context', 'H1 bullish trend', 'H1 bullish structure', 'Distance filter OK']",SWING_HIGH price=2664.34 zone=(2664.34-2664.34) touches=1 strength=1,SWING_HIGH price=2640.12 zone=(2640.12-2640.12) touches=1 strength=1,None,SWING_LOW price=2655.49 zone=(2655.49-2655.49) touches=1 strength=1,False,,False,,False,,False,,0,1,2.0484075986952366,,2024-09-25 11:15:00+00:00,2655.49,STOP LOSS,-1.0,-1.0,1585.5552763545807,1569.6997235910349
BUY,2024-09-25 12:00:00+00:00,2655.88,2655.49,2655.49,2656.2700000000004,2656.6600000000008,2657.050000000001,1,75,"['H4 bullish context', 'H1 bullish trend', 'H1 bullish structure', 'Distance filter OK']",SWING_HIGH price=2664.34 zone=(2664.34-2664.34) touches=1 strength=1,SWING_HIGH price=2640.12 zone=(2640.12-2640.12) touches=1 strength=1,None,SWING_LOW price=2655.49 zone=(2655.49-2655.49) touches=1 strength=1,False,,False,,False,,False,,0,1,3.0279235227082895,,2024-09-25 12:15:00+00:00,2655.49,STOP LOSS,-1.0,-1.0,1569.6997235910349,1554.0027263551244
BUY,2024-09-26 04:00:00+00:00,2659.02,2649.79,2649.79,2668.25,2677.48,2686.71,1,90,"['H4 bullish context', 'H1 bullish trend', 'M15 bullish timing', 'Distance filter OK']",SWING_HIGH price=2662.99 zone=(2662.99-2662.99) touches=1 strength=1,SWING_HIGH price=2640.12 zone=(2640.12-2640.12) touches=1 strength=1,None,SWING_LOW price=2655.49 zone=(2655.49-2655.49) touches=1 strength=1,False,,False,,False,,False,,0,21,0.0,,2024-09-26 09:15:00+00:00,2660.98,EXIT SIGNAL,0.21235102925244123,0.21235102925244123,1554.0027263551244,1557.3026671391503
BUY,2024-09-26 10:45:00+00:00,2663.85,2655.4,2672.2999999999997,2672.2999999999997,2680.7499999999995,2689.1999999999994,1,90,"['H4 bullish context', 'H1 bullish trend', 'M15 bullish timing', 'Distance filter OK']",SWING_HIGH price=2667.43 zone=(2667.43-2667.43) touches=1 strength=1,SWING_HIGH price=2664.34 zone=(2664.34-2664.34) touches=1 strength=1,None,SWING_LOW price=2655.49 zone=(2655.49-2655.49) touches=1 strength=1,True,2024-09-26 13:15:00+00:00,True,2024-09-26 13:15:00+00:00,True,2024-09-26 14:30:00+00:00,False,,1,19,0.0,,2024-09-26 15:30:00+00:00,2672.2999999999997,PROFIT LOCK TP1,1.0,1.0,1557.3026671391503,1572.8756938105419
BUY,2024-09-26 16:15:00+00:00,2663.93,2657.96,2657.96,2669.8999999999996,2675.8699999999994,2681.8399999999992,1,75,"['H4 bullish context', 'H1 bullish trend', 'H1 bullish structure', 'Distance filter OK']",SWING_HIGH price=2662.99 zone=(2662.99-2662.99) touches=1 strength=1,SWING_HIGH price=2640.12 zone=(2640.12-2640.12) touches=1 strength=1,None,SWING_LOW price=2657.96 zone=(2657.96-2657.96) touches=1 strength=1,False,,False,,False,,False,,0,2,0.0,,2024-09-26 16:45:00+00:00,2657.96,STOP LOSS,-1.0,-1.0,1572.8756938105419,1557.1469368724365
BUY,2024-09-26 20:45:00+00:00,2670.87,2654.77,2654.77,2686.97,2703.0699999999997,2719.1699999999996,1,90,"['H4 bullish context', 'H1 bullish trend', 'M15 bullish timing', 'Distance filter OK']",SWING_HIGH price=2685.58 zone=(2685.58-2685.58) touches=1 strength=1,SWING_HIGH price=2670.62 zone=(2670.62-2670.62) touches=1 strength=1,None,SWING_LOW price=2657.96 zone=(2657.96-2657.96) touches=1 strength=1,False,,False,,False,,False,,0,22,0.08439132755002929,,2024-09-27 03:15:00+00:00,2671.05,EXIT SIGNAL,0.011180124223620625,0.011180124223620625,1557.1469368724365,1557.3210278343233
BUY,2024-09-27 06:45:00+00:00,2673.77,2666.33,2666.33,2681.21,2688.65,2696.09,1,90,"['H4 bullish context', 'H1 bullish trend', 'M15 bullish timing', 'Distance filter OK']",SWING_HIGH price=2677.88 zone=(2677.88-2677.88) touches=1 strength=1,SWING_HIGH price=2670.62 zone=(2670.62-2670.62) touches=1 strength=1,None,SWING_LOW price=2666.33 zone=(2666.33-2666.33) touches=1 strength=1,False,,False,,False,,False,,0,6,1.0190857312600348,,2024-09-27 08:15:00+00:00,2666.81,EXIT SIGNAL,-0.93548387096774,-0.93548387096774,1557.3210278343233,1542.7525407997443
BUY,2024-09-27 14:45:00+00:00,2668.45,2658.34,2658.34,2678.5599999999995,2688.669999999999,2698.779999999999,1,90,"['H4 bullish context', 'H1 bullish trend', 'M15 bullish timing', 'Distance filter OK']",SWING_HIGH price=2667.43 zone=(2667.43-2667.43) touches=1 strength=1,SWING_HIGH price=2664.34 zone=(2664.34-2664.34) touches=1 strength=1,SWING_LOW price=2666.33 zone=(2666.33-2666.33) touches=1 strength=1,SWING_LOW price=2658.34 zone=(2658.34-2658.34) touches=1 strength=1,False,,False,,False,,False,,0,10,2.008894873947442,,2024-09-27 17:15:00+00:00,2658.34,STOP LOSS,-1.0,-1.0,1542.7525407997443,1527.3250153917468
BUY,2024-09-30 08:30:00+00:00,2657.26,2647.23,2647.23,2667.2900000000004,2677.3200000000006,2687.350000000001,1,90,"['H4 bullish context', 'H1 bullish trend', 'M15 bullish timing', 'Distance filter OK']",SWING_HIGH price=2662.99 zone=(2662.99-2662.99) touches=1 strength=1,SWING_HIGH price=2640.12 zone=(2640.12-2640.12) touches=1 strength=1,SWING_LOW price=2657.96 zone=(2657.96-2657.96) touches=1 strength=1,SWING_LOW price=2655.49 zone=(2655.49-2655.49) touches=1 strength=1,False,,False,,False,,False,,0,10,0.41276171485546564,,2024-09-30 11:00:00+00:00,2653.12,EXIT SIGNAL,-0.4127617148554581,-0.4127617148554581,1527.3250153917468,1521.0208024667993
BUY,2024-10-01 08:15:00+00:00,2642.26,2634.35,2658.080000000001,2650.1700000000005,2658.080000000001,2665.990000000001,1,90,"['H4 bullish context', 'H1 bullish trend', 'M15 bullish timing', 'Distance filter OK']",SWING_HIGH price=2660.38 zone=(2660.38-2660.38) touches=1 strength=1,SWING_HIGH price=2641.60 zone=(2641.60-2641.60) touches=1 strength=1,SWING_LOW price=2647.23 zone=(2647.23-2647.23) touches=1 strength=1,SWING_LOW price=2642.81 zone=(2642.81-2642.81) touches=1 strength=1,True,2024-10-01 13:15:00+00:00,True,2024-10-01 13:15:00+00:00,True,2024-10-01 16:30:00+00:00,True,2024-10-01 16:30:00+00:00,2,36,0.0,,2024-10-01 17:15:00+00:00,2658.080000000001,PROFIT LOCK TP2,2.0,2.0,1521.0208024667993,1551.4412185161352
BUY,2024-10-01 23:15:00+00:00,2658.6,2657.54,2660.72,2659.66,2660.72,2661.7799999999997,1,75,"['H4 bullish context', 'H1 bullish trend', 'H1 bullish structure', 'Distance filter OK']",SWING_HIGH price=2664.34 zone=(2664.34-2664.34) touches=1 strength=1,SWING_HIGH price=2662.99 zone=(2662.99-2662.99) touches=1 strength=1,SWING_LOW price=2666.33 zone=(2666.33-2666.33) touches=1 strength=1,SWING_LOW price=2658.34 zone=(2658.34-2658.34) touches=1 strength=1,True,2024-10-01 23:30:00+00:00,True,2024-10-01 23:30:00+00:00,True,2024-10-01 23:30:00+00:00,True,2024-10-01 23:45:00+00:00,2,3,1.3143483023002145,,2024-10-02 01:00:00+00:00,2660.72,PROFIT LOCK TP2,2.0,2.0,1551.4412185161352,1582.470042886458
BUY,2024-10-02 02:15:00+00:00,2661.75,2657.54,2657.54,2665.96,2670.17,2674.38,1,75,"['H4 bullish context', 'H1 bullish trend', 'H1 bullish structure', 'Distance filter OK']",SWING_HIGH price=2660.38 zone=(2660.38-2660.38) touches=1 strength=1,SWING_HIGH price=2641.60 zone=(2641.60-2641.60) touches=1 strength=1,SWING_LOW price=2666.33 zone=(2666.33-2666.33) touches=1 strength=1,SWING_LOW price=2658.34 zone=(2658.34-2658.34) touches=1 strength=1,False,,False,,False,,False,,0,4,1.7855078270327462,,2024-10-02 03:15:00+00:00,2659.74,EXIT SIGNAL,-0.4774346793349646,-0.4774346793349646,1582.470042886458,1574.9147821116312
BUY,2024-10-02 04:30:00+00:00,2659.12,2657.54,2659.22,2660.7,2662.2799999999997,2663.8599999999997,1,75,"['H4 bullish context', 'H1 bullish trend', 'H1 bullish structure', 'Distance filter OK']",SWING_HIGH price=2662.99 zone=(2662.99-2662.99) touches=1 strength=1,SWING_HIGH price=2660.38 zone=(2660.38-2660.38) touches=1 strength=1,SWING_LOW price=2666.33 zone=(2666.33-2666.33) touches=1 strength=1,SWING_LOW price=2658.34 zone=(2658.34-2658.34) touches=1 strength=1,True,2024-10-02 04:45:00+00:00,True,2024-10-02 04:45:00+00:00,False,,False,,0,4,1.7233467560372349,,2024-10-02 05:30:00+00:00,2659.22,BREAKEVEN,0.06329113924045168,0.06329113924045168,1574.9147821116312,1575.9115636192962
BUY,2024-10-02 16:45:00+00:00,2654.65,2644.35,2644.35,2664.9500000000003,2675.2500000000005,2685.5500000000006,1,90,"['H4 bullish context', 'H1 bullish trend', 'M15 bullish timing', 'Distance filter OK']",SWING_HIGH price=2660.38 zone=(2660.38-2660.38) touches=1 strength=1,SWING_HIGH price=2655.66 zone=(2655.66-2655.66) touches=1 strength=1,SWING_LOW price=2666.33 zone=(2666.33-2666.33) touches=1 strength=1,SWING_LOW price=2658.34 zone=(2658.34-2658.34) touches=1 strength=1,False,,False,,False,,False,,0,5,2.706113288476863,,2024-10-02 18:00:00+00:00,2644.35,STOP LOSS,-1.0,-1.0,1575.9115636192962,1560.1524479831032
BUY,2024-10-02 21:00:00+00:00,2651.98,2640.91,2640.91,2663.05,2674.1200000000003,2685.1900000000005,1,90,"['H4 bullish context', 'H1 bullish trend', 'M15 bullish timing', 'Distance filter OK']",SWING_HIGH price=2655.66 zone=(2655.66-2655.66) touches=1 strength=1,SWING_HIGH price=2641.60 zone=(2641.60-2641.60) touches=1 strength=1,SWING_LOW price=2654.77 zone=(2654.77-2654.77) touches=1 strength=1,SWING_LOW price=2651.54 zone=(2651.54-2651.54) touches=1 strength=1,False,,False,,False,,False,,0,29,0.10768512868374502,,2024-10-03 05:15:00+00:00,2658.14,EXIT SIGNAL,0.5564588979222912,0.5564588979222912,1560.1524479831032,1568.8340551010576
BUY,2024-10-03 17:15:00+00:00,2650.87,2640.78,2650.97,2660.9599999999996,2671.0499999999993,2681.139999999999,1,90,"['H4 bullish context', 'H1 bullish trend', 'M15 bullish timing', 'Distance filter OK']",SWING_HIGH price=2655.66 zone=(2655.66-2655.66) touches=1 strength=1,SWING_HIGH price=2641.60 zone=(2641.60-2641.60) touches=1 strength=1,SWING_LOW price=2651.54 zone=(2651.54-2651.54) touches=1 strength=1,SWING_LOW price=2649.79 zone=(2649.79-2649.79) touches=1 strength=1,True,2024-10-03 19:30:00+00:00,True,2024-10-03 19:30:00+00:00,False,,False,,0,71,0.0,,2024-10-04 12:00:00+00:00,2657.85,EXIT SIGNAL,0.6917740336967524,0.6917740336967524,1568.8340551010576,1579.6868417260387
BUY,2024-10-04 12:15:00+00:00,2657.85,2654.41,2654.41,2661.29,2664.73,2668.17,1,75,"['H4 bullish context', 'H1 bullish trend', 'H1 bullish structure', 'Distance filter OK']",SWING_HIGH price=2660.38 zone=(2660.38-2660.38) touches=1 strength=1,SWING_HIGH price=2657.44 zone=(2657.44-2657.44) touches=1 strength=1,SWING_LOW price=2657.54 zone=(2657.54-2657.54) touches=1 strength=1,SWING_LOW price=2655.40 zone=(2655.40-2655.40) touches=1 strength=1,False,,False,,False,,False,,0,3,0.0,,2024-10-04 13:00:00+00:00,2658.5,EXIT SIGNAL,0.18895348837211645,0.18895348837211645,1579.6868417260387,1582.6717151188352
BUY,2024-10-04 14:15:00+00:00,2658.0,2656.85,2660.3,2659.15,2660.3,2661.4500000000003,1,75,"['H4 bullish context', 'H1 bullish trend', 'H1 bullish structure', 'Distance filter OK']",SWING_HIGH price=2662.09 zone=(2662.09-2662.09) touches=1 strength=1,SWING_HIGH price=2660.38 zone=(2660.38-2660.38) touches=1 strength=1,SWING_LOW price=2666.33 zone=(2666.33-2666.33) touches=1 strength=1,SWING_LOW price=2658.34 zone=(2658.34-2658.34) touches=1 strength=1,True,2024-10-04 14:30:00+00:00,True,2024-10-04 14:30:00+00:00,True,2024-10-04 14:30:00+00:00,True,2024-10-04 14:30:00+00:00,2,1,0.0,,2024-10-04 14:30:00+00:00,2661.22,EXIT SIGNAL,2.7999999999996046,2.7999999999996046,1582.6717151188352,1626.9865231421563
BUY,2024-10-04 15:15:00+00:00,2656.94,2656.85,2656.85,2657.03,2657.1200000000003,2657.2100000000005,1,75,"['H4 bullish context', 'H1 bullish trend', 'H1 bullish structure', 'Distance filter OK']",SWING_HIGH price=2641.60 zone=(2641.60-2641.60) touches=1 strength=1,None,SWING_LOW price=2640.78 zone=(2640.78-2640.78) touches=1 strength=1,SWING_LOW price=2637.34 zone=(2637.34-2637.34) touches=1 strength=1,False,,False,,False,,False,,0,1,0.0,,2024-10-04 15:30:00+00:00,2656.85,STOP LOSS,-1.0,-1.0,1626.9865231421563,1610.7166579107347
BUY,2024-10-04 21:15:00+00:00,2645.77,2641.9,2641.9,2649.64,2653.5099999999998,2657.3799999999997,1,75,"['H4 bullish context', 'H1 bullish trend', 'H1 bullish structure', 'Distance filter OK']",SWING_HIGH price=2655.66 zone=(2655.66-2655.66) touches=1 strength=1,SWING_HIGH price=2641.60 zone=(2641.60-2641.60) touches=1 strength=1,SWING_LOW price=2647.23 zone=(2647.23-2647.23) touches=1 strength=1,SWING_LOW price=2644.35 zone=(2644.35-2644.35) touches=1 strength=1,False,,False,,False,,False,,0,3,0.0,,2024-10-04 22:00:00+00:00,2646.19,EXIT SIGNAL,0.10852713178296759,0.10852713178296759,1610.7166579107347,1612.4647225007159
BUY,2024-10-04 22:15:00+00:00,2646.19,2641.9,2646.29,2650.48,2654.77,2659.06,1,75,"['H4 bullish context', 'H1 bullish trend', 'H1 bullish structure', 'Distance filter OK']",SWING_HIGH price=2655.66 zone=(2655.66-2655.66) touches=1 strength=1,SWING_HIGH price=2641.60 zone=(2641.60-2641.60) touches=1 strength=1,SWING_LOW price=2654.41 zone=(2654.41-2654.41) touches=1 strength=1,SWING_LOW price=2647.23 zone=(2647.23-2647.23) touches=1 strength=1,True,2024-10-04 22:45:00+00:00,True,2024-10-04 22:45:00+00:00,False,,False,,0,19,0.31397174254320825,,2024-10-07 04:00:00+00:00,2648.99,EXIT SIGNAL,0.6526806526805946,0.6526806526805946,1612.4647225007159,1622.988967775778
BUY,2024-10-07 10:45:00+00:00,2648.91,2643.82,2653.9999999999995,2653.9999999999995,2659.0899999999992,2664.179999999999,1,90,"['H4 bullish context', 'H1 bullish trend', 'M15 bullish timing', 'Distance filter OK']",SWING_HIGH price=2653.19 zone=(2653.19-2653.19) touches=1 strength=1,SWING_HIGH price=2648.67 zone=(2648.67-2648.67) touches=1 strength=1,SWING_LOW price=2654.41 zone=(2654.41-2654.41) touches=1 strength=1,SWING_LOW price=2647.23 zone=(2647.23-2647.23) touches=1 strength=1,True,2024-10-07 11:00:00+00:00,True,2024-10-07 11:00:00+00:00,True,2024-10-07 14:00:00+00:00,False,,1,18,0.0,,2024-10-07 15:15:00+00:00,2653.9999999999995,PROFIT LOCK TP1,1.0,1.0,1622.988967775778,1639.2188574535357
BUY,2024-10-07 21:15:00+00:00,2645.32,2638.92,2638.92,2651.7200000000003,2658.1200000000003,2664.5200000000004,1,75,"['H4 bullish context', 'H1 bullish trend', 'H1 bullish structure', 'Distance filter OK']",SWING_HIGH price=2641.60 zone=(2641.60-2641.60) touches=1 strength=1,None,SWING_LOW price=2640.78 zone=(2640.78-2640.78) touches=1 strength=1,SWING_LOW price=2639.45 zone=(2639.45-2639.45) touches=1 strength=1,False,,False,,False,,False,,0,3,0.0,,2024-10-07 22:00:00+00:00,2642.0,EXIT SIGNAL,-0.5187500000000183,-0.5187500000000183,1639.2188574535357,1630.715409630495
BUY,2024-10-07 22:15:00+00:00,2642.0,2638.92,2638.92,2645.08,2648.16,2651.24,1,75,"['H4 bullish context', 'H1 bullish trend', 'H1 bullish structure', 'Distance filter OK']",SWING_HIGH price=2648.67 zone=(2648.67-2648.67) touches=1 strength=1,SWING_HIGH price=2641.60 zone=(2641.60-2641.60) touches=1 strength=1,SWING_LOW price=2643.56 zone=(2643.56-2643.56) touches=1 strength=1,SWING_LOW price=2642.81 zone=(2642.81-2642.81) touches=1 strength=1,False,,False,,False,,False,,0,3,0.0,,2024-10-07 23:00:00+00:00,2642.62,EXIT SIGNAL,0.2012987012986706,0.2012987012986706,1630.715409630495,1633.9980185719587
BUY,2024-10-07 23:15:00+00:00,2642.62,2639.5,2645.74,2645.74,2648.8599999999997,2651.9799999999996,1,75,"['H4 bullish context', 'H1 bullish trend', 'H1 bullish structure', 'Distance filter OK']",SWING_HIGH price=2648.67 zone=(2648.67-2648.67) touches=1 strength=1,SWING_HIGH price=2641.60 zone=(2641.60-2641.60) touches=1 strength=1,SWING_LOW price=2642.78 zone=(2642.78-2642.78) touches=1 strength=1,SWING_LOW price=2641.90 zone=(2641.90-2641.90) touches=1 strength=1,True,2024-10-08 01:30:00+00:00,True,2024-10-08 01:30:00+00:00,True,2024-10-08 01:30:00+00:00,False,,1,6,0.0,,2024-10-08 01:45:00+00:00,2645.74,PROFIT LOCK TP1,1.0,1.0,1633.9980185719587,1650.3379987576784
BUY,2024-10-08 02:00:00+00:00,2643.94,2639.5,2639.5,2648.38,2652.82,2657.26,1,75,"['H4 bullish context', 'H1 bullish trend', 'H1 bullish structure', 'Distance filter OK']",SWING_HIGH price=2648.67 zone=(2648.67-2648.67) touches=1 strength=1,SWING_HIGH price=2641.60 zone=(2641.60-2641.60) touches=1 strength=1,SWING_LOW price=2644.35 zone=(2644.35-2644.35) touches=1 strength=1,SWING_LOW price=2643.82 zone=(2643.82-2643.82) touches=1 strength=1,False,,False,,False,,False,,0,8,0.02602147091817231,,2024-10-08 04:00:00+00:00,2639.5,STOP LOSS,-1.0,-1.0,1650.3379987576784,1633.8346187701015
BUY,2024-10-08 06:45:00+00:00,2644.92,2639.5,2639.5,2650.34,2655.76,2661.1800000000003,1,90,"['H4 bullish context', 'H1 bullish trend', 'M15 bullish timing', 'Distance filter OK']",SWING_HIGH price=2648.67 zone=(2648.67-2648.67) touches=1 strength=1,SWING_HIGH price=2641.60 zone=(2641.60-2641.60) touches=1 strength=1,SWING_LOW price=2642.81 zone=(2642.81-2642.81) touches=1 strength=1,SWING_LOW price=2642.78 zone=(2642.78-2642.78) touches=1 strength=1,False,,False,,False,,False,,0,11,1.0257612562089935,,2024-10-08 09:30:00+00:00,2639.5,STOP LOSS,-1.0,-1.0,1633.8346187701015,1617.4962725824005
BUY,2024-10-08 13:15:00+00:00,2641.35,2628.43,2628.43,2654.27,2667.19,2680.11,1,90,"['H4 bullish context', 'H1 bullish trend', 'M15 bullish timing', 'Distance filter OK']",SWING_HIGH price=2646.25 zone=(2646.25-2646.25) touches=1 strength=1,SWING_HIGH price=2641.60 zone=(2641.60-2641.60) touches=1 strength=1,SWING_LOW price=2647.23 zone=(2647.23-2647.23) touches=1 strength=1,SWING_LOW price=2644.35 zone=(2644.35-2644.35) touches=1 strength=1,False,,False,,False,,False,,0,13,1.13913731916628,,2024-10-08 16:30:00+00:00,2639.87,EXIT SIGNAL,-0.11455108359133204,-0.11455108359133204,1617.4962725824005,1615.643413075108
SELL,2024-10-09 05:00:00+00:00,2619.77,2623.39,2619.67,2616.15,2612.53,2608.9100000000003,1,80,"['H1 bearish trend', 'H1 bearish structure', 'M15 bearish timing', 'Distance filter OK']",SWING_HIGH price=2623.39 zone=(2623.39-2623.39) touches=1 strength=1,None,SWING_LOW price=2624.41 zone=(2624.41-2624.41) touches=1 strength=1,SWING_LOW price=2604.59 zone=(2604.59-2604.59) touches=1 strength=1,True,2024-10-09 06:00:00+00:00,True,2024-10-09 06:00:00+00:00,False,,False,,0,12,0.0,,2024-10-09 08:00:00+00:00,2619.67,BREAKEVEN,0.027624309392240903,0.027624309392240903,1615.643413075108,1616.0897234102113
SELL,2024-10-09 16:15:00+00:00,2615.47,2622.23,2615.37,2608.7099999999996,2601.9499999999994,2595.189999999999,1,80,"['H1 bearish trend', 'H1 bearish structure', 'M15 bearish timing', 'Distance filter OK']",SWING_HIGH price=2622.23 zone=(2622.23-2622.23) touches=1 strength=1,None,SWING_LOW price=2614.68 zone=(2614.68-2614.68) touches=1 strength=1,SWING_LOW price=2608.97 zone=(2608.97-2608.97) touches=1 strength=1,True,2024-10-09 16:30:00+00:00,True,2024-10-09 16:30:00+00:00,False,,False,,0,7,0.0,,2024-10-09 18:00:00+00:00,2615.37,BREAKEVEN,0.014792899408270091,0.014792899408270091,1616.0897234102113,1616.3287899373427
SELL,2024-10-09 18:15:00+00:00,2615.71,2622.23,2615.61,2609.19,2602.67,2596.15,1,80,"['H1 bearish trend', 'H1 bearish structure', 'M15 bearish timing', 'Distance filter OK']",SWING_HIGH price=2622.23 zone=(2622.23-2622.23) touches=1 strength=1,None,SWING_LOW price=2614.68 zone=(2614.68-2614.68) touches=1 strength=1,SWING_LOW price=2608.97 zone=(2608.97-2608.97) touches=1 strength=1,True,2024-10-09 19:30:00+00:00,True,2024-10-09 19:30:00+00:00,False,,False,,0,37,0.5227035134766924,,2024-10-10 04:30:00+00:00,2611.13,EXIT SIGNAL,0.7024539877300522,0.7024539877300522,1616.3287899373427,1627.6827559770866
BUY,2024-10-14 03:30:00+00:00,2647.24,2644.75,2644.75,2649.7299999999996,2652.2199999999993,2654.709999999999,1,75,"['H4 bullish context', 'H1 bullish trend', 'H1 bullish structure', 'Distance filter OK']",SWING_HIGH price=2647.12 zone=(2647.12-2647.12) touches=1 strength=1,SWING_HIGH price=2646.25 zone=(2646.25-2646.25) touches=1 strength=1,SWING_LOW price=2654.41 zone=(2654.41-2654.41) touches=1 strength=1,SWING_LOW price=2644.75 zone=(2644.75-2644.75) touches=1 strength=1,False,,False,,False,,False,,0,2,1.0000000000000044,,2024-10-14 04:00:00+00:00,2644.75,STOP LOSS,-1.0,-1.0,1627.6827559770866,1611.4059284173156
BUY,2024-10-14 04:30:00+00:00,2647.93,2644.75,2644.75,2651.1099999999997,2654.2899999999995,2657.4699999999993,1,75,"['H4 bullish context', 'H1 bullish trend', 'H1 bullish structure', 'Distance filter OK']",SWING_HIGH price=2646.25 zone=(2646.25-2646.25) touches=1 strength=1,SWING_HIGH price=2629.70 zone=(2629.70-2629.70) touches=1 strength=1,SWING_LOW price=2654.41 zone=(2654.41-2654.41) touches=1 strength=1,SWING_LOW price=2644.75 zone=(2644.75-2644.75) touches=1 strength=1,False,,False,,False,,False,,0,1,1.9900000000000073,,2024-10-14 04:45:00+00:00,2644.75,STOP LOSS,-1.0,-1.0,1611.4059284173156,1595.2918691331424
BUY,2024-10-14 05:15:00+00:00,2645.76,2644.75,2647.7800000000007,2646.7700000000004,2647.7800000000007,2648.790000000001,1,75,"['H4 bullish context', 'H1 bullish trend', 'H1 bullish structure', 'Distance filter OK']",SWING_HIGH price=2659.57 zone=(2659.57-2659.57) touches=1 strength=1,SWING_HIGH price=2653.19 zone=(2653.19-2653.19) touches=1 strength=1,SWING_LOW price=2656.85 zone=(2656.85-2656.85) touches=1 strength=1,SWING_LOW price=2654.41 zone=(2654.41-2654.41) touches=1 strength=1,True,2024-10-14 05:30:00+00:00,True,2024-10-14 05:30:00+00:00,True,2024-10-14 05:30:00+00:00,True,2024-10-14 05:30:00+00:00,2,1,0.0,,2024-10-14 05:30:00+00:00,2652.5,EXIT SIGNAL,6.673267326731015,6.673267326731015,1595.2918691331424,1701.749960202001
BUY,2024-10-14 23:15:00+00:00,2652.66,2643.75,2643.75,2661.5699999999997,2670.4799999999996,2679.3899999999994,1,90,"['H4 bullish context', 'H1 bullish trend', 'M15 bullish timing', 'Distance filter OK']",SWING_HIGH price=2648.67 zone=(2648.67-2648.67) touches=1 strength=1,SWING_HIGH price=2648.12 zone=(2648.12-2648.12) touches=1 strength=1,None,SWING_LOW price=2644.75 zone=(2644.75-2644.75) touches=1 strength=1,False,,False,,False,,False,,0,12,0.0,,2024-10-15 03:15:00+00:00,2649.21,EXIT SIGNAL,-0.3872053872053731,-0.3872053872053731,1701.749960202001,1695.1606926793336
BUY,2024-10-16 05:15:00+00:00,2669.05,2658.76,2669.15,2679.34,2689.63,2699.92,1,75,"['H4 bullish context', 'H1 bullish trend', 'M15 bullish timing']",SWING_HIGH price=2668.96 zone=(2668.96-2668.96) touches=1 strength=1,SWING_HIGH price=2666.79 zone=(2666.79-2666.79) touches=1 strength=1,None,SWING_LOW price=2658.76 zone=(2658.76-2658.76) touches=1 strength=1,True,2024-10-16 11:45:00+00:00,True,2024-10-16 11:45:00+00:00,False,,False,,0,50,0.0,,2024-10-16 17:45:00+00:00,2672.08,EXIT SIGNAL,0.2944606413993932,0.2944606413993932,1695.1606926793336,1700.1522737277476
BUY,2024-10-16 18:15:00+00:00,2671.32,2658.76,2658.76,2683.88,2696.44,2709.0,1,75,"['H4 bullish context', 'H1 bullish trend', 'H1 bullish structure', 'Distance filter OK']",SWING_HIGH price=2670.12 zone=(2670.12-2670.12) touches=1 strength=1,SWING_HIGH price=2668.96 zone=(2668.96-2668.96) touches=1 strength=1,None,SWING_LOW price=2658.76 zone=(2658.76-2658.76) touches=1 strength=1,False,,False,,False,,False,,0,3,0.0,,2024-10-16 19:00:00+00:00,2670.06,EXIT SIGNAL,-0.10031847133759743,-0.10031847133759743,1700.1522737277476,1698.4467069563325
BUY,2024-10-16 19:15:00+00:00,2670.06,2658.76,2658.76,2681.3599999999997,2692.6599999999994,2703.959999999999,1,75,"['H4 bullish context', 'H1 bullish trend', 'H1 bullish structure', 'Distance filter OK']",SWING_HIGH price=2682.70 zone=(2682.70-2682.70) touches=1 strength=1,SWING_HIGH price=2670.12 zone=(2670.12-2670.12) touches=1 strength=1,None,SWING_LOW price=2658.76 zone=(2658.76-2658.76) touches=1 strength=1,False,,False,,False,,False,,0,18,0.0,,2024-10-16 23:45:00+00:00,2673.45,EXIT SIGNAL,0.299999999999996,0.299999999999996,1698.4467069563325,1703.5420470772012
BUY,2024-10-17 03:15:00+00:00,2675.34,2672.78,2680.46,2677.9,2680.46,2683.02,1,90,"['H4 bullish context', 'H1 bullish trend', 'M15 bullish timing', 'Distance filter OK']",SWING_HIGH price=2682.70 zone=(2682.70-2682.70) touches=1 strength=1,SWING_HIGH price=2676.67 zone=(2676.67-2676.67) touches=1 strength=1,None,SWING_LOW price=2672.78 zone=(2672.78-2672.78) touches=1 strength=1,True,2024-10-17 03:45:00+00:00,True,2024-10-17 03:45:00+00:00,True,2024-10-17 04:30:00+00:00,True,2024-10-17 05:00:00+00:00,2,9,0.0,,2024-10-17 05:30:00+00:00,2680.46,PROFIT LOCK TP2,2.0,2.0,1703.5420470772012,1737.6128880187453
BUY,2024-10-17 06:15:00+00:00,2679.96,2672.78,2672.78,2687.14,2694.3199999999997,2701.4999999999995,1,90,"['H4 bullish context', 'H1 bullish trend', 'M15 bullish timing', 'Distance filter OK']",SWING_HIGH price=2682.70 zone=(2682.70-2682.70) touches=1 strength=1,SWING_HIGH price=2676.67 zone=(2676.67-2676.67) touches=1 strength=1,None,SWING_LOW price=2672.78 zone=(2672.78-2672.78) touches=1 strength=1,False,,False,,False,,False,,0,25,0.0,,2024-10-17 12:30:00+00:00,2680.8,EXIT SIGNAL,0.11699164345406193,0.11699164345406193,1737.6128880187453,1739.645749893308
BUY,2024-10-17 13:00:00+00:00,2679.45,2674.49,2679.5499999999997,2684.41,2689.37,2694.33,1,75,"['H4 bullish context', 'H1 bullish trend', 'H1 bullish structure', 'Distance filter OK']",SWING_HIGH price=2682.70 zone=(2682.70-2682.70) touches=1 strength=1,SWING_HIGH price=2676.67 zone=(2676.67-2676.67) touches=1 strength=1,None,SWING_LOW price=2674.49 zone=(2674.49-2674.49) touches=1 strength=1,True,2024-10-17 13:15:00+00:00,True,2024-10-17 13:15:00+00:00,False,,False,,0,8,0.0,,2024-10-17 15:00:00+00:00,2679.5499999999997,BREAKEVEN,0.02016129032256216,0.02016129032256216,1739.645749893308,1739.996484923528
BUY,2024-10-17 15:30:00+00:00,2679.31,2676.89,2676.89,2681.73,2684.15,2686.57,1,75,"['H4 bullish context', 'H1 bullish trend', 'H1 bullish structure', 'Distance filter OK']",SWING_HIGH price=2682.70 zone=(2682.70-2682.70) touches=1 strength=1,SWING_HIGH price=2676.67 zone=(2676.67-2676.67) touches=1 strength=1,None,SWING_LOW price=2676.89 zone=(2676.89-2676.89) touches=1 strength=1,False,,False,,False,,False,,0,1,0.0,,2024-10-17 15:45:00+00:00,2676.89,STOP LOSS,-1.0,-1.0,1739.996484923528,1722.5965200742926
BUY,2024-10-17 16:15:00+00:00,2682.3,2676.89,2687.7100000000005,2687.7100000000005,2693.120000000001,2698.530000000001,1,75,"['H4 bullish context', 'H1 bullish trend', 'H1 bullish structure', 'Distance filter OK']",SWING_HIGH price=2688.79 zone=(2688.79-2688.79) touches=1 strength=1,SWING_HIGH price=2685.70 zone=(2685.70-2685.70) touches=1 strength=1,None,SWING_LOW price=2676.89 zone=(2676.89-2676.89) touches=1 strength=1,True,2024-10-17 16:45:00+00:00,True,2024-10-17 16:45:00+00:00,True,2024-10-17 17:30:00+00:00,False,,1,8,0.0,,2024-10-17 18:15:00+00:00,2687.7100000000005,PROFIT LOCK TP1,1.0,1.0,1722.5965200742926,1739.8224852750354
BUY,2024-10-17 21:15:00+00:00,2691.29,2683.97,2705.9300000000003,2698.61,2705.9300000000003,2713.2500000000005,1,75,"['H4 bullish context', 'H1 bullish trend', 'H1 bullish structure', 'Distance filter OK']",SWING_HIGH price=2696.73 zone=(2696.73-2696.73) touches=1 strength=1,SWING_HIGH price=2688.79 zone=(2688.79-2688.79) touches=1 strength=1,None,SWING_LOW price=2683.97 zone=(2683.97-2683.97) touches=1 strength=1,True,2024-10-18 04:15:00+00:00,True,2024-10-18 04:15:00+00:00,True,2024-10-18 04:45:00+00:00,True,2024-10-18 08:30:00+00:00,2,44,0.0,,2024-10-18 09:15:00+00:00,2705.9300000000003,PROFIT LOCK TP2,2.0,2.0,1739.8224852750354,1774.618934980536
BUY,2024-10-18 14:15:00+00:00,2712.33,2701.75,2701.75,2722.91,2733.49,2744.0699999999997,1,75,"['H4 bullish context', 'H1 bullish trend', 'M15 bullish timing']",SWING_HIGH price=2711.98 zone=(2711.98-2711.98) touches=1 strength=1,SWING_HIGH price=2696.73 zone=(2696.73-2696.73) touches=1 strength=1,None,SWING_LOW price=2701.75 zone=(2701.75-2701.75) touches=1 strength=1,False,,False,,False,,False,,0,8,0.0,,2024-10-18 16:15:00+00:00,2706.5,EXIT SIGNAL,-0.55103969754253,-0.55103969754253,1774.618934980536,1764.8400801686869
BUY,2024-10-18 18:30:00+00:00,2717.53,2704.95,2717.63,2730.1100000000006,2742.690000000001,2755.2700000000013,1,75,"['H4 bullish context', 'H1 bullish trend', 'M15 bullish timing']",None,SWING_HIGH price=2714.08 zone=(2714.08-2714.08) touches=1 strength=1,None,SWING_LOW price=2704.95 zone=(2704.95-2704.95) touches=1 strength=1,True,2024-10-21 05:45:00+00:00,True,2024-10-21 05:45:00+00:00,False,,False,,0,89,0.0,,2024-10-21 17:45:00+00:00,2724.99,EXIT SIGNAL,0.5930047694753064,0.5930047694753064,1764.8400801686869,1775.305666017699
BUY,2024-10-22 03:45:00+00:00,2723.46,2714.03,2723.56,2732.89,2742.3199999999997,2751.7499999999995,1,90,"['H4 bullish context', 'H1 bullish trend', 'M15 bullish timing', 'Distance filter OK']",SWING_HIGH price=2732.86 zone=(2732.86-2732.86) touches=1 strength=1,SWING_HIGH price=2720.12 zone=(2720.12-2720.12) touches=1 strength=1,SWING_LOW price=2727.73 zone=(2727.73-2727.73) touches=1 strength=1,SWING_LOW price=2723.48 zone=(2723.48-2723.48) touches=1 strength=1,True,2024-10-22 06:30:00+00:00,True,2024-10-22 06:30:00+00:00,False,,False,,0,44,0.0,,2024-10-22 14:45:00+00:00,2731.84,EXIT SIGNAL,0.8886532343584576,0.8886532343584576,1775.305666017699,1791.0819772385141
BUY,2024-10-22 16:45:00+00:00,2739.91,2729.48,2729.48,2750.3399999999997,2760.7699999999995,2771.1999999999994,1,90,"['H4 bullish context', 'H1 bullish trend', 'M15 bullish timing', 'Distance filter OK']",SWING_HIGH price=2739.39 zone=(2739.39-2739.39) touches=1 strength=1,SWING_HIGH price=2732.86 zone=(2732.86-2732.86) touches=1 strength=1,None,SWING_LOW price=2729.48 zone=(2729.48-2729.48) touches=1 strength=1,False,,False,,False,,False,,0,43,0.808201964816073,,2024-10-23 04:30:00+00:00,2738.9,EXIT SIGNAL,-0.09683604985616293,-0.09683604985616293,1791.0819772385141,1789.3475642020708
BUY,2024-10-23 07:15:00+00:00,2747.95,2737.87,2748.0499999999997,2758.0299999999997,2768.1099999999997,2778.1899999999996,1,90,"['H4 bullish context', 'H1 bullish trend', 'M15 bullish timing', 'Distance filter OK']",None,SWING_HIGH price=2740.56 zone=(2740.56-2740.56) touches=1 strength=1,None,SWING_LOW price=2737.87 zone=(2737.87-2737.87) touches=1 strength=1,True,2024-10-23 11:30:00+00:00,True,2024-10-23 11:30:00+00:00,False,,False,,0,31,0.7983615086617962,,2024-10-23 15:00:00+00:00,2748.0499999999997,BREAKEVEN,0.009920634920625969,0.009920634920625969,1789.3475642020708,1789.5250788413764
BUY,2024-10-23 15:15:00+00:00,2748.26,2737.87,2737.87,2758.6500000000005,2769.040000000001,2779.430000000001,1,75,"['H4 bullish context', 'H1 bullish trend', 'H1 bullish structure', 'Distance filter OK']",SWING_HIGH price=2758.42 zone=(2758.42-2758.42) touches=1 strength=1,SWING_HIGH price=2740.56 zone=(2740.56-2740.56) touches=1 strength=1,None,SWING_LOW price=2737.87 zone=(2737.87-2737.87) touches=1 strength=1,False,,False,,False,,False,,0,3,1.7903778935751749,,2024-10-23 16:00:00+00:00,2737.87,STOP LOSS,-1.0,-1.0,1789.5250788413764,1771.6298280529627
BUY,2024-10-24 02:15:00+00:00,2719.45,2711.81,2734.7299999999996,2727.0899999999997,2734.7299999999996,2742.3699999999994,1,75,"['H4 bullish context', 'H1 bullish trend', 'H1 bullish structure', 'Distance filter OK']",SWING_HIGH price=2732.86 zone=(2732.86-2732.86) touches=1 strength=1,SWING_HIGH price=2720.12 zone=(2720.12-2720.12) touches=1 strength=1,SWING_LOW price=2723.48 zone=(2723.48-2723.48) touches=1 strength=1,SWING_LOW price=2721.06 zone=(2721.06-2721.06) touches=1 strength=1,True,2024-10-24 08:00:00+00:00,True,2024-10-24 08:00:00+00:00,True,2024-10-24 09:30:00+00:00,True,2024-10-24 16:15:00+00:00,2,58,0.0,,2024-10-24 16:45:00+00:00,2734.7299999999996,PROFIT LOCK TP2,2.0,2.0,1771.6298280529627,1807.062424614022
BUY,2024-10-24 19:15:00+00:00,2727.57,2722.27,2727.67,2732.8700000000003,2738.1700000000005,2743.4700000000007,1,75,"['H4 bullish context', 'H1 bullish trend', 'H1 bullish structure', 'Distance filter OK']",SWING_HIGH price=2739.39 zone=(2739.39-2739.39) touches=1 strength=1,SWING_HIGH price=2732.86 zone=(2732.86-2732.86) touches=1 strength=1,SWING_LOW price=2737.87 zone=(2737.87-2737.87) touches=1 strength=1,SWING_LOW price=2729.48 zone=(2729.48-2729.48) touches=1 strength=1,True,2024-10-24 19:45:00+00:00,True,2024-10-24 19:45:00+00:00,False,,False,,0,27,0.17675405138887476,,2024-10-25 03:00:00+00:00,2734.09,EXIT SIGNAL,1.2301886792452374,1.2301886792452374,1807.062424614022,1829.2927019885183
BUY,2024-10-25 16:15:00+00:00,2726.71,2716.87,2736.55,2736.55,2746.3900000000003,2756.2300000000005,1,90,"['H4 bullish context', 'H1 bullish trend', 'M15 bullish timing', 'Distance filter OK']",SWING_HIGH price=2732.60 zone=(2732.60-2732.60) touches=1 strength=1,SWING_HIGH price=2726.45 zone=(2726.45-2726.45) touches=1 strength=1,SWING_LOW price=2727.73 zone=(2727.73-2727.73) touches=1 strength=1,SWING_LOW price=2723.88 zone=(2723.88-2723.88) touches=1 strength=1,True,2024-10-25 17:00:00+00:00,True,2024-10-25 17:00:00+00:00,True,2024-10-25 23:45:00+00:00,False,,1,31,0.0,,2024-10-28 00:00:00+00:00,2736.55,PROFIT LOCK TP1,1.0,1.0,1829.2927019885183,1847.5856290084034
BUY,2024-10-28 02:15:00+00:00,2733.81,2730.2,2730.2,2737.42,2741.03,2744.6400000000003,1,75,"['H4 bullish context', 'H1 bullish trend', 'H1 bullish structure', 'Distance filter OK']",SWING_HIGH price=2732.60 zone=(2732.60-2732.60) touches=1 strength=1,SWING_HIGH price=2726.45 zone=(2726.45-2726.45) touches=1 strength=1,SWING_LOW price=2737.87 zone=(2737.87-2737.87) touches=1 strength=1,SWING_LOW price=2730.20 zone=(2730.20-2730.20) touches=1 strength=1,False,,False,,False,,False,,0,3,0.9122623267805342,,2024-10-28 03:00:00+00:00,2730.2,STOP LOSS,-1.0,-1.0,1847.5856290084034,1829.1097727183194
BUY,2024-10-28 04:15:00+00:00,2732.03,2730.2,2732.13,2733.8600000000006,2735.690000000001,2737.5200000000013,1,75,"['H4 bullish context', 'H1 bullish trend', 'H1 bullish structure', 'Distance filter OK']",SWING_HIGH price=2737.48 zone=(2737.48-2737.48) touches=1 strength=1,SWING_HIGH price=2732.86 zone=(2732.86-2732.86) touches=1 strength=1,SWING_LOW price=2737.87 zone=(2737.87-2737.87) touches=1 strength=1,SWING_LOW price=2730.20 zone=(2730.20-2730.20) touches=1 strength=1,True,2024-10-28 04:30:00+00:00,True,2024-10-28 04:30:00+00:00,False,,False,,0,1,0.0,,2024-10-28 04:30:00+00:00,2734.48,EXIT SIGNAL,1.3387978142072714,1.3387978142072714,1829.1097727183194,1853.5978543749238
BUY,2024-10-28 05:00:00+00:00,2734.18,2730.2,2730.2,2738.16,2742.14,2746.12,1,75,"['H4 bullish context', 'H1 bullish trend', 'H1 bullish structure', 'Distance filter OK']",SWING_HIGH price=2737.48 zone=(2737.48-2737.48) touches=1 strength=1,SWING_HIGH price=2732.86 zone=(2732.86-2732.86) touches=1 strength=1,SWING_LOW price=2737.87 zone=(2737.87-2737.87) touches=1 strength=1,SWING_LOW price=2730.20 zone=(2730.20-2730.20) touches=1 strength=1,False,,False,,False,,False,,0,3,0.5898210820573981,,2024-10-28 05:45:00+00:00,2730.2,STOP LOSS,-1.0,-1.0,1853.5978543749238,1835.0618758311746
BUY,2024-10-28 07:30:00+00:00,2735.65,2724.73,2724.73,2746.57,2757.4900000000002,2768.4100000000003,1,90,"['H4 bullish context', 'H1 bullish trend', 'M15 bullish timing', 'Distance filter OK']",SWING_HIGH price=2739.39 zone=(2739.39-2739.39) touches=1 strength=1,SWING_HIGH price=2737.48 zone=(2737.48-2737.48) touches=1 strength=1,None,SWING_LOW price=2737.87 zone=(2737.87-2737.87) touches=1 strength=1,False,,False,,False,,False,,0,13,0.9448574353357726,,2024-10-28 10:45:00+00:00,2731.75,EXIT SIGNAL,-0.3571428571428631,-0.3571428571428631,1835.0618758311746,1828.5080834174917
BUY,2024-10-28 14:15:00+00:00,2734.41,2727.65,2747.9299999999994,2741.1699999999996,2747.9299999999994,2754.689999999999,1,90,"['H4 bullish context', 'H1 bullish trend', 'M15 bullish timing', 'Distance filter OK']",SWING_HIGH price=2737.48 zone=(2737.48-2737.48) touches=1 strength=1,SWING_HIGH price=2732.86 zone=(2732.86-2732.86) touches=1 strength=1,SWING_LOW price=2737.87 zone=(2737.87-2737.87) touches=1 strength=1,SWING_LOW price=2730.20 zone=(2730.20-2730.20) touches=1 strength=1,True,2024-10-28 15:30:00+00:00,True,2024-10-28 15:30:00+00:00,True,2024-10-29 03:00:00+00:00,True,2024-10-29 04:00:00+00:00,2,76,0.0,,2024-10-29 10:15:00+00:00,2747.9299999999994,PROFIT LOCK TP2,2.0,2.0,1828.5080834174917,1865.0782450858414
BUY,2024-10-29 14:45:00+00:00,2752.07,2746.31,2763.5900000000006,2757.8300000000004,2763.5900000000006,2769.350000000001,1,90,"['H4 bullish context', 'H1 bullish trend', 'M15 bullish timing', 'Distance filter OK']",SWING_HIGH price=2756.64 zone=(2756.64-2756.64) touches=1 strength=1,SWING_HIGH price=2747.53 zone=(2747.53-2747.53) touches=1 strength=1,None,SWING_LOW price=2746.31 zone=(2746.31-2746.31) touches=1 strength=1,True,2024-10-29 15:30:00+00:00,True,2024-10-29 15:30:00+00:00,True,2024-10-29 15:45:00+00:00,True,2024-10-29 16:15:00+00:00,2,10,0.0,,2024-10-29 17:15:00+00:00,2763.5900000000006,PROFIT LOCK TP2,2.0,2.0,1865.0782450858414,1902.3798099875582
BUY,2024-10-30 12:15:00+00:00,2785.93,2779.53,2779.53,2792.3299999999995,2798.729999999999,2805.1299999999987,1,75,"['H4 bullish context', 'H1 bullish trend', 'H1 bullish structure', 'Distance filter OK']",SWING_HIGH price=2782.18 zone=(2782.18-2782.18) touches=1 strength=1,SWING_HIGH price=2771.71 zone=(2771.71-2771.71) touches=1 strength=1,None,SWING_LOW price=2779.53 zone=(2779.53-2779.53) touches=1 strength=1,False,,False,,False,,False,,0,3,1.0000000000000036,,2024-10-30 13:00:00+00:00,2779.53,STOP LOSS,-1.0,-1.0,1902.3798099875582,1883.3560118876826
BUY,2024-10-30 15:15:00+00:00,2787.13,2779.53,2779.53,2794.73,2802.33,2809.93,1,90,"['H4 bullish context', 'H1 bullish trend', 'M15 bullish timing', 'Distance filter OK']",SWING_HIGH price=2782.18 zone=(2782.18-2782.18) touches=1 strength=1,SWING_HIGH price=2771.71 zone=(2771.71-2771.71) touches=1 strength=1,SWING_LOW price=2779.53 zone=(2779.53-2779.53) touches=1 strength=1,SWING_LOW price=2746.36 zone=(2746.36-2746.36) touches=1 strength=1,False,,False,,False,,False,,0,1,1.9900000000000073,,2024-10-30 15:30:00+00:00,2779.53,STOP LOSS,-1.0,-1.0,1883.3560118876826,1864.5224517688057
BUY,2024-10-31 08:45:00+00:00,2783.86,2783.52,2783.52,2784.2000000000003,2784.5400000000004,2784.8800000000006,1,75,"['H4 bullish context', 'H1 bullish trend', 'H1 bullish structure', 'Distance filter OK']",SWING_HIGH price=2782.18 zone=(2782.18-2782.18) touches=1 strength=1,SWING_HIGH price=2771.71 zone=(2771.71-2771.71) touches=1 strength=1,SWING_LOW price=2783.52 zone=(2783.52-2783.52) touches=1 strength=1,SWING_LOW price=2779.53 zone=(2779.53-2779.53) touches=1 strength=1,False,,False,,False,,False,,0,1,1.0000000000000036,,2024-10-31 09:00:00+00:00,2783.52,STOP LOSS,-1.0,-1.0,1864.5224517688057,1845.8772272511176
BUY,2024-10-31 09:45:00+00:00,2783.75,2783.52,2783.52,2783.98,2784.21,2784.44,1,75,"['H4 bullish context', 'H1 bullish trend', 'H1 bullish structure', 'Distance filter OK']",SWING_HIGH price=2782.18 zone=(2782.18-2782.18) touches=1 strength=1,SWING_HIGH price=2771.71 zone=(2771.71-2771.71) touches=1 strength=1,SWING_LOW price=2783.52 zone=(2783.52-2783.52) touches=1 strength=1,SWING_LOW price=2779.53 zone=(2779.53-2779.53) touches=1 strength=1,False,,False,,False,,False,,0,1,1.9900000000000029,,2024-10-31 10:00:00+00:00,2783.52,STOP LOSS,-1.0,-1.0,1845.8772272511176,1827.4184549786064
BUY,2024-11-01 06:00:00+00:00,2751.66,2744.66,2744.66,2758.66,2765.66,2772.66,1,90,"['H4 bullish context', 'H1 bullish trend', 'M15 bullish timing', 'Distance filter OK']",SWING_HIGH price=2756.64 zone=(2756.64-2756.64) touches=1 strength=1,SWING_HIGH price=2749.47 zone=(2749.47-2749.47) touches=1 strength=1,SWING_LOW price=2770.85 zone=(2770.85-2770.85) touches=1 strength=1,SWING_LOW price=2746.36 zone=(2746.36-2746.36) touches=1 strength=1,False,,False,,False,,False,,0,13,0.23999999999997843,,2024-11-01 09:15:00+00:00,2749.98,EXIT SIGNAL,-0.23999999999997662,-0.23999999999997662,1827.4184549786064,1823.0326506866581
BUY,2024-11-01 10:15:00+00:00,2752.21,2744.66,2744.66,2759.76,2767.3100000000004,2774.8600000000006,1,75,"['H4 bullish context', 'H1 bullish trend', 'H1 bullish structure', 'Distance filter OK']",SWING_HIGH price=2756.64 zone=(2756.64-2756.64) touches=1 strength=1,SWING_HIGH price=2749.47 zone=(2749.47-2749.47) touches=1 strength=1,SWING_LOW price=2770.85 zone=(2770.85-2770.85) touches=1 strength=1,SWING_LOW price=2746.36 zone=(2746.36-2746.36) touches=1 strength=1,False,,False,,False,,False,,0,6,0.39327364238405416,,2024-11-01 11:45:00+00:00,2751.05,EXIT SIGNAL,-0.15364238410593728,-0.15364238410593728,1823.0326506866581,1820.2316998591136
BUY,2024-11-01 12:00:00+00:00,2751.05,2746.86,2746.86,2755.2400000000002,2759.4300000000003,2763.6200000000003,1,75,"['H4 bullish context', 'H1 bullish trend', 'H1 bullish structure', 'Distance filter OK']",SWING_HIGH price=2756.64 zone=(2756.64-2756.64) touches=1 strength=1,SWING_HIGH price=2749.47 zone=(2749.47-2749.47) touches=1 strength=1,SWING_LOW price=2770.85 zone=(2770.85-2770.85) touches=1 strength=1,SWING_LOW price=2746.86 zone=(2746.86-2746.86) touches=1 strength=1,False,,False,,False,,False,,0,2,1.3893409059602164,,2024-11-01 12:30:00+00:00,2746.86,STOP LOSS,-1.0,-1.0,1820.2316998591136,1802.0293828605224
BUY,2024-11-01 14:45:00+00:00,2755.72,2744.62,2744.62,2766.8199999999997,2777.9199999999996,2789.0199999999995,1,90,"['H4 bullish context', 'H1 bullish trend', 'M15 bullish timing', 'Distance filter OK']",SWING_HIGH price=2755.28 zone=(2755.28-2755.28) touches=1 strength=1,SWING_HIGH price=2749.47 zone=(2749.47-2749.47) touches=1 strength=1,SWING_LOW price=2770.85 zone=(2770.85-2770.85) touches=1 strength=1,SWING_LOW price=2746.86 zone=(2746.86-2746.86) touches=1 strength=1,False,,False,,False,,False,,0,7,2.3754474969006125,,2024-11-01 16:30:00+00:00,2744.62,STOP LOSS,-1.0,-1.0,1802.0293828605224,1784.0090890319173
BUY,2024-11-04 05:45:00+00:00,2741.11,2729.36,2729.36,2752.86,2764.61,2776.36,1,90,"['H4 bullish context', 'H1 bullish trend', 'M15 bullish timing', 'Distance filter OK']",SWING_HIGH price=2744.56 zone=(2744.56-2744.56) touches=1 strength=1,SWING_HIGH price=2737.48 zone=(2737.48-2737.48) touches=1 strength=1,SWING_LOW price=2743.03 zone=(2743.03-2743.03) touches=1 strength=1,SWING_LOW price=2739.70 zone=(2739.70-2739.70) touches=1 strength=1,False,,False,,False,,False,,0,10,0.242553191489356,,2024-11-04 08:15:00+00:00,2738.26,EXIT SIGNAL,-0.24255319148935398,-0.24255319148935398,1784.0090890319173,1779.6819180500102
BUY,2024-11-04 11:45:00+00:00,2740.55,2729.36,2729.36,2751.7400000000002,2762.9300000000003,2774.1200000000003,1,90,"['H4 bullish context', 'H1 bullish trend', 'M15 bullish timing', 'Distance filter OK']",SWING_HIGH price=2744.56 zone=(2744.56-2744.56) touches=1 strength=1,SWING_HIGH price=2732.60 zone=(2732.60-2732.60) touches=1 strength=1,SWING_LOW price=2744.62 zone=(2744.62-2744.62) touches=1 strength=1,SWING_LOW price=2743.03 zone=(2743.03-2743.03) touches=1 strength=1,False,,False,,False,,False,,0,7,0.3664699484722584,,2024-11-04 13:30:00+00:00,2739.16,EXIT SIGNAL,-0.1242180518320215,-0.1242180518320215,1779.6819180500102,1777.4712318426016
BUY,2024-11-04 14:00:00+00:00,2740.35,2731.75,2731.75,2748.95,2757.5499999999997,2766.1499999999996,1,90,"['H4 bullish context', 'H1 bullish trend', 'M15 bullish timing', 'Distance filter OK']",SWING_HIGH price=2744.56 zone=(2744.56-2744.56) touches=1 strength=1,SWING_HIGH price=2732.60 zone=(2732.60-2732.60) touches=1 strength=1,SWING_LOW price=2743.03 zone=(2743.03-2743.03) touches=1 strength=1,SWING_LOW price=2739.70 zone=(2739.70-2739.70) touches=1 strength=1,False,,False,,False,,False,,0,16,0.9318323050437403,,2024-11-04 18:00:00+00:00,2735.47,EXIT SIGNAL,-0.567441860465135,-0.567441860465135,1777.4712318426016,1767.3851160154013
BUY,2024-11-04 18:15:00+00:00,2735.47,2731.75,2731.75,2739.1899999999996,2742.9099999999994,2746.629999999999,1,75,"['H4 bullish context', 'H1 bullish trend', 'H1 bullish structure', 'Distance filter OK']",SWING_HIGH price=2744.56 zone=(2744.56-2744.56) touches=1 strength=1,SWING_HIGH price=2732.60 zone=(2732.60-2732.60) touches=1 strength=1,SWING_LOW price=2739.52 zone=(2739.52-2739.52) touches=1 strength=1,SWING_LOW price=2731.75 zone=(2731.75-2731.75) touches=1 strength=1,False,,False,,False,,False,,0,3,1.9225139819933061,,2024-11-04 19:00:00+00:00,2731.75,STOP LOSS,-1.0,-1.0,1767.3851160154013,1749.7112648552472
BUY,2024-11-04 19:15:00+00:00,2734.39,2731.75,2734.49,2737.0299999999997,2739.6699999999996,2742.3099999999995,1,75,"['H4 bullish context', 'H1 bullish trend', 'H1 bullish structure', 'Distance filter OK']",SWING_HIGH price=2744.56 zone=(2744.56-2744.56) touches=1 strength=1,None,SWING_LOW price=2739.52 zone=(2739.52-2739.52) touches=1 strength=1,SWING_LOW price=2731.75 zone=(2731.75-2731.75) touches=1 strength=1,True,2024-11-04 19:30:00+00:00,True,2024-11-04 19:30:00+00:00,False,,False,,0,1,1.29466946922646,,2024-11-04 19:30:00+00:00,2736.08,EXIT SIGNAL,0.6401515151515667,0.6401515151515667,1749.7112648552472,1760.912068027996
BUY,2024-11-04 19:45:00+00:00,2736.08,2731.75,2731.75,2740.41,2744.74,2749.0699999999997,1,75,"['H4 bullish context', 'H1 bullish trend', 'H1 bullish structure', 'Distance filter OK']",SWING_HIGH price=2744.56 zone=(2744.56-2744.56) touches=1 strength=1,None,SWING_LOW price=2739.52 zone=(2739.52-2739.52) touches=1 strength=1,SWING_LOW price=2731.75 zone=(2731.75-2731.75) touches=1 strength=1,False,,False,,False,,False,,0,3,0.9071427673734613,,2024-11-04 20:30:00+00:00,2737.78,EXIT SIGNAL,0.39260969976912274,0.39260969976912274,1760.912068027996,1767.825579611479
BUY,2024-11-04 20:45:00+00:00,2737.78,2731.75,2731.75,2743.8100000000004,2749.8400000000006,2755.870000000001,1,75,"['H4 bullish context', 'H1 bullish trend', 'H1 bullish structure', 'Distance filter OK']",SWING_HIGH price=2744.56 zone=(2744.56-2744.56) touches=1 strength=1,None,SWING_LOW price=2739.52 zone=(2739.52-2739.52) touches=1 strength=1,SWING_LOW price=2731.75 zone=(2731.75-2731.75) touches=1 strength=1,False,,False,,False,,False,,0,12,1.1339224406421584,,2024-11-04 23:45:00+00:00,2736.4,EXIT SIGNAL,-0.22885572139304533,-0.22885572139304533,1767.825579611479,1763.7798096282886
SELL,2024-11-06 08:15:00+00:00,2732.6,2749.7,2732.5,2715.5,2698.4,2681.3,1,80,"['H1 bearish trend', 'H1 bearish structure', 'M15 bearish timing', 'Distance filter OK']",SWING_HIGH price=2739.44 zone=(2739.44-2739.44) touches=1 strength=1,None,SWING_LOW price=2724.54 zone=(2724.54-2724.54) touches=1 strength=1,None,True,2024-11-06 08:30:00+00:00,True,2024-11-06 08:30:00+00:00,False,,False,,0,4,0.0,,2024-11-06 09:15:00+00:00,2732.5,BREAKEVEN,0.005847953216368981,0.005847953216368981,1763.7798096282886,1763.8829546463953
SELL,2024-11-06 10:15:00+00:00,2726.02,2743.68,2690.7000000000003,2708.36,2690.7000000000003,2673.0400000000004,1,80,"['H1 bearish trend', 'H1 bearish structure', 'M15 bearish timing', 'Distance filter OK']",SWING_HIGH price=2739.44 zone=(2739.44-2739.44) touches=1 strength=1,None,SWING_LOW price=2724.54 zone=(2724.54-2724.54) touches=1 strength=1,SWING_LOW price=2701.32 zone=(2701.32-2701.32) touches=1 strength=1,True,2024-11-06 13:30:00+00:00,True,2024-11-06 13:30:00+00:00,True,2024-11-06 15:00:00+00:00,True,2024-11-06 15:30:00+00:00,2,89,0.033904978563306855,,2024-11-07 09:30:00+00:00,2664.0,EXIT SIGNAL,3.511891279728227,3.511891279728227,1763.8829546463953,1825.8286063152345
SELL,2024-11-08 18:45:00+00:00,2687.61,2703.89,2655.0500000000006,2671.3300000000004,2655.0500000000006,2638.770000000001,1,80,"['H1 bearish trend', 'H1 bearish structure', 'M15 bearish timing', 'Distance filter OK']",SWING_HIGH price=2700.20 zone=(2700.20-2700.20) touches=1 strength=1,SWING_HIGH price=2678.07 zone=(2678.07-2678.07) touches=1 strength=1,SWING_LOW price=2687.53 zone=(2687.53-2687.53) touches=1 strength=1,SWING_LOW price=2680.10 zone=(2680.10-2680.10) touches=1 strength=1,True,2024-11-11 04:00:00+00:00,True,2024-11-11 04:00:00+00:00,True,2024-11-11 15:00:00+00:00,True,2024-11-11 15:30:00+00:00,2,171,0.0,,2024-11-12 15:30:00+00:00,2606.22,EXIT SIGNAL,4.999385749385848,4.999385749385848,1825.8286063152345,1917.1088214675688
SELL,2024-11-12 18:45:00+00:00,2600.22,2616.79,2616.79,2583.6499999999996,2567.0799999999995,2550.5099999999993,1,80,"['H1 bearish trend', 'H1 bearish structure', 'M15 bearish timing', 'Distance filter OK']",SWING_HIGH price=2616.79 zone=(2616.79-2616.79) touches=1 strength=1,None,SWING_LOW price=2610.38 zone=(2610.38-2610.38) touches=1 strength=1,SWING_LOW price=2589.52 zone=(2589.52-2589.52) touches=1 strength=1,False,,False,,False,,False,,0,30,0.5619772917759576,,2024-11-13 03:15:00+00:00,2608.11,EXIT SIGNAL,-0.4761617380808841,-0.4761617380808841,1917.1088214675688,1907.9802827823669
SELL,2024-11-13 08:15:00+00:00,2604.3,2613.16,2613.16,2595.4400000000005,2586.580000000001,2577.720000000001,1,90,"['H4 bearish context', 'H1 bearish trend', 'M15 bearish timing', 'Distance filter OK']",SWING_HIGH price=2613.16 zone=(2613.16-2613.16) touches=1 strength=1,None,SWING_LOW price=2610.38 zone=(2610.38-2610.38) touches=1 strength=1,SWING_LOW price=2594.90 zone=(2594.90-2594.90) touches=1 strength=1,False,,False,,False,,False,,0,12,1.1242622734556407,,2024-11-13 11:15:00+00:00,2609.31,EXIT SIGNAL,-0.5654627539503329,-0.5654627539503329,1907.9802827823669,1897.1913649305163
SELL,2024-11-13 12:15:00+00:00,2607.44,2613.16,2613.16,2601.7200000000003,2596.0000000000005,2590.2800000000007,1,75,"['H4 bearish context', 'H1 bearish trend', 'H1 bearish structure', 'Distance filter OK']",SWING_HIGH price=2613.16 zone=(2613.16-2613.16) touches=1 strength=1,None,SWING_LOW price=2610.38 zone=(2610.38-2610.38) touches=1 strength=1,SWING_LOW price=2603.41 zone=(2603.41-2603.41) touches=1 strength=1,False,,False,,False,,False,,0,3,1.4526956680018854,,2024-11-13 13:00:00+00:00,2609.34,EXIT SIGNAL,-0.33216783216785967,-0.33216783216785967,1897.1913649305163,1890.8895055015507
SELL,2024-11-13 13:15:00+00:00,2609.34,2611.41,2609.2400000000002,2607.2700000000004,2605.2000000000007,2603.130000000001,1,75,"['H4 bearish context', 'H1 bearish trend', 'H1 bearish structure', 'Distance filter OK']",SWING_HIGH price=2611.41 zone=(2611.41-2611.41) touches=1 strength=1,None,SWING_LOW price=2618.39 zone=(2618.39-2618.39) touches=1 strength=1,SWING_LOW price=2610.38 zone=(2610.38-2610.38) touches=1 strength=1,True,2024-11-13 13:30:00+00:00,True,2024-11-13 13:30:00+00:00,False,,False,,0,1,0.9147321226145213,,2024-11-13 13:30:00+00:00,2608.21,EXIT SIGNAL,0.5458937198068927,0.5458937198068927,1890.8895055015507,1901.2117525605713
SELL,2024-11-13 13:45:00+00:00,2608.21,2611.41,2611.41,2605.01,2601.8100000000004,2598.6100000000006,1,75,"['H4 bearish context', 'H1 bearish trend', 'H1 bearish structure', 'Distance filter OK']",SWING_HIGH price=2611.41 zone=(2611.41-2611.41) touches=1 strength=1,None,SWING_LOW price=2618.39 zone=(2618.39-2618.39) touches=1 strength=1,SWING_LOW price=2610.38 zone=(2610.38-2610.38) touches=1 strength=1,False,,False,,False,,False,,0,1,1.905584801388371,,2024-11-13 14:00:00+00:00,2611.41,STOP LOSS,-1.0,-1.0,1901.2117525605713,1882.1996350349657
SELL,2024-11-13 14:15:00+00:00,2611.19,2611.41,2610.7500000000005,2610.9700000000003,2610.7500000000005,2610.5300000000007,1,75,"['H4 bearish context', 'H1 bearish trend', 'H1 bearish structure', 'Distance filter OK']",SWING_HIGH price=2611.41 zone=(2611.41-2611.41) touches=1 strength=1,None,SWING_LOW price=2610.38 zone=(2610.38-2610.38) touches=1 strength=1,SWING_LOW price=2603.41 zone=(2603.41-2603.41) touches=1 strength=1,True,2024-11-13 14:30:00+00:00,True,2024-11-13 14:30:00+00:00,True,2024-11-13 14:30:00+00:00,True,2024-11-13 14:30:00+00:00,2,1,0.03287323850375934,,2024-11-13 14:30:00+00:00,2610.77,EXIT SIGNAL,1.9090909090929762,1.9090909090929762,1882.1996350349657,1918.1325371583994
SELL,2024-11-13 14:45:00+00:00,2610.77,2611.41,2609.4900000000002,2610.13,2609.4900000000002,2608.8500000000004,1,75,"['H4 bearish context', 'H1 bearish trend', 'H1 bearish structure', 'Distance filter OK']",SWING_HIGH price=2611.41 zone=(2611.41-2611.41) touches=1 strength=1,None,SWING_LOW price=2610.38 zone=(2610.38-2610.38) touches=1 strength=1,SWING_LOW price=2603.41 zone=(2603.41-2603.41) touches=1 strength=1,True,2024-11-13 15:00:00+00:00,True,2024-11-13 15:00:00+00:00,True,2024-11-13 15:00:00+00:00,True,2024-11-13 15:00:00+00:00,2,1,0.0,,2024-11-13 15:00:00+00:00,2607.86,EXIT SIGNAL,4.546875000000678,4.546875000000678,1918.1325371583994,2005.3476259573335
SELL,2024-11-13 18:15:00+00:00,2601.75,2618.65,2567.95,2584.85,2567.95,2551.0499999999997,1,90,"['H4 bearish context', 'H1 bearish trend', 'M15 bearish timing', 'Distance filter OK']",SWING_HIGH price=2611.41 zone=(2611.41-2611.41) touches=1 strength=1,None,SWING_LOW price=2589.52 zone=(2589.52-2589.52) touches=1 strength=1,None,True,2024-11-13 18:45:00+00:00,True,2024-11-13 18:45:00+00:00,True,2024-11-14 03:00:00+00:00,True,2024-11-14 09:00:00+00:00,2,85,0.0,,2024-11-14 16:30:00+00:00,2561.34,EXIT SIGNAL,2.3911242603550082,2.3911242603550082,2005.3476259573335,2053.297979546053
SELL,2024-11-14 23:15:00+00:00,2568.17,2576.87,2576.87,2559.4700000000003,2550.7700000000004,2542.0700000000006,1,75,"['H4 bearish context', 'H1 bearish trend', 'H1 bearish structure', 'Distance filter OK']",SWING_HIGH price=2565.10 zone=(2565.10-2565.10) touches=1 strength=1,None,SWING_LOW price=2577.33 zone=(2577.33-2577.33) touches=1 strength=1,SWING_LOW price=2558.71 zone=(2558.71-2558.71) touches=1 strength=1,False,,False,,False,,False,,0,13,0.0,,2024-11-15 03:30:00+00:00,2564.74,EXIT SIGNAL,0.3942528735632601,0.3942528735632601,2053.297979546053,2061.3931658332294
SELL,2024-11-15 05:15:00+00:00,2569.22,2571.7,2571.7,2566.74,2564.2599999999998,2561.7799999999997,1,75,"['H4 bearish context', 'H1 bearish trend', 'H1 bearish structure', 'Distance filter OK']",SWING_HIGH price=2571.70 zone=(2571.70-2571.70) touches=1 strength=1,SWING_HIGH price=2565.10 zone=(2565.10-2565.10) touches=1 strength=1,SWING_LOW price=2577.33 zone=(2577.33-2577.33) touches=1 strength=1,SWING_LOW price=2563.90 zone=(2563.90-2563.90) touches=1 strength=1,False,,False,,False,,False,,0,3,0.0,,2024-11-15 06:00:00+00:00,2568.37,EXIT SIGNAL,0.3427419354838318,0.3427419354838318,2061.3931658332294,2068.4584246677377
SELL,2024-11-15 06:15:00+00:00,2568.37,2571.7,2561.71,2565.04,2561.71,2558.38,1,75,"['H4 bearish context', 'H1 bearish trend', 'H1 bearish structure', 'Distance filter OK']",SWING_HIGH price=2571.70 zone=(2571.70-2571.70) touches=1 strength=1,SWING_HIGH price=2565.10 zone=(2565.10-2565.10) touches=1 strength=1,SWING_LOW price=2577.33 zone=(2577.33-2577.33) touches=1 strength=1,SWING_LOW price=2563.90 zone=(2563.90-2563.90) touches=1 strength=1,True,2024-11-15 07:30:00+00:00,True,2024-11-15 07:30:00+00:00,True,2024-11-15 07:45:00+00:00,True,2024-11-15 08:00:00+00:00,2,10,0.0,,2024-11-15 08:45:00+00:00,2561.71,PROFIT LOCK TP2,2.0,2.0,2068.4584246677377,2109.8275931610924
SELL,2024-11-15 10:30:00+00:00,2563.29,2571.7,2571.7,2554.88,2546.4700000000003,2538.0600000000004,1,75,"['H4 bearish context', 'H1 bearish trend', 'H1 bearish structure', 'Distance filter OK']",SWING_HIGH price=2571.70 zone=(2571.70-2571.70) touches=1 strength=1,SWING_HIGH price=2565.10 zone=(2565.10-2565.10) touches=1 strength=1,SWING_LOW price=2577.33 zone=(2577.33-2577.33) touches=1 strength=1,SWING_LOW price=2563.90 zone=(2563.90-2563.90) touches=1 strength=1,False,,False,,False,,False,,0,3,0.0,,2024-11-15 11:15:00+00:00,2565.99,EXIT SIGNAL,-0.32104637336502556,-0.32104637336502556,2109.8275931610924,2103.054068188994
SELL,2024-11-15 12:30:00+00:00,2569.11,2571.7,2569.01,2566.5200000000004,2563.9300000000007,2561.340000000001,1,75,"['H4 bearish context', 'H1 bearish trend', 'H1 bearish structure', 'Distance filter OK']",SWING_HIGH price=2571.70 zone=(2571.70-2571.70) touches=1 strength=1,SWING_HIGH price=2565.10 zone=(2565.10-2565.10) touches=1 strength=1,SWING_LOW price=2577.33 zone=(2577.33-2577.33) touches=1 strength=1,SWING_LOW price=2563.90 zone=(2563.90-2563.90) touches=1 strength=1,True,2024-11-15 13:00:00+00:00,True,2024-11-15 13:00:00+00:00,False,,False,,0,2,0.0,,2024-11-15 13:00:00+00:00,2567.84,EXIT SIGNAL,0.4903474903475419,0.4903474903475419,2103.054068188994,2113.36634103301
SELL,2024-11-15 13:15:00+00:00,2567.84,2571.7,2571.7,2563.9800000000005,2560.120000000001,2556.260000000001,1,75,"['H4 bearish context', 'H1 bearish trend', 'H1 bearish structure', 'Distance filter OK']",SWING_HIGH price=2571.70 zone=(2571.70-2571.70) touches=1 strength=1,SWING_HIGH price=2565.10 zone=(2565.10-2565.10) touches=1 strength=1,SWING_LOW price=2577.33 zone=(2577.33-2577.33) touches=1 strength=1,SWING_LOW price=2563.90 zone=(2563.90-2563.90) touches=1 strength=1,False,,False,,False,,False,,0,1,0.0,,2024-11-15 13:30:00+00:00,2571.7,STOP LOSS,-1.0,-1.0,2113.36634103301,2092.23267762268
SELL,2024-11-15 14:00:00+00:00,2570.57,2571.7,2568.310000000001,2569.4400000000005,2568.310000000001,2567.180000000001,1,75,"['H4 bearish context', 'H1 bearish trend', 'H1 bearish structure', 'Distance filter OK']",SWING_HIGH price=2571.70 zone=(2571.70-2571.70) touches=1 strength=1,SWING_HIGH price=2565.10 zone=(2565.10-2565.10) touches=1 strength=1,SWING_LOW price=2577.33 zone=(2577.33-2577.33) touches=1 strength=1,SWING_LOW price=2563.90 zone=(2563.90-2563.90) touches=1 strength=1,True,2024-11-15 14:15:00+00:00,True,2024-11-15 14:15:00+00:00,True,2024-11-15 14:15:00+00:00,True,2024-11-15 14:15:00+00:00,2,1,0.0,,2024-11-15 14:15:00+00:00,2568.01,EXIT SIGNAL,2.2654867256643616,2.2654867256643616,2092.23267762268,2139.6319312042338
SELL,2024-11-15 14:30:00+00:00,2568.01,2571.7,2571.7,2564.3200000000006,2560.630000000001,2556.9400000000014,1,75,"['H4 bearish context', 'H1 bearish trend', 'H1 bearish structure', 'Distance filter OK']",SWING_HIGH price=2571.70 zone=(2571.70-2571.70) touches=1 strength=1,SWING_HIGH price=2565.10 zone=(2565.10-2565.10) touches=1 strength=1,SWING_LOW price=2577.33 zone=(2577.33-2577.33) touches=1 strength=1,SWING_LOW price=2563.90 zone=(2563.90-2563.90) touches=1 strength=1,False,,False,,False,,False,,0,2,0.0,,2024-11-15 15:00:00+00:00,2571.7,STOP LOSS,-1.0,-1.0,2139.6319312042338,2118.235611892191
SELL,2024-11-15 15:30:00+00:00,2569.98,2571.7,2566.5400000000004,2568.26,2566.5400000000004,2564.8200000000006,1,75,"['H4 bearish context', 'H1 bearish trend', 'H1 bearish structure', 'Distance filter OK']",SWING_HIGH price=2571.70 zone=(2571.70-2571.70) touches=1 strength=1,SWING_HIGH price=2565.10 zone=(2565.10-2565.10) touches=1 strength=1,SWING_LOW price=2577.33 zone=(2577.33-2577.33) touches=1 strength=1,SWING_LOW price=2563.90 zone=(2563.90-2563.90) touches=1 strength=1,True,2024-11-15 15:45:00+00:00,True,2024-11-15 15:45:00+00:00,True,2024-11-15 15:45:00+00:00,True,2024-11-15 15:45:00+00:00,2,1,0.0,,2024-11-15 15:45:00+00:00,2565.13,EXIT SIGNAL,2.81976744186074,2.81976744186074,2118.235611892191,2177.964930018227
SELL,2024-11-15 16:15:00+00:00,2571.09,2571.7,2571.7,2570.4800000000005,2569.870000000001,2569.260000000001,1,75,"['H4 bearish context', 'H1 bearish trend', 'H1 bearish structure', 'Distance filter OK']",SWING_HIGH price=2576.87 zone=(2576.87-2576.87) touches=1 strength=1,SWING_HIGH price=2571.70 zone=(2571.70-2571.70) touches=1 strength=1,SWING_LOW price=2577.33 zone=(2577.33-2577.33) touches=1 strength=1,SWING_LOW price=2563.90 zone=(2563.90-2563.90) touches=1 strength=1,False,,False,,False,,False,,0,1,0.0,,2024-11-15 16:30:00+00:00,2571.7,STOP LOSS,-1.0,-1.0,2177.964930018227,2156.1852807180444
SELL,2024-11-15 16:45:00+00:00,2570.55,2571.7,2571.7,2569.4000000000005,2568.250000000001,2567.1000000000013,1,75,"['H4 bearish context', 'H1 bearish trend', 'H1 bearish structure', 'Distance filter OK']",SWING_HIGH price=2576.87 zone=(2576.87-2576.87) touches=1 strength=1,SWING_HIGH price=2571.70 zone=(2571.70-2571.70) touches=1 strength=1,SWING_LOW price=2577.33 zone=(2577.33-2577.33) touches=1 strength=1,SWING_LOW price=2563.90 zone=(2563.90-2563.90) touches=1 strength=1,False,,False,,False,,False,,0,1,0.0,,2024-11-15 17:00:00+00:00,2571.7,STOP LOSS,-1.0,-1.0,2156.1852807180444,2134.623427910864
SELL,2024-11-15 18:30:00+00:00,2566.32,2571.7,2566.2200000000003,2560.9400000000005,2555.560000000001,2550.180000000001,1,90,"['H4 bearish context', 'H1 bearish trend', 'M15 bearish timing', 'Distance filter OK']",SWING_HIGH price=2565.10 zone=(2565.10-2565.10) touches=1 strength=1,None,SWING_LOW price=2563.10 zone=(2563.10-2563.10) touches=1 strength=1,SWING_LOW price=2561.04 zone=(2561.04-2561.04) touches=1 strength=1,True,2024-11-15 19:00:00+00:00,True,2024-11-15 19:00:00+00:00,False,,False,,0,7,0.0,,2024-11-15 20:15:00+00:00,2566.2200000000003,BREAKEVEN,0.018587360594779827,0.018587360594779827,2134.623427910864,2135.0201980647507
SELL,2024-11-19 17:00:00+00:00,2623.48,2625.58,2625.58,2621.38,2619.28,2617.1800000000003,1,90,"['H4 bearish context', 'H1 bearish trend', 'M15 bearish timing', 'Distance filter OK']",SWING_HIGH price=2625.58 zone=(2625.58-2625.58) touches=1 strength=1,SWING_HIGH price=2618.65 zone=(2618.65-2618.65) touches=1 strength=1,SWING_LOW price=2666.88 zone=(2666.88-2666.88) touches=1 strength=1,SWING_LOW price=2618.39 zone=(2618.39-2618.39) touches=1 strength=1,False,,False,,False,,False,,0,1,0.9999999999999948,,2024-11-19 17:15:00+00:00,2625.58,STOP LOSS,-1.0,-1.0,2135.0201980647507,2113.6699960841033
SELL,2024-11-19 17:45:00+00:00,2626.48,2639.39,2639.39,2613.57,2600.6600000000003,2587.7500000000005,1,90,"['H4 bearish context', 'H1 bearish trend', 'M15 bearish timing', 'Distance filter OK']",SWING_HIGH price=2625.58 zone=(2625.58-2625.58) touches=1 strength=1,SWING_HIGH price=2618.65 zone=(2618.65-2618.65) touches=1 strength=1,None,SWING_LOW price=2618.39 zone=(2618.39-2618.39) touches=1 strength=1,False,,False,,False,,False,,0,7,1.277598760650648,,2024-11-19 19:30:00+00:00,2630.1,EXIT SIGNAL,-0.2804027885360133,-0.2804027885360133,2113.6699960841033,2107.7432064746345
SELL,2024-11-20 08:15:00+00:00,2630.88,2641.75,2630.78,2620.01,2609.1400000000003,2598.2700000000004,1,90,"['H4 bearish context', 'H1 bearish trend', 'M15 bearish timing', 'Distance filter OK']",SWING_HIGH price=2633.06 zone=(2633.06-2633.06) touches=1 strength=1,SWING_HIGH price=2627.00 zone=(2627.00-2627.00) touches=1 strength=1,None,SWING_LOW price=2620.96 zone=(2620.96-2620.96) touches=1 strength=1,True,2024-11-20 10:00:00+00:00,True,2024-11-20 10:00:00+00:00,False,,False,,0,25,0.0,,2024-11-20 14:30:00+00:00,2630.78,BREAKEVEN,0.009199632014711136,0.009199632014711136,2107.7432064746345,2107.9371110934453
BUY,2024-11-21 21:45:00+00:00,2669.38,2661.31,2685.5200000000004,2677.4500000000003,2685.5200000000004,2693.5900000000006,1,80,"['H1 bullish trend', 'H1 bullish structure', 'M15 bullish timing', 'Distance filter OK']",SWING_HIGH price=2673.44 zone=(2673.44-2673.44) touches=1 strength=1,SWING_HIGH price=2660.42 zone=(2660.42-2660.42) touches=1 strength=1,None,SWING_LOW price=2661.31 zone=(2661.31-2661.31) touches=1 strength=1,True,2024-11-22 03:00:00+00:00,True,2024-11-22 03:00:00+00:00,True,2024-11-22 04:30:00+00:00,True,2024-11-22 09:30:00+00:00,2,67,0.0,,2024-11-22 15:30:00+00:00,2692.08,EXIT SIGNAL,2.8128872366789786,2.8128872366789786,2107.9371110934453,2167.2310050486126
SELL,2024-11-26 18:30:00+00:00,2627.33,2641.7,2641.7,2612.96,2598.59,2584.2200000000003,1,90,"['H4 bearish context', 'H1 bearish trend', 'M15 bearish timing', 'Distance filter OK']",SWING_HIGH price=2631.25 zone=(2631.25-2631.25) touches=1 strength=1,SWING_HIGH price=2625.58 zone=(2625.58-2625.58) touches=1 strength=1,SWING_LOW price=2645.37 zone=(2645.37-2645.37) touches=1 strength=1,SWING_LOW price=2620.96 zone=(2620.96-2620.96) touches=1 strength=1,False,,False,,False,,False,,0,14,0.1370911621433815,,2024-11-26 22:00:00+00:00,2629.3,EXIT SIGNAL,-0.13709116214337297,-0.13709116214337297,2167.2310050486126,2164.2599228774598
SELL,2024-11-27 02:45:00+00:00,2627.94,2641.7,2641.7,2614.1800000000003,2600.4200000000005,2586.6600000000008,1,90,"['H4 bearish context', 'H1 bearish trend', 'M15 bearish timing', 'Distance filter OK']",SWING_HIGH price=2628.53 zone=(2628.53-2628.53) touches=1 strength=1,SWING_HIGH price=2625.58 zone=(2625.58-2625.58) touches=1 strength=1,SWING_LOW price=2645.37 zone=(2645.37-2645.37) touches=1 strength=1,SWING_LOW price=2620.96 zone=(2620.96-2620.96) touches=1 strength=1,False,,False,,False,,False,,0,6,0.6569767441860641,,2024-11-27 04:15:00+00:00,2636.98,EXIT SIGNAL,-0.6569767441860551,-0.6569767441860551,2164.2599228774598,2150.0412385004156
SELL,2024-11-27 17:30:00+00:00,2642.32,2658.2,2642.2200000000003,2626.4400000000005,2610.560000000001,2594.680000000001,1,90,"['H4 bearish context', 'H1 bearish trend', 'M15 bearish timing', 'Distance filter OK']",SWING_HIGH price=2653.68 zone=(2653.68-2653.68) touches=1 strength=1,SWING_HIGH price=2641.75 zone=(2641.75-2641.75) touches=1 strength=1,SWING_LOW price=2643.41 zone=(2643.41-2643.41) touches=1 strength=1,SWING_LOW price=2626.87 zone=(2626.87-2626.87) touches=1 strength=1,True,2024-11-28 03:00:00+00:00,True,2024-11-28 03:00:00+00:00,False,,False,,0,56,0.05209314002384671,,2024-11-28 08:30:00+00:00,2637.85,EXIT SIGNAL,0.28148614609574,0.28148614609574,2150.0412385004156,2156.0933067221395
SELL,2024-11-28 08:45:00+00:00,2637.85,2638.41,2636.73,2637.29,2636.73,2636.17,1,75,"['H4 bearish context', 'H1 bearish trend', 'H1 bearish structure', 'Distance filter OK']",SWING_HIGH price=2638.41 zone=(2638.41-2638.41) touches=1 strength=1,SWING_HIGH price=2634.09 zone=(2634.09-2634.09) touches=1 strength=1,SWING_LOW price=2643.41 zone=(2643.41-2643.41) touches=1 strength=1,SWING_LOW price=2633.90 zone=(2633.90-2633.90) touches=1 strength=1,True,2024-11-28 09:00:00+00:00,True,2024-11-28 09:00:00+00:00,True,2024-11-28 09:00:00+00:00,True,2024-11-28 09:00:00+00:00,2,1,0.0,,2024-11-28 09:00:00+00:00,2636.45,EXIT SIGNAL,2.500000000000406,2.500000000000406,2156.0933067221395,2209.9956393902016
SELL,2024-11-28 09:30:00+00:00,2638.33,2638.41,2638.17,2638.25,2638.17,2638.09,1,75,"['H4 bearish context', 'H1 bearish trend', 'H1 bearish structure', 'Distance filter OK']",SWING_HIGH price=2638.41 zone=(2638.41-2638.41) touches=1 strength=1,SWING_HIGH price=2634.09 zone=(2634.09-2634.09) touches=1 strength=1,SWING_LOW price=2643.41 zone=(2643.41-2643.41) touches=1 strength=1,SWING_LOW price=2633.90 zone=(2633.90-2633.90) touches=1 strength=1,True,2024-11-28 09:45:00+00:00,True,2024-11-28 09:45:00+00:00,True,2024-11-28 09:45:00+00:00,True,2024-11-28 09:45:00+00:00,2,1,0.0,,2024-11-28 09:45:00+00:00,2637.36,EXIT SIGNAL,12.125000000008527,12.125000000008527,2209.9956393902016,2477.957610666452
SELL,2024-11-28 10:00:00+00:00,2637.36,2638.41,2638.41,2636.3100000000004,2635.2600000000007,2634.210000000001,1,75,"['H4 bearish context', 'H1 bearish trend', 'H1 bearish structure', 'Distance filter OK']",SWING_HIGH price=2638.41 zone=(2638.41-2638.41) touches=1 strength=1,SWING_HIGH price=2634.09 zone=(2634.09-2634.09) touches=1 strength=1,SWING_LOW price=2643.41 zone=(2643.41-2643.41) touches=1 strength=1,SWING_LOW price=2633.90 zone=(2633.90-2633.90) touches=1 strength=1,False,,False,,False,,False,,0,1,0.0,,2024-11-28 10:15:00+00:00,2638.41,STOP LOSS,-1.0,-1.0,2477.957610666452,2453.1780345597876
SELL,2024-11-28 17:00:00+00:00,2641.27,2649.57,2649.57,2632.97,2624.6699999999996,2616.3699999999994,1,90,"['H4 bearish context', 'H1 bearish trend', 'M15 bearish timing', 'Distance filter OK']",SWING_HIGH price=2641.70 zone=(2641.70-2641.70) touches=1 strength=1,SWING_HIGH price=2638.41 zone=(2638.41-2638.41) touches=1 strength=1,SWING_LOW price=2643.41 zone=(2643.41-2643.41) touches=1 strength=1,SWING_LOW price=2633.90 zone=(2633.90-2633.90) touches=1 strength=1,False,,False,,False,,False,,0,27,0.7673094935037006,,2024-11-29 03:15:00+00:00,2644.88,EXIT SIGNAL,-0.4349397590361504,-0.4349397590361504,2453.1780345597876,2442.508187927546
SELL,2024-12-02 18:30:00+00:00,2642.98,2651.57,2642.88,2634.39,2625.7999999999997,2617.2099999999996,1,75,"['H4 bearish context', 'H1 bearish trend', 'H1 bearish structure', 'Distance filter OK']",SWING_HIGH price=2641.70 zone=(2641.70-2641.70) touches=1 strength=1,SWING_HIGH price=2638.41 zone=(2638.41-2638.41) touches=1 strength=1,SWING_LOW price=2643.41 zone=(2643.41-2643.41) touches=1 strength=1,SWING_LOW price=2636.26 zone=(2636.26-2636.26) touches=1 strength=1,True,2024-12-02 20:15:00+00:00,True,2024-12-02 20:15:00+00:00,False,,False,,0,16,0.0,,2024-12-02 22:30:00+00:00,2642.88,BREAKEVEN,0.01164144353898805,0.01164144353898805,2442.508187927546,2442.792531139178
SELL,2024-12-03 04:30:00+00:00,2635.43,2644.12,2644.12,2626.74,2618.0499999999997,2609.3599999999997,1,90,"['H4 bearish context', 'H1 bearish trend', 'M15 bearish timing', 'Distance filter OK']",SWING_HIGH price=2638.41 zone=(2638.41-2638.41) touches=1 strength=1,SWING_HIGH price=2634.09 zone=(2634.09-2634.09) touches=1 strength=1,SWING_LOW price=2643.41 zone=(2643.41-2643.41) touches=1 strength=1,SWING_LOW price=2636.26 zone=(2636.26-2636.26) touches=1 strength=1,False,,False,,False,,False,,0,6,0.6087456846950434,,2024-12-03 06:00:00+00:00,2640.72,EXIT SIGNAL,-0.6087456846950438,-0.6087456846950438,2442.792531139178,2427.9221370198156
SELL,2024-12-03 10:15:00+00:00,2640.52,2650.03,2650.03,2631.0099999999998,2621.4999999999995,2611.9899999999993,1,90,"['H4 bearish context', 'H1 bearish trend', 'M15 bearish timing', 'Distance filter OK']",SWING_HIGH price=2645.25 zone=(2645.25-2645.25) touches=1 strength=1,SWING_HIGH price=2644.12 zone=(2644.12-2644.12) touches=1 strength=1,SWING_LOW price=2650.62 zone=(2650.62-2650.62) touches=1 strength=1,SWING_LOW price=2643.41 zone=(2643.41-2643.41) touches=1 strength=1,False,,False,,False,,False,,0,6,0.9494559781418378,,2024-12-03 11:45:00+00:00,2643.78,EXIT SIGNAL,-0.34279705573082475,-0.34279705573082475,2427.9221370198156,2419.599291418675
SELL,2024-12-03 14:15:00+00:00,2642.09,2647.84,2647.84,2636.34,2630.59,2624.84,1,90,"['H4 bearish context', 'H1 bearish trend', 'M15 bearish timing', 'Distance filter OK']",SWING_HIGH price=2641.70 zone=(2641.70-2641.70) touches=1 strength=1,SWING_HIGH price=2638.41 zone=(2638.41-2638.41) touches=1 strength=1,SWING_LOW price=2643.41 zone=(2643.41-2643.41) touches=1 strength=1,SWING_LOW price=2639.11 zone=(2639.11-2639.11) touches=1 strength=1,False,,False,,False,,False,,0,6,1.9399614183604184,,2024-12-03 15:45:00+00:00,2647.84,STOP LOSS,-1.0,-1.0,2419.599291418675,2395.4032985044882
SELL,2024-12-03 17:30:00+00:00,2639.08,2647.84,2647.84,2630.3199999999997,2621.5599999999995,2612.7999999999993,1,90,"['H4 bearish context', 'H1 bearish trend', 'M15 bearish timing', 'Distance filter OK']",SWING_HIGH price=2641.70 zone=(2641.70-2641.70) touches=1 strength=1,SWING_HIGH price=2638.41 zone=(2638.41-2638.41) touches=1 strength=1,SWING_LOW price=2643.41 zone=(2643.41-2643.41) touches=1 strength=1,SWING_LOW price=2639.11 zone=(2639.11-2639.11) touches=1 strength=1,False,,False,,False,,False,,0,5,2.9205618041768067,,2024-12-03 18:45:00+00:00,2647.84,STOP LOSS,-1.0,-1.0,2395.4032985044882,2371.4492655194435
SELL,2024-12-03 21:15:00+00:00,2643.47,2655.55,2655.55,2631.3899999999994,2619.309999999999,2607.2299999999987,1,90,"['H4 bearish context', 'H1 bearish trend', 'M15 bearish timing', 'Distance filter OK']",SWING_HIGH price=2641.70 zone=(2641.70-2641.70) touches=1 strength=1,SWING_HIGH price=2638.41 zone=(2638.41-2638.41) touches=1 strength=1,SWING_LOW price=2643.41 zone=(2643.41-2643.41) touches=1 strength=1,SWING_LOW price=2639.11 zone=(2639.11-2639.11) touches=1 strength=1,False,,False,,False,,False,,0,24,0.18762346367791446,,2024-12-04 04:15:00+00:00,2643.87,EXIT SIGNAL,-0.03311258278146344,-0.03311258278146344,2371.4492655194435,2370.664017418278
SELL,2024-12-04 05:30:00+00:00,2643.34,2649.11,2649.11,2637.57,2631.8,2626.03,1,75,"['H4 bearish context', 'H1 bearish trend', 'H1 bearish structure', 'Distance filter OK']",SWING_HIGH price=2645.25 zone=(2645.25-2645.25) touches=1 strength=1,SWING_HIGH price=2644.12 zone=(2644.12-2644.12) touches=1 strength=1,SWING_LOW price=2650.62 zone=(2650.62-2650.62) touches=1 strength=1,SWING_LOW price=2643.41 zone=(2643.41-2643.41) touches=1 strength=1,False,,False,,False,,False,,0,3,0.6148965486773829,,2024-12-04 06:15:00+00:00,2645.81,EXIT SIGNAL,-0.42807625649910014,-0.42807625649910014,2370.664017418278,2360.515767638343
SELL,2024-12-04 06:45:00+00:00,2646.91,2649.11,2649.11,2644.7099999999996,2642.5099999999993,2640.309999999999,1,75,"['H4 bearish context', 'H1 bearish trend', 'H1 bearish structure', 'Distance filter OK']",SWING_HIGH price=2649.11 zone=(2649.11-2649.11) touches=1 strength=1,SWING_HIGH price=2647.94 zone=(2647.94-2647.94) touches=1 strength=1,SWING_LOW price=2650.62 zone=(2650.62-2650.62) touches=1 strength=1,SWING_LOW price=2643.41 zone=(2643.41-2643.41) touches=1 strength=1,False,,False,,False,,False,,0,1,1.6087475831906097,,2024-12-04 07:00:00+00:00,2649.11,STOP LOSS,-1.0,-1.0,2360.515767638343,2336.9106099619594
SELL,2024-12-04 07:15:00+00:00,2648.74,2649.11,2649.11,2648.3699999999994,2647.999999999999,2647.6299999999987,1,75,"['H4 bearish context', 'H1 bearish trend', 'H1 bearish structure', 'Distance filter OK']",SWING_HIGH price=2650.03 zone=(2650.03-2650.03) touches=1 strength=1,SWING_HIGH price=2649.57 zone=(2649.57-2649.57) touches=1 strength=1,SWING_LOW price=2650.62 zone=(2650.62-2650.62) touches=1 strength=1,SWING_LOW price=2643.41 zone=(2643.41-2643.41) touches=1 strength=1,False,,False,,False,,False,,0,1,2.5926601073587117,,2024-12-04 07:30:00+00:00,2649.11,STOP LOSS,-1.0,-1.0,2336.9106099619594,2313.5415038623396
SELL,2024-12-04 07:45:00+00:00,2648.33,2649.11,2649.11,2647.5499999999997,2646.7699999999995,2645.9899999999993,1,75,"['H4 bearish context', 'H1 bearish trend', 'H1 bearish structure', 'Distance filter OK']",SWING_HIGH price=2650.03 zone=(2650.03-2650.03) touches=1 strength=1,SWING_HIGH price=2649.57 zone=(2649.57-2649.57) touches=1 strength=1,SWING_LOW price=2650.62 zone=(2650.62-2650.62) touches=1 strength=1,SWING_LOW price=2643.41 zone=(2643.41-2643.41) touches=1 strength=1,False,,False,,False,,False,,0,1,3.5667335062851184,,2024-12-04 08:00:00+00:00,2649.11,STOP LOSS,-1.0,-1.0,2313.5415038623396,2290.4060888237163
SELL,2024-12-06 03:45:00+00:00,2620.73,2633.67,2633.67,2607.79,2594.85,2581.91,1,85,"['H4 bearish context', 'H1 bearish trend', 'H1 bearish structure', 'M15 bearish timing']",SWING_HIGH price=2633.67 zone=(2633.67-2633.67) touches=1 strength=1,None,SWING_LOW price=2620.92 zone=(2620.92-2620.92) touches=1 strength=1,None,False,,False,,False,,False,,0,6,1.0000000000000095,,2024-12-06 05:15:00+00:00,2633.67,STOP LOSS,-1.0,-1.0,2290.4060888237163,2267.502027935479
SELL,2024-12-06 13:15:00+00:00,2636.24,2645.7,2636.14,2626.7799999999997,2617.3199999999997,2607.8599999999997,1,90,"['H4 bearish context', 'H1 bearish trend', 'M15 bearish timing', 'Distance filter OK']",SWING_HIGH price=2644.12 zone=(2644.12-2644.12) touches=1 strength=1,SWING_HIGH price=2638.41 zone=(2638.41-2638.41) touches=1 strength=1,SWING_LOW price=2639.11 zone=(2639.11-2639.11) touches=1 strength=1,SWING_LOW price=2637.67 zone=(2637.67-2637.67) touches=1 strength=1,True,2024-12-06 16:00:00+00:00,True,2024-12-06 16:00:00+00:00,False,,False,,0,15,0.9895348837209433,,2024-12-06 17:00:00+00:00,2636.14,BREAKEVEN,0.010570824524303241,0.010570824524303241,2267.502027935479,2267.741721595937
SELL,2024-12-06 17:45:00+00:00,2634.36,2643.14,2643.14,2625.5800000000004,2616.8000000000006,2608.020000000001,1,75,"['H4 bearish context', 'H1 bearish trend', 'H1 bearish structure', 'Distance filter OK']",SWING_HIGH price=2643.14 zone=(2643.14-2643.14) touches=1 strength=1,SWING_HIGH price=2633.67 zone=(2633.67-2633.67) touches=1 strength=1,SWING_LOW price=2637.67 zone=(2637.67-2637.67) touches=1 strength=1,SWING_LOW price=2636.45 zone=(2636.45-2636.45) touches=1 strength=1,False,,False,,False,,False,,0,3,1.6402073025374961,,2024-12-06 18:30:00+00:00,2640.13,EXIT SIGNAL,-0.6571753986332743,-0.6571753986332743,2267.741721595937,2252.8386808970663
SELL,2024-12-06 21:30:00+00:00,2633.84,2641.6,2641.6,2626.0800000000004,2618.3200000000006,2610.560000000001,1,90,"['H4 bearish context', 'H1 bearish trend', 'M15 bearish timing', 'Distance filter OK']",SWING_HIGH price=2641.60 zone=(2641.60-2641.60) touches=1 strength=1,SWING_HIGH price=2633.67 zone=(2633.67-2633.67) touches=1 strength=1,SWING_LOW price=2635.21 zone=(2635.21-2635.21) touches=1 strength=1,SWING_LOW price=2634.12 zone=(2634.12-2634.12) touches=1 strength=1,False,,False,,False,,False,,0,10,0.0,,2024-12-09 01:00:00+00:00,2641.6,STOP LOSS,-1.0,-1.0,2252.8386808970663,2230.310294088096
SELL,2024-12-09 02:45:00+00:00,2628.45,2641.6,2641.6,2615.2999999999997,2602.1499999999996,2588.9999999999995,1,90,"['H4 bearish context', 'H1 bearish trend', 'M15 bearish timing', 'Distance filter OK']",SWING_HIGH price=2633.67 zone=(2633.67-2633.67) touches=1 strength=1,None,SWING_LOW price=2632.20 zone=(2632.20-2632.20) touches=1 strength=1,SWING_LOW price=2623.84 zone=(2623.84-2623.84) touches=1 strength=1,False,,False,,False,,False,,0,1,0.8774257451549692,,2024-12-09 03:00:00+00:00,2641.6,STOP LOSS,-1.0,-1.0,2230.310294088096,2208.007191147215
SELL,2024-12-09 07:15:00+00:00,2637.22,2650.54,2650.54,2623.8999999999996,2610.5799999999995,2597.2599999999993,1,90,"['H4 bearish context', 'H1 bearish trend', 'M15 bearish timing', 'Distance filter OK']",SWING_HIGH price=2641.60 zone=(2641.60-2641.60) touches=1 strength=1,SWING_HIGH price=2633.67 zone=(2633.67-2633.67) touches=1 strength=1,SWING_LOW price=2639.11 zone=(2639.11-2639.11) touches=1 strength=1,SWING_LOW price=2637.67 zone=(2637.67-2637.67) touches=1 strength=1,False,,False,,False,,False,,0,5,1.247274989934701,,2024-12-09 08:30:00+00:00,2642.19,EXIT SIGNAL,-0.37312312312313767,-0.37312312312313767,2208.007191147215,2199.768605756823
BUY,2024-12-10 01:45:00+00:00,2661.14,2656.64,2661.24,2665.64,2670.14,2674.64,1,80,"['H1 bullish trend', 'H1 bullish structure', 'M15 bullish timing', 'Distance filter OK']",SWING_HIGH price=2676.37 zone=(2676.37-2676.37) touches=1 strength=1,SWING_HIGH price=2657.00 zone=(2657.00-2657.00) touches=1 strength=1,None,SWING_LOW price=2656.64 zone=(2656.64-2656.64) touches=1 strength=1,True,2024-12-10 03:00:00+00:00,True,2024-12-10 03:00:00+00:00,False,,False,,0,7,0.0,,2024-12-10 03:30:00+00:00,2661.24,BREAKEVEN,0.02222222222220201,0.02222222222220201,2199.768605756823,2200.257443224769
BUY,2024-12-10 03:45:00+00:00,2663.4,2656.64,2663.5,2670.1600000000003,2676.9200000000005,2683.6800000000007,1,80,"['H1 bullish trend', 'H1 bullish structure', 'M15 bullish timing', 'Distance filter OK']",SWING_HIGH price=2676.37 zone=(2676.37-2676.37) touches=1 strength=1,SWING_HIGH price=2657.00 zone=(2657.00-2657.00) touches=1 strength=1,None,SWING_LOW price=2656.64 zone=(2656.64-2656.64) touches=1 strength=1,True,2024-12-10 04:00:00+00:00,True,2024-12-10 04:00:00+00:00,False,,False,,0,25,0.0,,2024-12-10 10:00:00+00:00,2663.5,BREAKEVEN,0.014792899408270091,0.014792899408270091,2200.257443224769,2200.582925095068
BUY,2024-12-11 02:45:00+00:00,2700.33,2690.8,2690.8,2709.8599999999997,2719.3899999999994,2728.919999999999,1,85,"['H4 bullish context', 'H1 bullish trend', 'H1 bullish structure', 'M15 bullish timing']",None,SWING_HIGH price=2695.55 zone=(2695.55-2695.55) touches=1 strength=1,None,SWING_LOW price=2690.80 zone=(2690.80-2690.80) touches=1 strength=1,False,,False,,False,,False,,0,15,1.0000000000000002,,2024-12-11 06:30:00+00:00,2690.8,STOP LOSS,-1.0,-1.0,2200.582925095068,2178.577095844117
BUY,2024-12-11 08:15:00+00:00,2691.13,2690.8,2691.79,2691.46,2691.79,2692.12,1,75,"['H4 bullish context', 'H1 bullish trend', 'H1 bullish structure', 'Distance filter OK']",SWING_HIGH price=2704.35 zone=(2704.35-2704.35) touches=1 strength=1,SWING_HIGH price=2695.55 zone=(2695.55-2695.55) touches=1 strength=1,None,SWING_LOW price=2690.80 zone=(2690.80-2690.80) touches=1 strength=1,True,2024-12-11 08:30:00+00:00,True,2024-12-11 08:30:00+00:00,True,2024-12-11 08:30:00+00:00,True,2024-12-11 08:30:00+00:00,2,3,0.0,,2024-12-11 09:00:00+00:00,2691.79,PROFIT LOCK TP2,2.0,2.0,2178.577095844117,2222.1486377609995
BUY,2024-12-11 23:30:00+00:00,2716.97,2713.32,2720.6199999999994,2720.6199999999994,2724.269999999999,2727.9199999999987,1,75,"['H4 bullish context', 'H1 bullish trend', 'H1 bullish structure', 'Distance filter OK']",SWING_HIGH price=2721.06 zone=(2721.06-2721.06) touches=1 strength=1,SWING_HIGH price=2704.35 zone=(2704.35-2704.35) touches=1 strength=1,None,SWING_LOW price=2713.32 zone=(2713.32-2713.32) touches=1 strength=1,True,2024-12-12 02:00:00+00:00,True,2024-12-12 02:00:00+00:00,True,2024-12-12 02:45:00+00:00,False,,1,10,0.0,,2024-12-12 03:00:00+00:00,2720.6199999999994,PROFIT LOCK TP1,1.0,1.0,2222.1486377609995,2244.3701241386093
BUY,2024-12-12 03:30:00+00:00,2714.19,2713.32,2713.32,2715.06,2715.93,2716.7999999999997,1,75,"['H4 bullish context', 'H1 bullish trend', 'H1 bullish structure', 'Distance filter OK']",SWING_HIGH price=2721.06 zone=(2721.06-2721.06) touches=1 strength=1,SWING_HIGH price=2704.35 zone=(2704.35-2704.35) touches=1 strength=1,SWING_LOW price=2713.32 zone=(2713.32-2713.32) touches=1 strength=1,SWING_LOW price=2690.80 zone=(2690.80-2690.80) touches=1 strength=1,False,,False,,False,,False,,0,1,0.39205786026207295,,2024-12-12 03:45:00+00:00,2713.32,STOP LOSS,-1.0,-1.0,2244.3701241386093,2221.9264228972233
BUY,2024-12-12 06:45:00+00:00,2712.58,2699.98,2699.98,2725.18,2737.7799999999997,2750.3799999999997,1,90,"['H4 bullish context', 'H1 bullish trend', 'M15 bullish timing', 'Distance filter OK']",SWING_HIGH price=2721.06 zone=(2721.06-2721.06) touches=1 strength=1,SWING_HIGH price=2704.35 zone=(2704.35-2704.35) touches=1 strength=1,SWING_LOW price=2713.32 zone=(2713.32-2713.32) touches=1 strength=1,SWING_LOW price=2699.98 zone=(2699.98-2699.98) touches=1 strength=1,False,,False,,False,,False,,0,22,0.34699712453218023,,2024-12-12 12:15:00+00:00,2713.15,EXIT SIGNAL,0.04523809523810856,0.04523809523810856,2221.9264228972233,2222.9315800885342
BUY,2024-12-13 03:15:00+00:00,2689.16,2679.22,2679.22,2699.1,2709.04,2718.98,1,90,"['H4 bullish context', 'H1 bullish trend', 'M15 bullish timing', 'Distance filter OK']",SWING_HIGH price=2695.55 zone=(2695.55-2695.55) touches=1 strength=1,SWING_HIGH price=2686.81 zone=(2686.81-2686.81) touches=1 strength=1,SWING_LOW price=2690.62 zone=(2690.62-2690.62) touches=1 strength=1,SWING_LOW price=2686.09 zone=(2686.09-2686.09) touches=1 strength=1,False,,False,,False,,False,,0,15,0.3410462776659705,,2024-12-13 07:00:00+00:00,2685.77,EXIT SIGNAL,-0.3410462776659813,-0.3410462776659813,2222.9315800885342,2215.350354679581
BUY,2024-12-13 09:15:00+00:00,2687.83,2678.74,2678.74,2696.92,2706.01,2715.1000000000004,1,90,"['H4 bullish context', 'H1 bullish trend', 'M15 bullish timing', 'Distance filter OK']",SWING_HIGH price=2686.81 zone=(2686.81-2686.81) touches=1 strength=1,SWING_HIGH price=2676.37 zone=(2676.37-2676.37) touches=1 strength=1,SWING_LOW price=2686.09 zone=(2686.09-2686.09) touches=1 strength=1,SWING_LOW price=2679.22 zone=(2679.22-2679.22) touches=1 strength=1,False,,False,,False,,False,,0,3,0.7938421840171683,,2024-12-13 10:00:00+00:00,2683.7,EXIT SIGNAL,-0.4543454345434591,-0.4543454345434591,2215.350354679581,2205.285011483952
BUY,2024-12-16 10:15:00+00:00,2655.04,2649.37,2655.14,2660.71,2666.38,2672.05,1,90,"['H4 bullish context', 'H1 bullish trend', 'M15 bullish timing', 'Distance filter OK']",SWING_HIGH price=2664.26 zone=(2664.26-2664.26) touches=1 strength=1,SWING_HIGH price=2655.42 zone=(2655.42-2655.42) touches=1 strength=1,SWING_LOW price=2661.18 zone=(2661.18-2661.18) touches=1 strength=1,SWING_LOW price=2656.64 zone=(2656.64-2656.64) touches=1 strength=1,True,2024-12-16 10:30:00+00:00,True,2024-12-16 10:30:00+00:00,False,,False,,0,25,0.0,,2024-12-16 16:30:00+00:00,2655.14,BREAKEVEN,0.017636684303334704,0.017636684303334704,2205.285011483952,2205.673950639416
SELL,2024-12-16 23:30:00+00:00,2652.05,2655.57,2655.57,2648.53,2645.01,2641.4900000000002,1,80,"['H1 bearish trend', 'H1 bearish structure', 'M15 bearish timing', 'Distance filter OK']",SWING_HIGH price=2655.42 zone=(2655.42-2655.42) touches=1 strength=1,SWING_HIGH price=2650.54 zone=(2650.54-2650.54) touches=1 strength=1,SWING_LOW price=2654.47 zone=(2654.47-2654.47) touches=1 strength=1,SWING_LOW price=2649.37 zone=(2649.37-2649.37) touches=1 strength=1,False,,False,,False,,False,,0,10,1.0393593457148678,,2024-12-17 03:00:00+00:00,2655.57,STOP LOSS,-1.0,-1.0,2205.673950639416,2183.617211133022
SELL,2024-12-18 09:30:00+00:00,2645.85,2649.44,2645.75,2642.2599999999998,2638.6699999999996,2635.0799999999995,1,80,"['H1 bearish trend', 'H1 bearish structure', 'M15 bearish timing', 'Distance filter OK']",SWING_HIGH price=2646.66 zone=(2646.66-2646.66) touches=1 strength=1,None,SWING_LOW price=2648.36 zone=(2648.36-2648.36) touches=1 strength=1,SWING_LOW price=2643.31 zone=(2643.31-2643.31) touches=1 strength=1,True,2024-12-18 10:00:00+00:00,True,2024-12-18 10:00:00+00:00,False,,False,,0,3,0.0,,2024-12-18 10:15:00+00:00,2645.75,BREAKEVEN,0.027855153203316156,0.027855153203316156,2183.617211133022,2184.225461052557
SELL,2024-12-19 05:15:00+00:00,2609.55,2617.87,2617.87,2601.2300000000005,2592.9100000000008,2584.590000000001,1,75,"['H4 bearish context', 'H1 bearish trend', 'H1 bearish structure', 'Distance filter OK']",SWING_HIGH price=2617.87 zone=(2617.87-2617.87) touches=1 strength=1,None,SWING_LOW price=2632.76 zone=(2632.76-2632.76) touches=1 strength=1,SWING_LOW price=2582.41 zone=(2582.41-2582.41) touches=1 strength=1,False,,False,,False,,False,,0,14,0.3834134615384196,,2024-12-19 08:45:00+00:00,2612.74,EXIT SIGNAL,-0.38341346153842687,-0.38341346153842687,2184.225461052557,2175.850846604532
SELL,2024-12-19 09:00:00+00:00,2612.74,2617.87,2617.87,2607.6099999999997,2602.4799999999996,2597.3499999999995,1,75,"['H4 bearish context', 'H1 bearish trend', 'H1 bearish structure', 'Distance filter OK']",SWING_HIGH price=2617.87 zone=(2617.87-2617.87) touches=1 strength=1,None,SWING_LOW price=2632.76 zone=(2632.76-2632.76) touches=1 strength=1,SWING_LOW price=2582.41 zone=(2582.41-2582.41) touches=1 strength=1,False,,False,,False,,False,,0,1,1.379579326923041,,2024-12-19 09:15:00+00:00,2617.87,STOP LOSS,-1.0,-1.0,2175.850846604532,2154.0923381384864
SELL,2024-12-19 09:45:00+00:00,2615.81,2617.87,2615.71,2613.75,2611.69,2609.63,1,75,"['H4 bearish context', 'H1 bearish trend', 'H1 bearish structure', 'Distance filter OK']",SWING_HIGH price=2617.87 zone=(2617.87-2617.87) touches=1 strength=1,None,SWING_LOW price=2632.76 zone=(2632.76-2632.76) touches=1 strength=1,SWING_LOW price=2582.41 zone=(2582.41-2582.41) touches=1 strength=1,True,2024-12-19 10:00:00+00:00,True,2024-12-19 10:00:00+00:00,False,,False,,0,1,1.130634575709453,,2024-12-19 10:00:00+00:00,2615.29,EXIT SIGNAL,0.25242718446601725,0.25242718446601725,2154.0923381384864,2159.5298527784475
SELL,2024-12-19 14:15:00+00:00,2614.91,2626.4,2603.4199999999996,2603.4199999999996,2591.9299999999994,2580.439999999999,1,90,"['H4 bearish context', 'H1 bearish trend', 'M15 bearish timing', 'Distance filter OK']",SWING_HIGH price=2617.87 zone=(2617.87-2617.87) touches=1 strength=1,None,SWING_LOW price=2632.76 zone=(2632.76-2632.76) touches=1 strength=1,SWING_LOW price=2603.12 zone=(2603.12-2603.12) touches=1 strength=1,True,2024-12-19 15:00:00+00:00,True,2024-12-19 15:00:00+00:00,True,2024-12-19 16:45:00+00:00,False,,1,48,0.27718841968377467,,2024-12-20 03:15:00+00:00,2598.27,EXIT SIGNAL,1.4482158398607077,1.4482158398607077,2159.5298527784475,2190.8045061729053
SELL,2024-12-20 03:30:00+00:00,2598.27,2600.73,2600.73,2595.81,2593.35,2590.89,1,75,"['H4 bearish context', 'H1 bearish trend', 'H1 bearish structure', 'Distance filter OK']",SWING_HIGH price=2617.87 zone=(2617.87-2617.87) touches=1 strength=1,SWING_HIGH price=2600.73 zone=(2600.73-2600.73) touches=1 strength=1,SWING_LOW price=2632.76 zone=(2632.76-2632.76) touches=1 strength=1,SWING_LOW price=2603.12 zone=(2603.12-2603.12) touches=1 strength=1,False,,False,,False,,False,,0,1,1.27441653548693,,2024-12-20 03:45:00+00:00,2600.73,STOP LOSS,-1.0,-1.0,2190.8045061729053,2168.8964611111764
SELL,2024-12-20 04:15:00+00:00,2598.63,2600.73,2598.53,2596.53,2594.4300000000003,2592.3300000000004,1,75,"['H4 bearish context', 'H1 bearish trend', 'H1 bearish structure', 'Distance filter OK']",SWING_HIGH price=2600.73 zone=(2600.73-2600.73) touches=1 strength=1,None,SWING_LOW price=2603.12 zone=(2603.12-2603.12) touches=1 strength=1,SWING_LOW price=2586.77 zone=(2586.77-2586.77) touches=1 strength=1,True,2024-12-20 04:30:00+00:00,True,2024-12-20 04:30:00+00:00,False,,False,,0,5,1.2274043528848302,,2024-12-20 05:30:00+00:00,2598.53,BREAKEVEN,0.04761904761900637,0.04761904761900637,2168.8964611111764,2169.9292689497997
SELL,2024-12-20 07:30:00+00:00,2596.64,2603.76,2603.76,2589.5199999999995,2582.399999999999,2575.279999999999,1,90,"['H4 bearish context', 'H1 bearish trend', 'M15 bearish timing', 'Distance filter OK']",SWING_HIGH price=2600.73 zone=(2600.73-2600.73) touches=1 strength=1,None,SWING_LOW price=2603.12 zone=(2603.12-2603.12) touches=1 strength=1,SWING_LOW price=2589.44 zone=(2589.44-2589.44) touches=1 strength=1,False,,False,,False,,False,,0,3,2.21513030935599,,2024-12-20 08:15:00+00:00,2603.76,STOP LOSS,-1.0,-1.0,2169.9292689497997,2148.2299762603016
SELL,2024-12-20 13:15:00+00:00,2601.99,2607.53,2607.53,2596.4499999999994,2590.909999999999,2585.3699999999985,1,90,"['H4 bearish context', 'H1 bearish trend', 'M15 bearish timing', 'Distance filter OK']",SWING_HIGH price=2603.76 zone=(2603.76-2603.76) touches=1 strength=1,SWING_HIGH price=2600.73 zone=(2600.73-2600.73) touches=1 strength=1,SWING_LOW price=2632.76 zone=(2632.76-2632.76) touches=1 strength=1,SWING_LOW price=2603.12 zone=(2603.12-2603.12) touches=1 strength=1,False,,False,,False,,False,,0,9,3.1929790062624255,,2024-12-20 15:30:00+00:00,2607.53,STOP LOSS,-1.0,-1.0,2148.2299762603016,2126.7476764976986
SELL,2024-12-23 03:15:00+00:00,2619.34,2629.3,2629.3,2609.38,2599.42,2589.46,1,90,"['H4 bearish context', 'H1 bearish trend', 'M15 bearish timing', 'Distance filter OK']",SWING_HIGH price=2626.40 zone=(2626.40-2626.40) touches=1 strength=1,SWING_HIGH price=2617.87 zone=(2617.87-2617.87) touches=1 strength=1,SWING_LOW price=2632.76 zone=(2632.76-2632.76) touches=1 strength=1,SWING_LOW price=2603.12 zone=(2603.12-2603.12) touches=1 strength=1,False,,False,,False,,False,,0,6,0.6596385542168272,,2024-12-23 04:45:00+00:00,2625.91,EXIT SIGNAL,-0.6596385542168358,-0.6596385542168358,2126.7476764976986,2112.7188288726093
SELL,2024-12-23 12:15:00+00:00,2625.18,2633.2,2617.16,2617.16,2609.14,2601.12,1,90,"['H4 bearish context', 'H1 bearish trend', 'M15 bearish timing', 'Distance filter OK']",SWING_HIGH price=2626.40 zone=(2626.40-2626.40) touches=1 strength=1,SWING_HIGH price=2617.87 zone=(2617.87-2617.87) touches=1 strength=1,SWING_LOW price=2632.76 zone=(2632.76-2632.76) touches=1 strength=1,SWING_LOW price=2617.38 zone=(2617.38-2617.38) touches=1 strength=1,True,2024-12-23 13:00:00+00:00,True,2024-12-23 13:00:00+00:00,True,2024-12-23 17:45:00+00:00,False,,1,49,0.06273448551568814,,2024-12-24 01:30:00+00:00,2614.74,EXIT SIGNAL,1.3017456359102342,1.3017456359102342,2112.7188288726093,2140.2210540265123
SELL,2024-12-24 11:15:00+00:00,2615.73,2621.25,2621.25,2610.21,2604.69,2599.17,1,90,"['H4 bearish context', 'H1 bearish trend', 'M15 bearish timing', 'Distance filter OK']",SWING_HIGH price=2616.42 zone=(2616.42-2616.42) touches=1 strength=1,SWING_HIGH price=2607.53 zone=(2607.53-2607.53) touches=1 strength=1,SWING_LOW price=2616.19 zone=(2616.19-2616.19) touches=1 strength=1,SWING_LOW price=2612.81 zone=(2612.81-2612.81) touches=1 strength=1,False,,False,,False,,False,,0,21,0.0,,2024-12-24 16:30:00+00:00,2614.17,EXIT SIGNAL,0.28260869565216495,0.28260869565216495,2140.2210540265123,2146.26950483137
SELL,2024-12-24 17:15:00+00:00,2612.74,2621.25,2621.25,2604.2299999999996,2595.7199999999993,2587.209999999999,1,90,"['H4 bearish context', 'H1 bearish trend', 'M15 bearish timing', 'Distance filter OK']",SWING_HIGH price=2616.42 zone=(2616.42-2616.42) touches=1 strength=1,SWING_HIGH price=2607.53 zone=(2607.53-2607.53) touches=1 strength=1,SWING_LOW price=2612.81 zone=(2612.81-2612.81) touches=1 strength=1,SWING_LOW price=2608.84 zone=(2608.84-2608.84) touches=1 strength=1,False,,False,,False,,False,,0,5,0.3361632115862431,,2024-12-24 18:30:00+00:00,2617.46,EXIT SIGNAL,-0.5546415981198747,-0.5546415981198747,2146.26950483137,2134.3654013498135
SELL,2024-12-26 15:45:00+00:00,2623.98,2629.68,2629.68,2618.28,2612.5800000000004,2606.8800000000006,1,90,"['H4 bearish context', 'H1 bearish trend', 'M15 bearish timing', 'Distance filter OK']",SWING_HIGH price=2626.40 zone=(2626.40-2626.40) touches=1 strength=1,SWING_HIGH price=2621.25 zone=(2621.25-2621.25) touches=1 strength=1,SWING_LOW price=2623.63 zone=(2623.63-2623.63) touches=1 strength=1,SWING_LOW price=2617.38 zone=(2617.38-2617.38) touches=1 strength=1,False,,False,,False,,False,,0,4,0.9999999999999962,,2024-12-26 16:45:00+00:00,2629.68,STOP LOSS,-1.0,-1.0,2134.3654013498135,2113.0217473363155
SELL,2024-12-27 03:00:00+00:00,2631.41,2636.12,2636.12,2626.7,2621.99,2617.2799999999997,1,90,"['H4 bearish context', 'H1 bearish trend', 'M15 bearish timing', 'Distance filter OK']",SWING_HIGH price=2631.90 zone=(2631.90-2631.90) touches=1 strength=1,SWING_HIGH price=2629.68 zone=(2629.68-2629.68) touches=1 strength=1,SWING_LOW price=2632.76 zone=(2632.76-2632.76) touches=1 strength=1,SWING_LOW price=2627.69 zone=(2627.69-2627.69) touches=1 strength=1,False,,False,,False,,False,,0,10,0.6029723991507742,,2024-12-27 05:30:00+00:00,2634.25,EXIT SIGNAL,-0.6029723991507694,-0.6029723991507694,2113.0217473363155,2100.280809411824
SELL,2024-12-27 08:00:00+00:00,2631.34,2635.5,2635.5,2627.1800000000003,2623.0200000000004,2618.8600000000006,1,90,"['H4 bearish context', 'H1 bearish trend', 'M15 bearish timing', 'Distance filter OK']",SWING_HIGH price=2631.90 zone=(2631.90-2631.90) touches=1 strength=1,SWING_HIGH price=2629.68 zone=(2629.68-2629.68) touches=1 strength=1,SWING_LOW price=2632.76 zone=(2632.76-2632.76) touches=1 strength=1,SWING_LOW price=2628.95 zone=(2628.95-2628.95) touches=1 strength=1,False,,False,,False,,False,,0,1,1.596942675159271,,2024-12-27 08:15:00+00:00,2635.5,STOP LOSS,-1.0,-1.0,2100.280809411824,2079.2780013177057
SELL,2024-12-27 10:15:00+00:00,2629.49,2635.5,2635.5,2623.4799999999996,2617.4699999999993,2611.459999999999,1,90,"['H4 bearish context', 'H1 bearish trend', 'M15 bearish timing', 'Distance filter OK']",SWING_HIGH price=2626.40 zone=(2626.40-2626.40) touches=1 strength=1,SWING_HIGH price=2621.25 zone=(2621.25-2621.25) touches=1 strength=1,SWING_LOW price=2627.69 zone=(2627.69-2627.69) touches=1 strength=1,SWING_LOW price=2623.63 zone=(2623.63-2623.63) touches=1 strength=1,False,,False,,False,,False,,0,16,1.4626822641670345,,2024-12-27 14:15:00+00:00,2628.67,EXIT SIGNAL,0.13643926788680186,0.13643926788680186,2079.2780013177057,2082.114953000035
SELL,2024-12-30 01:00:00+00:00,2621.11,2631.53,2631.53,2610.69,2600.27,2589.85,1,75,"['H4 bearish context', 'H1 bearish trend', 'H1 bearish structure', 'Distance filter OK']",SWING_HIGH price=2621.25 zone=(2621.25-2621.25) touches=1 strength=1,SWING_HIGH price=2617.87 zone=(2617.87-2617.87) touches=1 strength=1,SWING_LOW price=2621.71 zone=(2621.71-2621.71) touches=1 strength=1,SWING_LOW price=2617.38 zone=(2617.38-2617.38) touches=1 strength=1,False,,False,,False,,False,,0,3,0.2859884836852236,,2024-12-30 01:45:00+00:00,2624.09,EXIT SIGNAL,-0.28598848368522045,-0.28598848368522045,2082.114953000035,2076.1603440173667
SELL,2024-12-30 07:30:00+00:00,2622.51,2628.18,2616.8400000000006,2616.8400000000006,2611.170000000001,2605.5000000000014,1,90,"['H4 bearish context', 'H1 bearish trend', 'M15 bearish timing', 'Distance filter OK']",SWING_HIGH price=2626.40 zone=(2626.40-2626.40) touches=1 strength=1,SWING_HIGH price=2621.25 zone=(2621.25-2621.25) touches=1 strength=1,SWING_LOW price=2627.69 zone=(2627.69-2627.69) touches=1 strength=1,SWING_LOW price=2623.63 zone=(2623.63-2623.63) touches=1 strength=1,True,2024-12-30 09:30:00+00:00,True,2024-12-30 09:30:00+00:00,True,2024-12-30 10:45:00+00:00,False,,1,16,0.0,,2024-12-30 11:30:00+00:00,2616.8400000000006,PROFIT LOCK TP1,1.0,1.0,2076.1603440173667,2096.92194745754
SELL,2024-12-30 13:45:00+00:00,2618.3,2628.18,2628.18,2608.4200000000005,2598.540000000001,2588.660000000001,1,75,"['H4 bearish context', 'H1 bearish trend', 'H1 bearish structure', 'Distance filter OK']",SWING_HIGH price=2616.42 zone=(2616.42-2616.42) touches=1 strength=1,SWING_HIGH price=2607.53 zone=(2607.53-2607.53) touches=1 strength=1,SWING_LOW price=2616.19 zone=(2616.19-2616.19) touches=1 strength=1,SWING_LOW price=2612.81 zone=(2612.81-2612.81) touches=1 strength=1,False,,False,,False,,False,,0,3,0.0,,2024-12-30 14:30:00+00:00,2618.85,EXIT SIGNAL,-0.055668016194306315,-0.055668016194306315,2096.92194745754,2095.7546326082474
SELL,2024-12-30 15:00:00+00:00,2621.6,2628.18,2621.5,2615.02,2608.44,2601.86,1,75,"['H4 bearish context', 'H1 bearish trend', 'H1 bearish structure', 'Distance filter OK']",SWING_HIGH price=2626.40 zone=(2626.40-2626.40) touches=1 strength=1,SWING_HIGH price=2621.25 zone=(2621.25-2621.25) touches=1 strength=1,SWING_LOW price=2621.71 zone=(2621.71-2621.71) touches=1 strength=1,SWING_LOW price=2617.38 zone=(2617.38-2617.38) touches=1 strength=1,True,2024-12-30 15:30:00+00:00,True,2024-12-30 15:30:00+00:00,False,,False,,0,2,0.0,,2024-12-30 15:30:00+00:00,2613.23,EXIT SIGNAL,1.2720364741641312,1.2720364741641312,2095.7546326082474,2122.413395944009
SELL,2024-12-31 01:15:00+00:00,2604.25,2609.49,2609.49,2599.01,2593.7700000000004,2588.5300000000007,1,75,"['H4 bearish context', 'H1 bearish trend', 'H1 bearish structure', 'Distance filter OK']",SWING_HIGH price=2607.53 zone=(2607.53-2607.53) touches=1 strength=1,SWING_HIGH price=2603.76 zone=(2603.76-2603.76) touches=1 strength=1,SWING_LOW price=2607.92 zone=(2607.92-2607.92) touches=1 strength=1,SWING_LOW price=2599.99 zone=(2599.99-2599.99) touches=1 strength=1,False,,False,,False,,False,,0,8,1.0000000000000062,,2024-12-31 03:15:00+00:00,2609.49,STOP LOSS,-1.0,-1.0,2122.413395944009,2101.189261984569
SELL,2024-12-31 05:30:00+00:00,2607.19,2611.6,2607.09,2602.78,2598.3700000000003,2593.9600000000005,1,90,"['H4 bearish context', 'H1 bearish trend', 'M15 bearish timing', 'Distance filter OK']",SWING_HIGH price=2607.53 zone=(2607.53-2607.53) touches=1 strength=1,SWING_HIGH price=2603.76 zone=(2603.76-2603.76) touches=1 strength=1,SWING_LOW price=2607.92 zone=(2607.92-2607.92) touches=1 strength=1,SWING_LOW price=2603.89 zone=(2603.89-2603.89) touches=1 strength=1,True,2024-12-31 07:45:00+00:00,True,2024-12-31 07:45:00+00:00,False,,False,,0,11,0.9775510204081785,,2024-12-31 08:15:00+00:00,2607.09,BREAKEVEN,0.02267573696143137,0.02267573696143137,2101.189261984569,2101.6657221346786
SELL,2024-12-31 08:45:00+00:00,2606.4,2611.6,2611.6,2601.2000000000003,2596.0000000000005,2590.8000000000006,1,90,"['H4 bearish context', 'H1 bearish trend', 'M15 bearish timing', 'Distance filter OK']",SWING_HIGH price=2609.49 zone=(2609.49-2609.49) touches=1 strength=1,SWING_HIGH price=2607.53 zone=(2607.53-2607.53) touches=1 strength=1,SWING_LOW price=2608.84 zone=(2608.84-2608.84) touches=1 strength=1,SWING_LOW price=2607.92 zone=(2607.92-2607.92) touches=1 strength=1,False,,False,,False,,False,,0,3,1.9182642857143408,,2024-12-31 09:30:00+00:00,2611.34,EXIT SIGNAL,-0.9500000000000437,-0.9500000000000437,2101.6657221346786,2081.6998977743983
SELL,2024-12-31 15:15:00+00:00,2607.77,2617.77,2617.77,2597.77,2587.77,2577.77,1,90,"['H4 bearish context', 'H1 bearish trend', 'M15 bearish timing', 'Distance filter OK']",SWING_HIGH price=2616.42 zone=(2616.42-2616.42) touches=1 strength=1,SWING_HIGH price=2611.60 zone=(2611.60-2611.60) touches=1 strength=1,SWING_LOW price=2616.19 zone=(2616.19-2616.19) touches=1 strength=1,SWING_LOW price=2612.81 zone=(2612.81-2612.81) touches=1 strength=1,False,,False,,False,,False,,0,4,2.3429582013571997,,2024-12-31 16:15:00+00:00,2612.1,EXIT SIGNAL,-0.4329999999999927,-0.4329999999999927,2081.6998977743983,2072.686137217035
BUY,2025-01-07 06:30:00+00:00,2638.1,2633.0,2638.2,2643.2,2648.2999999999997,2653.3999999999996,1,80,"['H1 bullish trend', 'H1 bullish structure', 'M15 bullish timing', 'Distance filter OK']",SWING_HIGH price=2641.30 zone=(2641.30-2641.30) touches=1 strength=1,SWING_HIGH price=2638.33 zone=(2638.33-2638.33) touches=1 strength=1,SWING_LOW price=2639.08 zone=(2639.08-2639.08) touches=1 strength=1,SWING_LOW price=2636.79 zone=(2636.79-2636.79) touches=1 strength=1,True,2025-01-07 07:15:00+00:00,True,2025-01-07 07:15:00+00:00,False,,False,,0,13,0.0,,2025-01-07 09:45:00+00:00,2638.2,BREAKEVEN,0.01960784313723742,0.01960784313723742,2072.686137217035,2073.092546263548
BUY,2025-01-07 13:15:00+00:00,2644.98,2637.14,2652.82,2652.82,2660.6600000000003,2668.5000000000005,1,80,"['H1 bullish trend', 'H1 bullish structure', 'M15 bullish timing', 'Distance filter OK']",SWING_HIGH price=2649.51 zone=(2649.51-2649.51) touches=1 strength=1,SWING_HIGH price=2647.52 zone=(2647.52-2647.52) touches=1 strength=1,SWING_LOW price=2649.97 zone=(2649.97-2649.97) touches=1 strength=1,SWING_LOW price=2639.08 zone=(2639.08-2639.08) touches=1 strength=1,True,2025-01-07 15:00:00+00:00,True,2025-01-07 15:00:00+00:00,True,2025-01-07 15:15:00+00:00,False,,1,15,0.0,,2025-01-07 17:00:00+00:00,2652.82,PROFIT LOCK TP1,1.0,1.0,2073.092546263548,2093.8234717261835
BUY,2025-01-08 01:45:00+00:00,2649.51,2647.05,2647.05,2651.9700000000003,2654.4300000000003,2656.8900000000003,1,80,"['H1 bullish trend', 'H1 bullish structure', 'M15 bullish timing', 'Distance filter OK']",SWING_HIGH price=2659.31 zone=(2659.31-2659.31) touches=1 strength=1,SWING_HIGH price=2649.51 zone=(2649.51-2649.51) touches=1 strength=1,SWING_LOW price=2649.97 zone=(2649.97-2649.97) touches=1 strength=1,SWING_LOW price=2647.05 zone=(2647.05-2647.05) touches=1 strength=1,False,,False,,False,,False,,0,7,0.25203252032533513,,2025-01-08 03:30:00+00:00,2648.89,EXIT SIGNAL,-0.25203252032534,-0.25203252032534,2093.8234717261835,2088.5463556592285
BUY,2025-01-09 19:15:00+00:00,2665.61,2655.58,2655.58,2675.6400000000003,2685.6700000000005,2695.7000000000007,1,75,"['H4 bullish context', 'H1 bullish trend', 'H1 bullish structure', 'Distance filter OK']",SWING_HIGH price=2670.07 zone=(2670.07-2670.07) touches=1 strength=1,SWING_HIGH price=2665.24 zone=(2665.24-2665.24) touches=1 strength=1,None,SWING_LOW price=2656.22 zone=(2656.22-2656.22) touches=1 strength=1,False,,False,,False,,False,,0,3,0.0,,2025-01-09 20:00:00+00:00,2668.43,EXIT SIGNAL,0.28115653040873906,0.28115653040873906,2088.5463556592285,2094.4184401287785
BUY,2025-01-09 22:30:00+00:00,2670.46,2662.76,2670.56,2678.16,2685.8599999999997,2693.5599999999995,1,90,"['H4 bullish context', 'H1 bullish trend', 'M15 bullish timing', 'Distance filter OK']",SWING_HIGH price=2670.07 zone=(2670.07-2670.07) touches=1 strength=1,SWING_HIGH price=2665.24 zone=(2665.24-2665.24) touches=1 strength=1,None,SWING_LOW price=2662.76 zone=(2662.76-2662.76) touches=1 strength=1,True,2025-01-10 08:45:00+00:00,True,2025-01-10 08:45:00+00:00,False,,False,,0,64,0.00519386085645257,,2025-01-10 15:30:00+00:00,2670.56,BREAKEVEN,0.012987012987001481,0.012987012987001481,2094.4184401287785,2094.6904425236003
BUY,2025-01-10 15:45:00+00:00,2675.54,2671.67,2683.2799999999997,2679.41,2683.2799999999997,2687.1499999999996,1,75,"['H4 bullish context', 'H1 bullish trend', 'H1 bullish structure', 'Distance filter OK']",None,SWING_HIGH price=2678.39 zone=(2678.39-2678.39) touches=1 strength=1,None,SWING_LOW price=2671.67 zone=(2671.67-2671.67) touches=1 strength=1,True,2025-01-10 16:00:00+00:00,True,2025-01-10 16:00:00+00:00,True,2025-01-10 16:00:00+00:00,True,2025-01-10 16:15:00+00:00,2,4,0.0,,2025-01-10 16:45:00+00:00,2683.2799999999997,PROFIT LOCK TP2,2.0,2.0,2094.6904425236003,2136.584251374072
BUY,2025-01-13 01:15:00+00:00,2690.63,2684.4,2684.4,2696.86,2703.09,2709.32,1,75,"['H4 bullish context', 'H1 bullish trend', 'H1 bullish structure', 'Distance filter OK']",SWING_HIGH price=2698.08 zone=(2698.08-2698.08) touches=1 strength=1,SWING_HIGH price=2678.39 zone=(2678.39-2678.39) touches=1 strength=1,None,SWING_LOW price=2684.40 zone=(2684.40-2684.40) touches=1 strength=1,False,,False,,False,,False,,0,7,0.9999999999999905,,2025-01-13 03:00:00+00:00,2684.4,STOP LOSS,-1.0,-1.0,2136.584251374072,2115.2184088603317
BUY,2025-01-13 04:00:00+00:00,2685.57,2684.4,2687.9100000000003,2686.7400000000002,2687.9100000000003,2689.0800000000004,1,75,"['H4 bullish context', 'H1 bullish trend', 'H1 bullish structure', 'Distance filter OK']",SWING_HIGH price=2698.08 zone=(2698.08-2698.08) touches=1 strength=1,SWING_HIGH price=2678.39 zone=(2678.39-2678.39) touches=1 strength=1,None,SWING_LOW price=2684.40 zone=(2684.40-2684.40) touches=1 strength=1,True,2025-01-13 04:15:00+00:00,True,2025-01-13 04:15:00+00:00,True,2025-01-13 04:15:00+00:00,True,2025-01-13 04:15:00+00:00,2,2,0.0,,2025-01-13 04:30:00+00:00,2687.9100000000003,PROFIT LOCK TP2,2.0,2.0,2115.2184088603317,2157.522777037538
BUY,2025-01-13 05:00:00+00:00,2688.81,2684.4,2684.4,2693.22,2697.6299999999997,2702.0399999999995,1,90,"['H4 bullish context', 'H1 bullish trend', 'M15 bullish timing', 'Distance filter OK']",SWING_HIGH price=2693.42 zone=(2693.42-2693.42) touches=1 strength=1,SWING_HIGH price=2678.39 zone=(2678.39-2678.39) touches=1 strength=1,None,SWING_LOW price=2684.40 zone=(2684.40-2684.40) touches=1 strength=1,False,,False,,False,,False,,0,3,0.0,,2025-01-13 05:45:00+00:00,2687.97,EXIT SIGNAL,-0.19047619047622977,-0.19047619047622977,2157.522777037538,2153.41320984318
BUY,2025-01-13 06:00:00+00:00,2687.97,2679.52,2679.52,2696.4199999999996,2704.8699999999994,2713.3199999999993,1,90,"['H4 bullish context', 'H1 bullish trend', 'M15 bullish timing', 'Distance filter OK']",SWING_HIGH price=2693.42 zone=(2693.42-2693.42) touches=1 strength=1,SWING_HIGH price=2678.39 zone=(2678.39-2678.39) touches=1 strength=1,None,SWING_LOW price=2684.40 zone=(2684.40-2684.40) touches=1 strength=1,False,,False,,False,,False,,0,3,0.0,,2025-01-13 06:45:00+00:00,2685.75,EXIT SIGNAL,-0.26272189349110625,-0.26272189349110625,2153.41320984318,2147.7557218835927
BUY,2025-01-13 08:15:00+00:00,2688.2,2679.52,2679.52,2696.8799999999997,2705.5599999999995,2714.2399999999993,1,90,"['H4 bullish context', 'H1 bullish trend', 'M15 bullish timing', 'Distance filter OK']",SWING_HIGH price=2693.42 zone=(2693.42-2693.42) touches=1 strength=1,SWING_HIGH price=2678.39 zone=(2678.39-2678.39) touches=1 strength=1,None,SWING_LOW price=2684.40 zone=(2684.40-2684.40) touches=1 strength=1,False,,False,,False,,False,,0,7,0.0,,2025-01-13 10:00:00+00:00,2688.33,EXIT SIGNAL,0.014976958525358477,0.014976958525358477,2147.7557218835927,2148.077390367285
BUY,2025-01-13 10:15:00+00:00,2688.33,2683.23,2683.23,2693.43,2698.5299999999997,2703.6299999999997,1,90,"['H4 bullish context', 'H1 bullish trend', 'M15 bullish timing', 'Distance filter OK']",SWING_HIGH price=2691.44 zone=(2691.44-2691.44) touches=1 strength=1,SWING_HIGH price=2678.39 zone=(2678.39-2678.39) touches=1 strength=1,None,SWING_LOW price=2684.40 zone=(2684.40-2684.40) touches=1 strength=1,False,,False,,False,,False,,0,4,0.4674580421547613,,2025-01-13 11:15:00+00:00,2683.23,STOP LOSS,-1.0,-1.0,2148.077390367285,2126.596616463612
BUY,2025-01-14 02:15:00+00:00,2668.36,2656.69,2656.69,2680.03,2691.7000000000003,2703.3700000000003,1,90,"['H4 bullish context', 'H1 bullish trend', 'M15 bullish timing', 'Distance filter OK']",SWING_HIGH price=2672.54 zone=(2672.54-2672.54) touches=1 strength=1,SWING_HIGH price=2670.07 zone=(2670.07-2670.07) touches=1 strength=1,SWING_LOW price=2671.67 zone=(2671.67-2671.67) touches=1 strength=1,SWING_LOW price=2668.51 zone=(2668.51-2668.51) touches=1 strength=1,False,,False,,False,,False,,0,23,0.0,,2025-01-14 08:00:00+00:00,2668.63,EXIT SIGNAL,0.023136246786630687,0.023136246786630687,2126.596616463612,2127.088631104953
BUY,2025-01-14 15:15:00+00:00,2668.93,2656.69,2656.69,2681.1699999999996,2693.4099999999994,2705.649999999999,1,90,"['H4 bullish context', 'H1 bullish trend', 'M15 bullish timing', 'Distance filter OK']",SWING_HIGH price=2664.14 zone=(2664.14-2664.14) touches=1 strength=1,SWING_HIGH price=2662.25 zone=(2662.25-2662.25) touches=1 strength=1,SWING_LOW price=2663.93 zone=(2663.93-2663.93) touches=1 strength=1,SWING_LOW price=2662.76 zone=(2662.76-2662.76) touches=1 strength=1,False,,False,,False,,False,,0,3,0.6077286321555195,,2025-01-14 16:00:00+00:00,2661.21,EXIT SIGNAL,-0.6307189542483609,-0.6307189542483609,2127.088631104953,2113.672679934912
BUY,2025-01-14 22:15:00+00:00,2673.05,2666.85,2673.15,2679.2500000000005,2685.4500000000007,2691.650000000001,1,90,"['H4 bullish context', 'H1 bullish trend', 'M15 bullish timing', 'Distance filter OK']",SWING_HIGH price=2678.39 zone=(2678.39-2678.39) touches=1 strength=1,SWING_HIGH price=2675.24 zone=(2675.24-2675.24) touches=1 strength=1,SWING_LOW price=2679.52 zone=(2679.52-2679.52) touches=1 strength=1,SWING_LOW price=2671.67 zone=(2671.67-2671.67) touches=1 strength=1,True,2025-01-15 01:00:00+00:00,True,2025-01-15 01:00:00+00:00,False,,False,,0,13,0.5421184320266843,,2025-01-15 02:30:00+00:00,2673.15,BREAKEVEN,0.016129032258049136,0.016129032258049136,2113.672679934912,2114.0135948832885
BUY,2025-01-15 03:15:00+00:00,2672.94,2666.85,2666.85,2679.03,2685.1200000000003,2691.2100000000005,1,75,"['H4 bullish context', 'H1 bullish trend', 'H1 bullish structure', 'Distance filter OK']",SWING_HIGH price=2670.07 zone=(2670.07-2670.07) touches=1 strength=1,SWING_HIGH price=2664.43 zone=(2664.43-2664.43) touches=1 strength=1,SWING_LOW price=2671.67 zone=(2671.67-2671.67) touches=1 strength=1,SWING_LOW price=2668.51 zone=(2668.51-2668.51) touches=1 strength=1,False,,False,,False,,False,,0,3,0.4980238047305366,,2025-01-15 04:00:00+00:00,2673.21,EXIT SIGNAL,0.044334975369454084,0.044334975369454084,2114.0135948832885,2114.950842289887
BUY,2025-01-15 05:15:00+00:00,2673.97,2666.85,2688.2099999999996,2681.0899999999997,2688.2099999999996,2695.3299999999995,1,75,"['H4 bullish context', 'H1 bullish trend', 'H1 bullish structure', 'Distance filter OK']",SWING_HIGH price=2678.39 zone=(2678.39-2678.39) touches=1 strength=1,SWING_HIGH price=2675.24 zone=(2675.24-2675.24) touches=1 strength=1,SWING_LOW price=2679.52 zone=(2679.52-2679.52) touches=1 strength=1,SWING_LOW price=2671.67 zone=(2671.67-2671.67) touches=1 strength=1,True,2025-01-15 08:00:00+00:00,True,2025-01-15 08:00:00+00:00,True,2025-01-15 11:45:00+00:00,True,2025-01-15 16:00:00+00:00,2,44,0.0,,2025-01-15 16:15:00+00:00,2688.2099999999996,PROFIT LOCK TP2,2.0,2.0,2114.950842289887,2157.249859135685
BUY,2025-01-15 16:45:00+00:00,2681.31,2669.5,2669.5,2693.12,2704.93,2716.74,1,75,"['H4 bullish context', 'H1 bullish trend', 'H1 bullish structure', 'Distance filter OK']",SWING_HIGH price=2689.15 zone=(2689.15-2689.15) touches=1 strength=1,SWING_HIGH price=2679.62 zone=(2679.62-2679.62) touches=1 strength=1,SWING_LOW price=2683.23 zone=(2683.23-2683.23) touches=1 strength=1,SWING_LOW price=2679.52 zone=(2679.52-2679.52) touches=1 strength=1,False,,False,,False,,False,,0,3,0.0,,2025-01-15 17:30:00+00:00,2679.83,EXIT SIGNAL,-0.12531752751905378,-0.12531752751905378,2157.249859135685,2154.546446949808
BUY,2025-01-15 17:45:00+00:00,2679.83,2669.5,2690.16,2690.16,2700.49,2710.8199999999997,1,75,"['H4 bullish context', 'H1 bullish trend', 'H1 bullish structure', 'Distance filter OK']",SWING_HIGH price=2679.62 zone=(2679.62-2679.62) touches=1 strength=1,SWING_HIGH price=2678.39 zone=(2678.39-2678.39) touches=1 strength=1,SWING_LOW price=2679.52 zone=(2679.52-2679.52) touches=1 strength=1,SWING_LOW price=2671.67 zone=(2671.67-2671.67) touches=1 strength=1,True,2025-01-15 19:00:00+00:00,True,2025-01-15 19:00:00+00:00,True,2025-01-16 03:30:00+00:00,False,,1,54,0.5139598748951323,,2025-01-16 08:15:00+00:00,2690.16,PROFIT LOCK TP1,1.0,1.0,2154.546446949808,2176.091911419306
BUY,2025-01-16 08:45:00+00:00,2693.44,2692.82,2694.68,2694.06,2694.68,2695.2999999999997,1,75,"['H4 bullish context', 'H1 bullish trend', 'H1 bullish structure', 'Distance filter OK']",SWING_HIGH price=2696.19 zone=(2696.19-2696.19) touches=1 strength=1,SWING_HIGH price=2693.42 zone=(2693.42-2693.42) touches=1 strength=1,None,SWING_LOW price=2692.82 zone=(2692.82-2692.82) touches=1 strength=1,True,2025-01-16 09:00:00+00:00,True,2025-01-16 09:00:00+00:00,True,2025-01-16 09:00:00+00:00,True,2025-01-16 09:00:00+00:00,2,1,0.0,,2025-01-16 09:00:00+00:00,2697.97,EXIT SIGNAL,7.306451612904101,7.306451612904101,2176.091911419306,2335.087013979478
BUY,2025-01-16 09:15:00+00:00,2697.97,2692.82,2698.0699999999997,2703.1199999999994,2708.269999999999,2713.4199999999987,1,75,"['H4 bullish context', 'H1 bullish trend', 'H1 bullish structure', 'Distance filter OK']",SWING_HIGH price=2702.17 zone=(2702.17-2702.17) touches=1 strength=1,SWING_HIGH price=2698.08 zone=(2698.08-2698.08) touches=1 strength=1,None,SWING_LOW price=2692.82 zone=(2692.82-2692.82) touches=1 strength=1,True,2025-01-16 10:15:00+00:00,True,2025-01-16 10:15:00+00:00,False,,False,,0,6,0.0,,2025-01-16 10:45:00+00:00,2698.0699999999997,BREAKEVEN,0.019417475728139053,0.019417475728139053,2335.087013979478,2335.540428933648
BUY,2025-01-16 11:00:00+00:00,2699.0,2690.13,2707.87,2707.87,2716.74,2725.6099999999997,1,90,"['H4 bullish context', 'H1 bullish trend', 'M15 bullish timing', 'Distance filter OK']",SWING_HIGH price=2702.17 zone=(2702.17-2702.17) touches=1 strength=1,SWING_HIGH price=2698.08 zone=(2698.08-2698.08) touches=1 strength=1,None,SWING_LOW price=2692.82 zone=(2692.82-2692.82) touches=1 strength=1,True,2025-01-16 12:00:00+00:00,True,2025-01-16 12:00:00+00:00,True,2025-01-16 15:45:00+00:00,False,,1,61,0.436647346314547,,2025-01-17 03:15:00+00:00,2710.39,EXIT SIGNAL,1.2841037204058638,1.2841037204058638,2335.540428933648,2365.531190473168
BUY,2025-01-17 03:45:00+00:00,2712.88,2712.43,2713.7800000000007,2713.3300000000004,2713.7800000000007,2714.230000000001,1,75,"['H4 bullish context', 'H1 bullish trend', 'H1 bullish structure', 'Distance filter OK']",SWING_HIGH price=2724.86 zone=(2724.86-2724.86) touches=1 strength=1,SWING_HIGH price=2702.17 zone=(2702.17-2702.17) touches=1 strength=1,None,SWING_LOW price=2712.43 zone=(2712.43-2712.43) touches=1 strength=1,True,2025-01-17 04:00:00+00:00,True,2025-01-17 04:00:00+00:00,True,2025-01-17 04:00:00+00:00,True,2025-01-17 04:00:00+00:00,2,14,0.0,,2025-01-17 07:15:00+00:00,2713.7800000000007,PROFIT LOCK TP2,2.0,2.0,2365.531190473168,2412.8418142826313
BUY,2025-01-17 14:45:00+00:00,2710.27,2702.92,2702.92,2717.62,2724.97,2732.3199999999997,1,90,"['H4 bullish context', 'H1 bullish trend', 'M15 bullish timing', 'Distance filter OK']",SWING_HIGH price=2717.47 zone=(2717.47-2717.47) touches=1 strength=1,SWING_HIGH price=2702.17 zone=(2702.17-2702.17) touches=1 strength=1,SWING_LOW price=2712.43 zone=(2712.43-2712.43) touches=1 strength=1,SWING_LOW price=2709.98 zone=(2709.98-2709.98) touches=1 strength=1,False,,False,,False,,False,,0,7,0.0,,2025-01-17 16:30:00+00:00,2702.92,STOP LOSS,-1.0,-1.0,2412.8418142826313,2388.713396139805
BUY,2025-01-17 16:45:00+00:00,2709.74,2702.92,2709.8399999999997,2716.5599999999995,2723.379999999999,2730.199999999999,1,90,"['H4 bullish context', 'H1 bullish trend', 'M15 bullish timing', 'Distance filter OK']",SWING_HIGH price=2717.47 zone=(2717.47-2717.47) touches=1 strength=1,SWING_HIGH price=2702.17 zone=(2702.17-2702.17) touches=1 strength=1,SWING_LOW price=2712.43 zone=(2712.43-2712.43) touches=1 strength=1,SWING_LOW price=2709.98 zone=(2709.98-2709.98) touches=1 strength=1,True,2025-01-17 18:00:00+00:00,True,2025-01-17 18:00:00+00:00,False,,False,,0,14,0.0,,2025-01-17 20:15:00+00:00,2709.8399999999997,BREAKEVEN,0.01466275659822776,0.01466275659822776,2388.713396139805,2389.06364737091
BUY,2025-01-20 12:45:00+00:00,2708.79,2702.94,2702.94,2714.64,2720.49,2726.3399999999997,1,90,"['H4 bullish context', 'H1 bullish trend', 'M15 bullish timing', 'Distance filter OK']",SWING_HIGH price=2713.90 zone=(2713.90-2713.90) touches=1 strength=1,SWING_HIGH price=2702.17 zone=(2702.17-2702.17) touches=1 strength=1,SWING_LOW price=2709.98 zone=(2709.98-2709.98) touches=1 strength=1,SWING_LOW price=2702.94 zone=(2702.94-2702.94) touches=1 strength=1,False,,False,,False,,False,,0,11,0.9999999999999974,,2025-01-20 15:30:00+00:00,2702.94,STOP LOSS,-1.0,-1.0,2389.06364737091,2365.173010897201
BUY,2025-01-20 20:15:00+00:00,2707.07,2703.45,2707.17,2710.6900000000005,2714.310000000001,2717.930000000001,1,75,"['H4 bullish context', 'H1 bullish trend', 'H1 bullish structure', 'Distance filter OK']",SWING_HIGH price=2712.62 zone=(2712.62-2712.62) touches=1 strength=1,SWING_HIGH price=2702.17 zone=(2702.17-2702.17) touches=1 strength=1,SWING_LOW price=2712.43 zone=(2712.43-2712.43) touches=1 strength=1,SWING_LOW price=2709.98 zone=(2709.98-2709.98) touches=1 strength=1,True,2025-01-20 20:45:00+00:00,True,2025-01-20 20:45:00+00:00,False,,False,,0,5,0.0,,2025-01-21 01:00:00+00:00,2707.17,BREAKEVEN,0.027624309392237433,0.027624309392237433,2365.173010897201,2365.8263736073927
BUY,2025-01-21 03:15:00+00:00,2710.74,2703.45,2725.3199999999997,2718.0299999999997,2725.3199999999997,2732.6099999999997,1,90,"['H4 bullish context', 'H1 bullish trend', 'M15 bullish timing', 'Distance filter OK']",SWING_HIGH price=2724.86 zone=(2724.86-2724.86) touches=1 strength=1,SWING_HIGH price=2717.47 zone=(2717.47-2717.47) touches=1 strength=1,None,SWING_LOW price=2712.43 zone=(2712.43-2712.43) touches=1 strength=1,True,2025-01-21 03:45:00+00:00,True,2025-01-21 03:45:00+00:00,True,2025-01-21 04:30:00+00:00,True,2025-01-21 09:30:00+00:00,2,28,0.0,,2025-01-21 10:15:00+00:00,2725.3199999999997,PROFIT LOCK TP2,2.0,2.0,2365.8263736073927,2413.1429010795405
BUY,2025-01-22 10:15:00+00:00,2750.96,2745.64,2756.28,2756.28,2761.6000000000004,2766.9200000000005,1,75,"['H4 bullish context', 'H1 bullish trend', 'H1 bullish structure', 'Distance filter OK']",SWING_HIGH price=2758.75 zone=(2758.75-2758.75) touches=1 strength=1,SWING_HIGH price=2746.10 zone=(2746.10-2746.10) touches=1 strength=1,None,SWING_LOW price=2745.64 zone=(2745.64-2745.64) touches=1 strength=1,True,2025-01-22 11:00:00+00:00,True,2025-01-22 11:00:00+00:00,True,2025-01-22 11:15:00+00:00,False,,1,15,0.0,,2025-01-22 14:00:00+00:00,2756.28,PROFIT LOCK TP1,1.0,1.0,2413.1429010795405,2437.2743300903358
BUY,2025-01-22 14:15:00+00:00,2753.95,2745.64,2745.64,2762.2599999999998,2770.5699999999997,2778.8799999999997,1,75,"['H4 bullish context', 'H1 bullish trend', 'H1 bullish structure', 'Distance filter OK']",SWING_HIGH price=2758.75 zone=(2758.75-2758.75) touches=1 strength=1,SWING_HIGH price=2746.10 zone=(2746.10-2746.10) touches=1 strength=1,None,SWING_LOW price=2745.64 zone=(2745.64-2745.64) touches=1 strength=1,False,,False,,False,,False,,0,12,0.0,,2025-01-22 17:15:00+00:00,2754.46,EXIT SIGNAL,0.06137184115526133,0.06137184115526133,2437.2743300903358,2438.770130220717
BUY,2025-01-23 08:15:00+00:00,2753.92,2749.6,2749.6,2758.2400000000002,2762.5600000000004,2766.8800000000006,1,90,"['H4 bullish context', 'H1 bullish trend', 'M15 bullish timing', 'Distance filter OK']",SWING_HIGH price=2758.75 zone=(2758.75-2758.75) touches=1 strength=1,SWING_HIGH price=2746.10 zone=(2746.10-2746.10) touches=1 strength=1,None,SWING_LOW price=2750.46 zone=(2750.46-2750.46) touches=1 strength=1,False,,False,,False,,False,,0,12,0.9999999999999932,,2025-01-23 11:15:00+00:00,2749.6,STOP LOSS,-1.0,-1.0,2438.770130220717,2414.38242891851
BUY,2025-01-24 02:15:00+00:00,2756.89,2751.37,2767.93,2762.41,2767.93,2773.45,1,75,"['H4 bullish context', 'H1 bullish trend', 'H1 bullish structure', 'Distance filter OK']",SWING_HIGH price=2761.74 zone=(2761.74-2761.74) touches=1 strength=1,SWING_HIGH price=2759.12 zone=(2759.12-2759.12) touches=1 strength=1,None,SWING_LOW price=2751.37 zone=(2751.37-2751.37) touches=1 strength=1,True,2025-01-24 03:45:00+00:00,True,2025-01-24 03:45:00+00:00,True,2025-01-24 04:00:00+00:00,True,2025-01-24 04:30:00+00:00,2,64,0.0,,2025-01-24 18:15:00+00:00,2775.53,EXIT SIGNAL,3.376811594202969,3.376811594202969,2414.38242891851,2495.91157470663
BUY,2025-01-24 19:00:00+00:00,2772.14,2770.1,2772.24,2774.18,2776.22,2778.2599999999998,1,75,"['H4 bullish context', 'H1 bullish trend', 'H1 bullish structure', 'Distance filter OK']",SWING_HIGH price=2777.56 zone=(2777.56-2777.56) touches=1 strength=1,SWING_HIGH price=2763.54 zone=(2763.54-2763.54) touches=1 strength=1,None,SWING_LOW price=2770.10 zone=(2770.10-2770.10) touches=1 strength=1,True,2025-01-24 19:15:00+00:00,True,2025-01-24 19:15:00+00:00,False,,False,,0,1,0.0,,2025-01-24 19:15:00+00:00,2775.51,EXIT SIGNAL,1.6519607843139243,1.6519607843139243,2495.91157470663,2537.143055131936
BUY,2025-01-24 20:00:00+00:00,2773.44,2770.1,2770.1,2776.78,2780.1200000000003,2783.4600000000005,1,75,"['H4 bullish context', 'H1 bullish trend', 'H1 bullish structure', 'Distance filter OK']",SWING_HIGH price=2777.56 zone=(2777.56-2777.56) touches=1 strength=1,SWING_HIGH price=2763.54 zone=(2763.54-2763.54) touches=1 strength=1,None,SWING_LOW price=2770.10 zone=(2770.10-2770.10) touches=1 strength=1,False,,False,,False,,False,,0,3,0.0,,2025-01-24 20:45:00+00:00,2773.48,EXIT SIGNAL,0.011976047904180203,0.011976047904180203,2537.143055131936,2537.4469045996157
BUY,2025-01-24 22:15:00+00:00,2774.68,2770.06,2770.06,2779.2999999999997,2783.9199999999996,2788.5399999999995,1,90,"['H4 bullish context', 'H1 bullish trend', 'M15 bullish timing', 'Distance filter OK']",SWING_HIGH price=2777.56 zone=(2777.56-2777.56) touches=1 strength=1,SWING_HIGH price=2763.54 zone=(2763.54-2763.54) touches=1 strength=1,None,SWING_LOW price=2770.10 zone=(2770.10-2770.10) touches=1 strength=1,False,,False,,False,,False,,0,3,0.0,,2025-01-24 23:00:00+00:00,2771.34,EXIT SIGNAL,-0.722943722943673,-0.722943722943673,2537.4469045996157,2519.102591479784
BUY,2025-01-29 06:30:00+00:00,2763.66,2761.81,2761.81,2765.5099999999998,2767.3599999999997,2769.2099999999996,1,75,"['H4 bullish context', 'H1 bullish trend', 'H1 bullish structure', 'Distance filter OK']",SWING_HIGH price=2763.54 zone=(2763.54-2763.54) touches=1 strength=1,SWING_HIGH price=2761.74 zone=(2761.74-2761.74) touches=1 strength=1,SWING_LOW price=2770.06 zone=(2770.06-2770.06) touches=1 strength=1,SWING_LOW price=2761.81 zone=(2761.81-2761.81) touches=1 strength=1,False,,False,,False,,False,,0,2,1.0000000000000082,,2025-01-29 07:00:00+00:00,2761.81,STOP LOSS,-1.0,-1.0,2519.102591479784,2493.911565564986
BUY,2025-01-29 07:15:00+00:00,2762.84,2761.81,2761.81,2763.8700000000003,2764.9000000000005,2765.9300000000007,1,75,"['H4 bullish context', 'H1 bullish trend', 'H1 bullish structure', 'Distance filter OK']",SWING_HIGH price=2761.74 zone=(2761.74-2761.74) touches=1 strength=1,SWING_HIGH price=2759.12 zone=(2759.12-2759.12) touches=1 strength=1,SWING_LOW price=2761.81 zone=(2761.81-2761.81) touches=1 strength=1,SWING_LOW price=2754.20 zone=(2754.20-2754.20) touches=1 strength=1,False,,False,,False,,False,,0,1,1.9900000000000078,,2025-01-29 07:30:00+00:00,2761.81,STOP LOSS,-1.0,-1.0,2493.911565564986,2468.9724499093363
BUY,2025-01-29 11:45:00+00:00,2763.85,2757.54,2757.54,2770.16,2776.47,2782.7799999999997,1,90,"['H4 bullish context', 'H1 bullish trend', 'M15 bullish timing', 'Distance filter OK']",SWING_HIGH price=2763.54 zone=(2763.54-2763.54) touches=1 strength=1,SWING_HIGH price=2761.74 zone=(2761.74-2761.74) touches=1 strength=1,SWING_LOW price=2770.06 zone=(2770.06-2770.06) touches=1 strength=1,SWING_LOW price=2761.81 zone=(2761.81-2761.81) touches=1 strength=1,False,,False,,False,,False,,0,4,2.970100000000003,,2025-01-29 12:45:00+00:00,2757.54,STOP LOSS,-1.0,-1.0,2468.9724499093363,2444.282725410243
BUY,2025-01-29 22:30:00+00:00,2757.14,2748.49,2774.44,2765.79,2774.44,2783.09,1,90,"['H4 bullish context', 'H1 bullish trend', 'M15 bullish timing', 'Distance filter OK']",SWING_HIGH price=2755.64 zone=(2755.64-2755.64) touches=1 strength=1,SWING_HIGH price=2754.55 zone=(2754.55-2754.55) touches=1 strength=1,SWING_LOW price=2757.54 zone=(2757.54-2757.54) touches=1 strength=1,SWING_LOW price=2754.20 zone=(2754.20-2754.20) touches=1 strength=1,True,2025-01-30 08:45:00+00:00,True,2025-01-30 08:45:00+00:00,True,2025-01-30 10:45:00+00:00,True,2025-01-30 15:00:00+00:00,2,130,0.0,,2025-01-31 09:00:00+00:00,2796.02,EXIT SIGNAL,4.4947976878612375,4.4947976878612375,2444.282725410243,2554.148288836774
BUY,2025-01-31 09:30:00+00:00,2799.84,2790.53,2790.53,2809.15,2818.46,2827.77,1,85,"['H4 bullish context', 'H1 bullish trend', 'H1 bullish structure', 'M15 bullish timing']",SWING_HIGH price=2798.45 zone=(2798.45-2798.45) touches=1 strength=1,SWING_HIGH price=2786.10 zone=(2786.10-2786.10) touches=1 strength=1,None,SWING_LOW price=2790.53 zone=(2790.53-2790.53) touches=1 strength=1,False,,False,,False,,False,,0,6,0.36291756278828585,,2025-01-31 11:00:00+00:00,2794.85,EXIT SIGNAL,-0.5359828141783315,-0.5359828141783315,2554.148288836774,2540.458492959979
BUY,2025-01-31 11:15:00+00:00,2794.85,2790.53,2790.53,2799.1699999999996,2803.4899999999993,2807.809999999999,1,75,"['H4 bullish context', 'H1 bullish trend', 'H1 bullish structure', 'Distance filter OK']",SWING_HIGH price=2798.45 zone=(2798.45-2798.45) touches=1 strength=1,SWING_HIGH price=2786.10 zone=(2786.10-2786.10) touches=1 strength=1,None,SWING_LOW price=2790.53 zone=(2790.53-2790.53) touches=1 strength=1,False,,False,,False,,False,,0,3,0.7988297984510841,,2025-01-31 12:00:00+00:00,2792.96,EXIT SIGNAL,-0.4375,-0.4375,2540.458492959979,2529.3439870532793
BUY,2025-01-31 12:15:00+00:00,2792.96,2790.53,2797.8199999999997,2795.39,2797.8199999999997,2800.2499999999995,1,75,"['H4 bullish context', 'H1 bullish trend', 'H1 bullish structure', 'Distance filter OK']",SWING_HIGH price=2798.45 zone=(2798.45-2798.45) touches=1 strength=1,SWING_HIGH price=2786.10 zone=(2786.10-2786.10) touches=1 strength=1,None,SWING_LOW price=2790.53 zone=(2790.53-2790.53) touches=1 strength=1,True,2025-01-31 13:15:00+00:00,True,2025-01-31 13:15:00+00:00,True,2025-01-31 13:30:00+00:00,True,2025-01-31 13:45:00+00:00,2,33,0.0,,2025-01-31 20:30:00+00:00,2797.8199999999997,PROFIT LOCK TP2,2.0,2.0,2529.3439870532793,2579.930866794345
BUY,2025-01-31 20:45:00+00:00,2802.28,2791.16,2791.16,2813.4000000000005,2824.520000000001,2835.6400000000012,1,75,"['H4 bullish context', 'H1 bullish trend', 'H1 bullish structure', 'Distance filter OK']",SWING_HIGH price=2799.74 zone=(2799.74-2799.74) touches=1 strength=1,SWING_HIGH price=2798.45 zone=(2798.45-2798.45) touches=1 strength=1,None,SWING_LOW price=2791.16 zone=(2791.16-2791.16) touches=1 strength=1,False,,False,,False,,False,,0,3,0.0,,2025-01-31 21:30:00+00:00,2796.85,EXIT SIGNAL,-0.4883093525179966,-0.4883093525179966,2579.930866794345,2567.3328230832894
BUY,2025-01-31 22:15:00+00:00,2797.43,2791.16,2791.16,2803.7,2809.97,2816.24,1,75,"['H4 bullish context', 'H1 bullish trend', 'H1 bullish structure', 'Distance filter OK']",SWING_HIGH price=2801.30 zone=(2801.30-2801.30) touches=1 strength=1,SWING_HIGH price=2799.74 zone=(2799.74-2799.74) touches=1 strength=1,None,SWING_LOW price=2791.16 zone=(2791.16-2791.16) touches=1 strength=1,False,,False,,False,,False,,0,3,0.0,,2025-01-31 23:00:00+00:00,2801.9,EXIT SIGNAL,0.712918660287124,0.712918660287124,2567.3328230832894,2585.6358178507267
BUY,2025-01-31 23:15:00+00:00,2801.9,2791.16,2791.16,2812.6400000000003,2823.3800000000006,2834.120000000001,1,75,"['H4 bullish context', 'H1 bullish trend', 'H1 bullish structure', 'Distance filter OK']",SWING_HIGH price=2801.30 zone=(2801.30-2801.30) touches=1 strength=1,SWING_HIGH price=2799.74 zone=(2799.74-2799.74) touches=1 strength=1,None,SWING_LOW price=2791.16 zone=(2791.16-2791.16) touches=1 strength=1,False,,False,,False,,False,,0,4,1.0073737524206747,,2025-02-03 01:15:00+00:00,2791.16,STOP LOSS,-1.0,-1.0,2585.6358178507267,2559.779459672219
BUY,2025-02-03 01:30:00+00:00,2792.3,2791.16,2791.16,2793.4400000000005,2794.580000000001,2795.720000000001,1,75,"['H4 bullish context', 'H1 bullish trend', 'H1 bullish structure', 'Distance filter OK']",SWING_HIGH price=2798.45 zone=(2798.45-2798.45) touches=1 strength=1,SWING_HIGH price=2786.10 zone=(2786.10-2786.10) touches=1 strength=1,None,SWING_LOW price=2791.16 zone=(2791.16-2791.16) touches=1 strength=1,False,,False,,False,,False,,0,1,1.9973000148964601,,2025-02-03 01:45:00+00:00,2791.16,STOP LOSS,-1.0,-1.0,2559.779459672219,2534.181665075497
BUY,2025-02-03 02:00:00+00:00,2793.14,2791.16,2791.16,2795.12,2797.1,2799.08,1,75,"['H4 bullish context', 'H1 bullish trend', 'H1 bullish structure', 'Distance filter OK']",SWING_HIGH price=2798.45 zone=(2798.45-2798.45) touches=1 strength=1,SWING_HIGH price=2786.10 zone=(2786.10-2786.10) touches=1 strength=1,None,SWING_LOW price=2791.16 zone=(2791.16-2791.16) touches=1 strength=1,False,,False,,False,,False,,0,1,2.977327014747494,,2025-02-03 02:15:00+00:00,2791.16,STOP LOSS,-1.0,-1.0,2534.181665075497,2508.8398484247423
BUY,2025-02-03 02:30:00+00:00,2794.17,2791.16,2791.16,2797.1800000000003,2800.1900000000005,2803.2000000000007,1,75,"['H4 bullish context', 'H1 bullish trend', 'H1 bullish structure', 'Distance filter OK']",SWING_HIGH price=2798.45 zone=(2798.45-2798.45) touches=1 strength=1,SWING_HIGH price=2786.10 zone=(2786.10-2786.10) touches=1 strength=1,None,SWING_LOW price=2791.16 zone=(2791.16-2791.16) touches=1 strength=1,False,,False,,False,,False,,0,1,3.9475537446000257,,2025-02-03 02:45:00+00:00,2791.16,STOP LOSS,-1.0,-1.0,2508.8398484247423,2483.7514499404947
BUY,2025-02-04 03:15:00+00:00,2816.91,2811.55,2817.0099999999998,2822.2699999999995,2827.629999999999,2832.989999999999,1,90,"['H4 bullish context', 'H1 bullish trend', 'M15 bullish timing', 'Distance filter OK']",SWING_HIGH price=2830.50 zone=(2830.50-2830.50) touches=1 strength=1,SWING_HIGH price=2823.01 zone=(2823.01-2823.01) touches=1 strength=1,None,SWING_LOW price=2811.55 zone=(2811.55-2811.55) touches=1 strength=1,True,2025-02-04 03:30:00+00:00,True,2025-02-04 03:30:00+00:00,False,,False,,0,5,0.0,,2025-02-04 04:30:00+00:00,2817.0099999999998,BREAKEVEN,0.01865671641789462,0.01865671641789462,2483.7514499404947,2484.2148364050354
BUY,2025-02-04 04:45:00+00:00,2817.76,2811.55,2817.86,2823.9700000000003,2830.1800000000003,2836.3900000000003,1,90,"['H4 bullish context', 'H1 bullish trend', 'M15 bullish timing', 'Distance filter OK']",SWING_HIGH price=2823.01 zone=(2823.01-2823.01) touches=1 strength=1,SWING_HIGH price=2817.20 zone=(2817.20-2817.20) touches=1 strength=1,None,SWING_LOW price=2811.55 zone=(2811.55-2811.55) touches=1 strength=1,True,2025-02-04 05:00:00+00:00,True,2025-02-04 05:00:00+00:00,False,,False,,0,4,0.0,,2025-02-04 05:45:00+00:00,2817.86,BREAKEVEN,0.01610305958130571,0.01610305958130571,2484.2148364050354,2484.6148710002694
BUY,2025-02-04 07:00:00+00:00,2819.3,2811.55,2811.55,2827.05,2834.8,2842.55,1,75,"['H4 bullish context', 'H1 bullish trend', 'H1 bullish structure', 'Distance filter OK']",SWING_HIGH price=2823.01 zone=(2823.01-2823.01) touches=1 strength=1,SWING_HIGH price=2817.20 zone=(2817.20-2817.20) touches=1 strength=1,None,SWING_LOW price=2811.55 zone=(2811.55-2811.55) touches=1 strength=1,False,,False,,False,,False,,0,3,0.40409940479932743,,2025-02-04 07:45:00+00:00,2815.9,EXIT SIGNAL,-0.43870967741936656,-0.43870967741936656,2484.6148710002694,2473.7146251145905
BUY,2025-02-04 08:30:00+00:00,2812.23,2811.55,2812.91,2812.91,2813.5899999999997,2814.2699999999995,1,75,"['H4 bullish context', 'H1 bullish trend', 'H1 bullish structure', 'Distance filter OK']",SWING_HIGH price=2817.20 zone=(2817.20-2817.20) touches=1 strength=1,SWING_HIGH price=2804.27 zone=(2804.27-2804.27) touches=1 strength=1,None,SWING_LOW price=2811.55 zone=(2811.55-2811.55) touches=1 strength=1,True,2025-02-04 08:45:00+00:00,True,2025-02-04 08:45:00+00:00,True,2025-02-04 08:45:00+00:00,False,,1,1,0.0,,2025-02-04 08:45:00+00:00,2813.73,EXIT SIGNAL,2.2058823529417073,2.2058823529417073,2473.7146251145905,2528.2818594921314
BUY,2025-02-04 10:00:00+00:00,2812.8,2811.55,2815.3,2814.05,2815.3,2816.55,1,75,"['H4 bullish context', 'H1 bullish trend', 'H1 bullish structure', 'Distance filter OK']",SWING_HIGH price=2817.20 zone=(2817.20-2817.20) touches=1 strength=1,SWING_HIGH price=2804.27 zone=(2804.27-2804.27) touches=1 strength=1,None,SWING_LOW price=2811.55 zone=(2811.55-2811.55) touches=1 strength=1,True,2025-02-04 10:15:00+00:00,True,2025-02-04 10:15:00+00:00,True,2025-02-04 10:15:00+00:00,True,2025-02-04 10:15:00+00:00,2,1,0.0,,2025-02-04 10:15:00+00:00,2817.17,EXIT SIGNAL,3.4959999999999125,3.4959999999999125,2528.2818594921314,2616.6705932999744
BUY,2025-02-04 10:45:00+00:00,2812.78,2811.55,2815.2400000000002,2814.01,2815.2400000000002,2816.4700000000003,1,75,"['H4 bullish context', 'H1 bullish trend', 'H1 bullish structure', 'Distance filter OK']",SWING_HIGH price=2817.20 zone=(2817.20-2817.20) touches=1 strength=1,SWING_HIGH price=2804.27 zone=(2804.27-2804.27) touches=1 strength=1,None,SWING_LOW price=2811.55 zone=(2811.55-2811.55) touches=1 strength=1,True,2025-02-04 11:00:00+00:00,True,2025-02-04 11:00:00+00:00,True,2025-02-04 11:00:00+00:00,True,2025-02-04 11:00:00+00:00,2,7,0.0,,2025-02-04 12:30:00+00:00,2815.2400000000002,PROFIT LOCK TP2,2.0,2.0,2616.6705932999744,2669.004005165974
BUY,2025-02-04 14:15:00+00:00,2816.98,2807.33,2836.28,2826.63,2836.28,2845.9300000000003,1,90,"['H4 bullish context', 'H1 bullish trend', 'M15 bullish timing', 'Distance filter OK']",SWING_HIGH price=2821.99 zone=(2821.99-2821.99) touches=1 strength=1,SWING_HIGH price=2817.20 zone=(2817.20-2817.20) touches=1 strength=1,None,SWING_LOW price=2811.55 zone=(2811.55-2811.55) touches=1 strength=1,True,2025-02-04 15:15:00+00:00,True,2025-02-04 15:15:00+00:00,True,2025-02-04 15:30:00+00:00,True,2025-02-05 02:30:00+00:00,2,118,0.0,,2025-02-05 20:45:00+00:00,2865.7,EXIT SIGNAL,5.048704663212367,5.048704663212367,2669.004005165974,2803.7541348361133
BUY,2025-02-05 21:00:00+00:00,2865.7,2858.79,2858.79,2872.6099999999997,2879.5199999999995,2886.4299999999994,1,75,"['H4 bullish context', 'H1 bullish trend', 'H1 bullish structure', 'Distance filter OK']",SWING_HIGH price=2877.27 zone=(2877.27-2877.27) touches=1 strength=1,SWING_HIGH price=2845.58 zone=(2845.58-2845.58) touches=1 strength=1,None,SWING_LOW price=2858.79 zone=(2858.79-2858.79) touches=1 strength=1,False,,False,,False,,False,,0,4,0.0,,2025-02-05 22:00:00+00:00,2863.97,EXIT SIGNAL,-0.2503617945007315,-0.2503617945007315,2803.7541348361133,2796.7346056707493
BUY,2025-02-05 22:15:00+00:00,2863.97,2858.79,2858.79,2869.1499999999996,2874.3299999999995,2879.5099999999993,1,75,"['H4 bullish context', 'H1 bullish trend', 'H1 bullish structure', 'Distance filter OK']",SWING_HIGH price=2877.27 zone=(2877.27-2877.27) touches=1 strength=1,SWING_HIGH price=2845.58 zone=(2845.58-2845.58) touches=1 strength=1,None,SWING_LOW price=2858.79 zone=(2858.79-2858.79) touches=1 strength=1,False,,False,,False,,False,,0,3,0.0,,2025-02-05 23:00:00+00:00,2862.37,EXIT SIGNAL,-0.3088803088803011,-0.3088803088803011,2796.7346056707493,2788.0960431821914
BUY,2025-02-05 23:15:00+00:00,2862.37,2858.79,2862.47,2865.95,2869.5299999999997,2873.1099999999997,1,75,"['H4 bullish context', 'H1 bullish trend', 'H1 bullish structure', 'Distance filter OK']",SWING_HIGH price=2877.27 zone=(2877.27-2877.27) touches=1 strength=1,SWING_HIGH price=2845.58 zone=(2845.58-2845.58) touches=1 strength=1,None,SWING_LOW price=2858.79 zone=(2858.79-2858.79) touches=1 strength=1,True,2025-02-05 23:45:00+00:00,True,2025-02-05 23:45:00+00:00,False,,False,,0,2,0.0,,2025-02-05 23:45:00+00:00,2867.21,EXIT SIGNAL,1.351955307262638,1.351955307262638,2788.0960431821914,2825.789855609573
BUY,2025-02-06 01:00:00+00:00,2867.21,2858.79,2858.79,2875.63,2884.05,2892.4700000000003,1,75,"['H4 bullish context', 'H1 bullish trend', 'H1 bullish structure', 'Distance filter OK']",SWING_HIGH price=2877.27 zone=(2877.27-2877.27) touches=1 strength=1,SWING_HIGH price=2845.58 zone=(2845.58-2845.58) touches=1 strength=1,None,SWING_LOW price=2858.79 zone=(2858.79-2858.79) touches=1 strength=1,False,,False,,False,,False,,0,18,0.12470308788600477,,2025-02-06 05:30:00+00:00,2866.16,EXIT SIGNAL,-0.12470308788600627,-0.12470308788600627,2825.789855609573,2822.2660084024583
BUY,2025-02-06 05:45:00+00:00,2866.16,2863.81,2868.5099999999998,2868.5099999999998,2870.8599999999997,2873.2099999999996,1,75,"['H4 bullish context', 'H1 bullish trend', 'H1 bullish structure', 'Distance filter OK']",SWING_HIGH price=2877.27 zone=(2877.27-2877.27) touches=1 strength=1,SWING_HIGH price=2845.58 zone=(2845.58-2845.58) touches=1 strength=1,None,SWING_LOW price=2863.81 zone=(2863.81-2863.81) touches=1 strength=1,True,2025-02-06 06:00:00+00:00,True,2025-02-06 06:00:00+00:00,True,2025-02-06 06:00:00+00:00,False,,1,4,0.0,,2025-02-06 06:45:00+00:00,2868.5099999999998,PROFIT LOCK TP1,1.0,1.0,2822.2660084024583,2850.4886684864828
BUY,2025-02-07 10:15:00+00:00,2865.29,2859.11,2859.11,2871.47,2877.6499999999996,2883.8299999999995,1,75,"['H4 bullish context', 'H1 bullish trend', 'H1 bullish structure', 'Distance filter OK']",SWING_HIGH price=2870.26 zone=(2870.26-2870.26) touches=1 strength=1,SWING_HIGH price=2845.58 zone=(2845.58-2845.58) touches=1 strength=1,None,SWING_LOW price=2863.81 zone=(2863.81-2863.81) touches=1 strength=1,False,,False,,False,,False,,0,19,0.5873786407767293,,2025-02-07 15:00:00+00:00,2861.66,EXIT SIGNAL,-0.5873786407767323,-0.5873786407767323,2850.4886684864828,2833.745506890032
BUY,2025-02-07 15:15:00+00:00,2861.66,2859.11,2859.11,2864.2099999999996,2866.7599999999993,2869.309999999999,1,75,"['H4 bullish context', 'H1 bullish trend', 'H1 bullish structure', 'Distance filter OK']",SWING_HIGH price=2870.26 zone=(2870.26-2870.26) touches=1 strength=1,SWING_HIGH price=2845.58 zone=(2845.58-2845.58) touches=1 strength=1,SWING_LOW price=2863.81 zone=(2863.81-2863.81) touches=1 strength=1,SWING_LOW price=2860.04 zone=(2860.04-2860.04) touches=1 strength=1,False,,False,,False,,False,,0,1,1.5815048543689665,,2025-02-07 15:30:00+00:00,2859.11,STOP LOSS,-1.0,-1.0,2833.745506890032,2805.4080518211317
BUY,2025-02-07 15:45:00+00:00,2863.05,2859.11,2859.11,2866.9900000000002,2870.9300000000003,2874.8700000000003,1,75,"['H4 bullish context', 'H1 bullish trend', 'H1 bullish structure', 'Distance filter OK']",SWING_HIGH price=2870.26 zone=(2870.26-2870.26) touches=1 strength=1,SWING_HIGH price=2845.58 zone=(2845.58-2845.58) touches=1 strength=1,SWING_LOW price=2863.81 zone=(2863.81-2863.81) touches=1 strength=1,SWING_LOW price=2860.04 zone=(2860.04-2860.04) touches=1 strength=1,False,,False,,False,,False,,0,1,2.565689805825277,,2025-02-07 16:00:00+00:00,2859.11,STOP LOSS,-1.0,-1.0,2805.4080518211317,2777.3539713029204
BUY,2025-02-07 16:15:00+00:00,2864.84,2859.11,2876.3,2870.57,2876.3,2882.03,1,75,"['H4 bullish context', 'H1 bullish trend', 'H1 bullish structure', 'Distance filter OK']",SWING_HIGH price=2877.27 zone=(2877.27-2877.27) touches=1 strength=1,SWING_HIGH price=2873.36 zone=(2873.36-2873.36) touches=1 strength=1,None,SWING_LOW price=2863.81 zone=(2863.81-2863.81) touches=1 strength=1,True,2025-02-07 16:30:00+00:00,True,2025-02-07 16:30:00+00:00,True,2025-02-07 16:30:00+00:00,True,2025-02-07 17:15:00+00:00,2,7,0.6170036019417744,,2025-02-07 18:00:00+00:00,2876.3,PROFIT LOCK TP2,2.0,2.0,2777.3539713029204,2832.901050728979
BUY,2025-02-07 21:15:00+00:00,2862.22,2853.39,2853.39,2871.0499999999997,2879.8799999999997,2888.7099999999996,1,75,"['H4 bullish context', 'H1 bullish trend', 'H1 bullish structure', 'Distance filter OK']",SWING_HIGH price=2870.26 zone=(2870.26-2870.26) touches=1 strength=1,SWING_HIGH price=2845.58 zone=(2845.58-2845.58) touches=1 strength=1,SWING_LOW price=2863.81 zone=(2863.81-2863.81) touches=1 strength=1,SWING_LOW price=2860.04 zone=(2860.04-2860.04) touches=1 strength=1,False,,False,,False,,False,,0,3,0.5269623821020671,,2025-02-07 22:00:00+00:00,2863.02,EXIT SIGNAL,0.09060022650058759,0.09060022650058759,2832.901050728979,2835.467665497477
BUY,2025-02-07 22:15:00+00:00,2863.02,2853.39,2853.39,2872.65,2882.28,2891.9100000000003,1,75,"['H4 bullish context', 'H1 bullish trend', 'H1 bullish structure', 'Distance filter OK']",SWING_HIGH price=2870.26 zone=(2870.26-2870.26) touches=1 strength=1,SWING_HIGH price=2845.58 zone=(2845.58-2845.58) touches=1 strength=1,SWING_LOW price=2863.81 zone=(2863.81-2863.81) touches=1 strength=1,SWING_LOW price=2860.04 zone=(2860.04-2860.04) touches=1 strength=1,False,,False,,False,,False,,0,3,0.5569179178333084,,2025-02-07 23:00:00+00:00,2862.73,EXIT SIGNAL,-0.0301142263759045,-0.0301142263759045,2835.467665497477,2834.6137863458735
BUY,2025-02-07 23:15:00+00:00,2862.73,2853.39,2881.4100000000003,2872.07,2881.4100000000003,2890.7500000000005,1,75,"['H4 bullish context', 'H1 bullish trend', 'H1 bullish structure', 'Distance filter OK']",SWING_HIGH price=2870.26 zone=(2870.26-2870.26) touches=1 strength=1,SWING_HIGH price=2845.58 zone=(2845.58-2845.58) touches=1 strength=1,SWING_LOW price=2863.81 zone=(2863.81-2863.81) touches=1 strength=1,SWING_LOW price=2860.04 zone=(2860.04-2860.04) touches=1 strength=1,True,2025-02-10 03:00:00+00:00,True,2025-02-10 03:00:00+00:00,True,2025-02-10 08:00:00+00:00,True,2025-02-10 08:45:00+00:00,2,129,0.10074592691345252,,2025-02-11 09:30:00+00:00,2910.41,EXIT SIGNAL,5.104925053533093,5.104925053533093,2834.6137863458735,2979.3186956959466
BUY,2025-02-11 09:45:00+00:00,2910.41,2904.67,2904.67,2916.1499999999996,2921.8899999999994,2927.629999999999,1,75,"['H4 bullish context', 'H1 bullish trend', 'H1 bullish structure', 'Distance filter OK']",SWING_HIGH price=2942.70 zone=(2942.70-2942.70) touches=1 strength=1,SWING_HIGH price=2911.65 zone=(2911.65-2911.65) touches=1 strength=1,None,SWING_LOW price=2904.67 zone=(2904.67-2904.67) touches=1 strength=1,False,,False,,False,,False,,0,3,0.0,,2025-02-11 10:30:00+00:00,2911.63,EXIT SIGNAL,0.2125435540070211,0.2125435540070211,2979.3186956959466,2985.6510455369744
BUY,2025-02-12 09:30:00+00:00,2894.64,2883.69,2883.69,2905.5899999999997,2916.5399999999995,2927.4899999999993,1,90,"['H4 bullish context', 'H1 bullish trend', 'M15 bullish timing', 'Distance filter OK']",SWING_HIGH price=2900.82 zone=(2900.82-2900.82) touches=1 strength=1,SWING_HIGH price=2886.74 zone=(2886.74-2886.74) touches=1 strength=1,SWING_LOW price=2893.92 zone=(2893.92-2893.92) touches=1 strength=1,SWING_LOW price=2883.75 zone=(2883.75-2883.75) touches=1 strength=1,False,,False,,False,,False,,0,10,0.6913242009132274,,2025-02-12 12:00:00+00:00,2887.07,EXIT SIGNAL,-0.6913242009132269,-0.6913242009132269,2985.6510455369744,2965.0105173043585
BUY,2025-02-12 23:15:00+00:00,2900.97,2893.46,2908.4799999999996,2908.4799999999996,2915.9899999999993,2923.499999999999,1,75,"['H4 bullish context', 'H1 bullish trend', 'H1 bullish structure', 'Distance filter OK']",SWING_HIGH price=2908.51 zone=(2908.51-2908.51) touches=1 strength=1,SWING_HIGH price=2900.82 zone=(2900.82-2900.82) touches=1 strength=1,SWING_LOW price=2904.67 zone=(2904.67-2904.67) touches=1 strength=1,SWING_LOW price=2896.68 zone=(2896.68-2896.68) touches=1 strength=1,True,2025-02-13 02:15:00+00:00,True,2025-02-13 02:15:00+00:00,True,2025-02-13 05:15:00+00:00,False,,1,61,0.0,,2025-02-13 15:30:00+00:00,2908.4799999999996,PROFIT LOCK TP1,1.0,1.0,2965.0105173043585,2994.6606224774023
BUY,2025-02-13 15:45:00+00:00,2912.52,2909.36,2909.36,2915.68,2918.8399999999997,2921.9999999999995,1,75,"['H4 bullish context', 'H1 bullish trend', 'H1 bullish structure', 'Distance filter OK']",SWING_HIGH price=2908.51 zone=(2908.51-2908.51) touches=1 strength=1,SWING_HIGH price=2900.82 zone=(2900.82-2900.82) touches=1 strength=1,SWING_LOW price=2909.36 zone=(2909.36-2909.36) touches=1 strength=1,SWING_LOW price=2904.67 zone=(2904.67-2904.67) touches=1 strength=1,False,,False,,False,,False,,0,1,0.4197244360752933,,2025-02-13 16:00:00+00:00,2909.36,STOP LOSS,-1.0,-1.0,2994.6606224774023,2964.7140162526284
BUY,2025-02-13 17:30:00+00:00,2916.15,2905.8,2916.25,2926.5,2936.85,2947.2,1,90,"['H4 bullish context', 'H1 bullish trend', 'M15 bullish timing', 'Distance filter OK']",SWING_HIGH price=2921.26 zone=(2921.26-2921.26) touches=1 strength=1,SWING_HIGH price=2911.65 zone=(2911.65-2911.65) touches=1 strength=1,None,SWING_LOW price=2909.36 zone=(2909.36-2909.36) touches=1 strength=1,True,2025-02-13 21:15:00+00:00,True,2025-02-13 21:15:00+00:00,False,,False,,0,45,0.3629348054478543,,2025-02-14 05:45:00+00:00,2924.37,EXIT SIGNAL,0.7942028985507122,0.7942028985507122,2964.7140162526284,2988.259860903446
BUY,2025-02-14 07:15:00+00:00,2928.8,2923.15,2934.4500000000003,2934.4500000000003,2940.1000000000004,2945.7500000000005,1,75,"['H4 bullish context', 'H1 bullish trend', 'H1 bullish structure', 'Distance filter OK']",SWING_HIGH price=2934.01 zone=(2934.01-2934.01) touches=1 strength=1,SWING_HIGH price=2929.37 zone=(2929.37-2929.37) touches=1 strength=1,None,SWING_LOW price=2923.15 zone=(2923.15-2923.15) touches=1 strength=1,True,2025-02-14 08:30:00+00:00,True,2025-02-14 08:30:00+00:00,True,2025-02-14 12:30:00+00:00,False,,1,23,0.0,,2025-02-14 13:00:00+00:00,2934.4500000000003,PROFIT LOCK TP1,1.0,1.0,2988.259860903446,3018.142459512481
BUY,2025-02-14 13:15:00+00:00,2935.35,2923.15,2923.15,2947.5499999999997,2959.7499999999995,2971.9499999999994,1,75,"['H4 bullish context', 'H1 bullish trend', 'H1 bullish structure', 'Distance filter OK']",SWING_HIGH price=2934.01 zone=(2934.01-2934.01) touches=1 strength=1,SWING_HIGH price=2929.37 zone=(2929.37-2929.37) touches=1 strength=1,None,SWING_LOW price=2923.15 zone=(2923.15-2923.15) touches=1 strength=1,False,,False,,False,,False,,0,3,0.0,,2025-02-14 14:00:00+00:00,2931.07,EXIT SIGNAL,-0.3508196721311319,-0.3508196721311319,3018.142459512481,3007.5542220315688
BUY,2025-02-14 14:45:00+00:00,2929.17,2923.15,2923.15,2935.19,2941.21,2947.23,1,75,"['H4 bullish context', 'H1 bullish trend', 'H1 bullish structure', 'Distance filter OK']",SWING_HIGH price=2934.01 zone=(2934.01-2934.01) touches=1 strength=1,SWING_HIGH price=2929.37 zone=(2929.37-2929.37) touches=1 strength=1,None,SWING_LOW price=2923.15 zone=(2923.15-2923.15) touches=1 strength=1,False,,False,,False,,False,,0,3,0.7224099827613641,,2025-02-14 15:30:00+00:00,2923.15,STOP LOSS,-1.0,-1.0,3007.5542220315688,2977.478679811253
BUY,2025-02-14 16:30:00+00:00,2926.92,2923.15,2923.15,2930.69,2934.46,2938.23,1,75,"['H4 bullish context', 'H1 bullish trend', 'H1 bullish structure', 'Distance filter OK']",SWING_HIGH price=2921.26 zone=(2921.26-2921.26) touches=1 strength=1,SWING_HIGH price=2920.86 zone=(2920.86-2920.86) touches=1 strength=1,SWING_LOW price=2923.15 zone=(2923.15-2923.15) touches=1 strength=1,SWING_LOW price=2909.36 zone=(2909.36-2909.36) touches=1 strength=1,False,,False,,False,,False,,0,1,1.7151858829337487,,2025-02-14 16:45:00+00:00,2923.15,STOP LOSS,-1.0,-1.0,2977.478679811253,2947.7038930131407
BUY,2025-02-17 13:15:00+00:00,2899.26,2888.05,2888.05,2910.4700000000003,2921.6800000000003,2932.8900000000003,1,75,"['H4 bullish context', 'H1 bullish trend', 'H1 bullish structure', 'Distance filter OK']",SWING_HIGH price=2905.16 zone=(2905.16-2905.16) touches=1 strength=1,SWING_HIGH price=2900.82 zone=(2900.82-2900.82) touches=1 strength=1,SWING_LOW price=2904.67 zone=(2904.67-2904.67) touches=1 strength=1,SWING_LOW price=2896.68 zone=(2896.68-2896.68) touches=1 strength=1,False,,False,,False,,False,,0,4,0.1909009812667467,,2025-02-17 14:15:00+00:00,2897.12,EXIT SIGNAL,-0.19090098126675473,-0.19090098126675473,2947.7038930131407,2942.0766973565405
BUY,2025-02-17 15:45:00+00:00,2896.41,2888.05,2888.05,2904.7699999999995,2913.129999999999,2921.489999999999,1,75,"['H4 bullish context', 'H1 bullish trend', 'H1 bullish structure', 'Distance filter OK']",SWING_HIGH price=2900.82 zone=(2900.82-2900.82) touches=1 strength=1,SWING_HIGH price=2895.71 zone=(2895.71-2895.71) touches=1 strength=1,SWING_LOW price=2896.68 zone=(2896.68-2896.68) touches=1 strength=1,SWING_LOW price=2896.51 zone=(2896.51-2896.51) touches=1 strength=1,False,,False,,False,,False,,0,3,0.0,,2025-02-17 16:30:00+00:00,2899.75,EXIT SIGNAL,0.39952153110051153,0.39952153110051153,2942.0766973565405,2953.8309272239712
BUY,2025-02-17 16:45:00+00:00,2899.75,2895.3,2895.3,2904.2,2908.6499999999996,2913.0999999999995,1,75,"['H4 bullish context', 'H1 bullish trend', 'H1 bullish structure', 'Distance filter OK']",SWING_HIGH price=2905.16 zone=(2905.16-2905.16) touches=1 strength=1,SWING_HIGH price=2900.82 zone=(2900.82-2900.82) touches=1 strength=1,SWING_LOW price=2904.67 zone=(2904.67-2904.67) touches=1 strength=1,SWING_LOW price=2896.68 zone=(2896.68-2896.68) touches=1 strength=1,False,,False,,False,,False,,0,8,0.0,,2025-02-17 18:45:00+00:00,2899.07,EXIT SIGNAL,-0.15280898876401441,-0.15280898876401441,2953.8309272239712,2949.3172080542813
BUY,2025-02-18 14:15:00+00:00,2913.1,2907.06,2925.18,2919.14,2925.18,2931.22,1,75,"['H4 bullish context', 'H1 bullish trend', 'H1 bullish structure', 'Distance filter OK']",SWING_HIGH price=2920.86 zone=(2920.86-2920.86) touches=1 strength=1,SWING_HIGH price=2915.45 zone=(2915.45-2915.45) touches=1 strength=1,SWING_LOW price=2923.15 zone=(2923.15-2923.15) touches=1 strength=1,SWING_LOW price=2909.36 zone=(2909.36-2909.36) touches=1 strength=1,True,2025-02-18 15:30:00+00:00,True,2025-02-18 15:30:00+00:00,True,2025-02-18 16:45:00+00:00,True,2025-02-18 18:30:00+00:00,2,54,1.5311830706774525,,2025-02-19 04:45:00+00:00,2925.18,PROFIT LOCK TP2,2.0,2.0,2949.3172080542813,3008.303552215367
BUY,2025-02-19 07:15:00+00:00,2928.75,2924.17,2937.91,2933.33,2937.91,2942.49,1,75,"['H4 bullish context', 'H1 bullish trend', 'H1 bullish structure', 'Distance filter OK']",SWING_HIGH price=2934.01 zone=(2934.01-2934.01) touches=1 strength=1,SWING_HIGH price=2929.37 zone=(2929.37-2929.37) touches=1 strength=1,None,SWING_LOW price=2924.17 zone=(2924.17-2924.17) touches=1 strength=1,True,2025-02-19 07:45:00+00:00,True,2025-02-19 07:45:00+00:00,True,2025-02-19 10:15:00+00:00,True,2025-02-19 11:15:00+00:00,2,26,0.0,,2025-02-19 13:45:00+00:00,2937.91,PROFIT LOCK TP2,2.0,2.0,3008.303552215367,3068.4696232596743
BUY,2025-02-19 14:15:00+00:00,2934.68,2924.17,2924.17,2945.1899999999996,2955.6999999999994,2966.209999999999,1,75,"['H4 bullish context', 'H1 bullish trend', 'H1 bullish structure', 'Distance filter OK']",SWING_HIGH price=2934.01 zone=(2934.01-2934.01) touches=1 strength=1,SWING_HIGH price=2929.37 zone=(2929.37-2929.37) touches=1 strength=1,None,SWING_LOW price=2924.17 zone=(2924.17-2924.17) touches=1 strength=1,False,,False,,False,,False,,0,3,0.0,,2025-02-19 15:00:00+00:00,2940.3,EXIT SIGNAL,0.5347288296860583,0.5347288296860583,3068.4696232596743,3084.877614965403
BUY,2025-02-19 16:30:00+00:00,2933.75,2924.17,2924.17,2943.33,2952.91,2962.49,1,75,"['H4 bullish context', 'H1 bullish trend', 'H1 bullish structure', 'Distance filter OK']",SWING_HIGH price=2939.65 zone=(2939.65-2939.65) touches=1 strength=1,SWING_HIGH price=2937.10 zone=(2937.10-2937.10) touches=1 strength=1,None,SWING_LOW price=2924.17 zone=(2924.17-2924.17) touches=1 strength=1,False,,False,,False,,False,,0,3,0.0,,2025-02-19 17:15:00+00:00,2935.27,EXIT SIGNAL,0.15866388308976967,0.15866388308976967,3084.877614965403,3089.772201577874
BUY,2025-02-19 17:30:00+00:00,2935.27,2924.17,2924.17,2946.37,2957.47,2968.5699999999997,1,75,"['H4 bullish context', 'H1 bullish trend', 'H1 bullish structure', 'Distance filter OK']",SWING_HIGH price=2929.37 zone=(2929.37-2929.37) touches=1 strength=1,SWING_HIGH price=2922.82 zone=(2922.82-2922.82) touches=1 strength=1,None,SWING_LOW price=2924.17 zone=(2924.17-2924.17) touches=1 strength=1,False,,False,,False,,False,,0,2,0.0,,2025-02-19 18:00:00+00:00,2924.17,STOP LOSS,-1.0,-1.0,3089.772201577874,3058.874479562095
BUY,2025-02-19 20:45:00+00:00,2925.06,2924.17,2924.17,2925.95,2926.8399999999997,2927.7299999999996,1,75,"['H4 bullish context', 'H1 bullish trend', 'H1 bullish structure', 'Distance filter OK']",SWING_HIGH price=2934.01 zone=(2934.01-2934.01) touches=1 strength=1,SWING_HIGH price=2922.82 zone=(2922.82-2922.82) touches=1 strength=1,None,SWING_LOW price=2924.17 zone=(2924.17-2924.17) touches=1 strength=1,False,,False,,False,,False,,0,1,0.8771194626269012,,2025-02-19 21:00:00+00:00,2924.17,STOP LOSS,-1.0,-1.0,3058.874479562095,3028.285734766474
BUY,2025-02-19 21:15:00+00:00,2927.06,2924.17,2932.8399999999997,2929.95,2932.8399999999997,2935.7299999999996,1,75,"['H4 bullish context', 'H1 bullish trend', 'H1 bullish structure', 'Distance filter OK']",SWING_HIGH price=2934.01 zone=(2934.01-2934.01) touches=1 strength=1,SWING_HIGH price=2922.82 zone=(2922.82-2922.82) touches=1 strength=1,None,SWING_LOW price=2924.17 zone=(2924.17-2924.17) touches=1 strength=1,True,2025-02-19 21:45:00+00:00,True,2025-02-19 21:45:00+00:00,True,2025-02-19 22:00:00+00:00,True,2025-02-19 22:30:00+00:00,2,6,0.0,,2025-02-19 22:45:00+00:00,2932.8399999999997,PROFIT LOCK TP2,2.0,2.0,3028.285734766474,3088.8514494618034
BUY,2025-02-20 06:45:00+00:00,2941.04,2934.0,2941.14,2948.08,2955.12,2962.16,1,75,"['H4 bullish context', 'H1 bullish trend', 'H1 bullish structure', 'Distance filter OK']",SWING_HIGH price=2940.15 zone=(2940.15-2940.15) touches=1 strength=1,SWING_HIGH price=2939.65 zone=(2939.65-2939.65) touches=1 strength=1,None,SWING_LOW price=2934.00 zone=(2934.00-2934.00) touches=1 strength=1,True,2025-02-20 08:45:00+00:00,True,2025-02-20 08:45:00+00:00,False,,False,,0,30,0.0,,2025-02-20 14:15:00+00:00,2941.14,BREAKEVEN,0.014204545454532608,0.014204545454532608,3088.8514494618034,3089.290206769965
BUY,2025-02-20 14:30:00+00:00,2941.81,2934.0,2934.0,2949.62,2957.43,2965.24,1,75,"['H4 bullish context', 'H1 bullish trend', 'H1 bullish structure', 'Distance filter OK']",SWING_HIGH price=2947.18 zone=(2947.18-2947.18) touches=1 strength=1,SWING_HIGH price=2940.15 zone=(2940.15-2940.15) touches=1 strength=1,None,SWING_LOW price=2934.00 zone=(2934.00-2934.00) touches=1 strength=1,False,,False,,False,,False,,0,3,0.0,,2025-02-20 15:15:00+00:00,2944.31,EXIT SIGNAL,0.3201024327784914,0.3201024327784914,3089.290206769965,3099.1790998774236
BUY,2025-02-20 15:30:00+00:00,2944.31,2934.0,2934.0,2954.62,2964.93,2975.24,1,75,"['H4 bullish context', 'H1 bullish trend', 'H1 bullish structure', 'Distance filter OK']",SWING_HIGH price=2937.10 zone=(2937.10-2937.10) touches=1 strength=1,SWING_HIGH price=2934.01 zone=(2934.01-2934.01) touches=1 strength=1,None,SWING_LOW price=2934.00 zone=(2934.00-2934.00) touches=1 strength=1,False,,False,,False,,False,,0,1,0.6689910771447009,,2025-02-20 15:45:00+00:00,2934.0,STOP LOSS,-1.0,-1.0,3099.1790998774236,3068.187308878649
BUY,2025-02-20 16:45:00+00:00,2939.52,2934.0,2934.0,2945.04,2950.56,2956.08,1,75,"['H4 bullish context', 'H1 bullish trend', 'H1 bullish structure', 'Distance filter OK']",SWING_HIGH price=2937.10 zone=(2937.10-2937.10) touches=1 strength=1,SWING_HIGH price=2934.01 zone=(2934.01-2934.01) touches=1 strength=1,None,SWING_LOW price=2934.00 zone=(2934.00-2934.00) touches=1 strength=1,False,,False,,False,,False,,0,1,1.66230116637326,,2025-02-20 17:00:00+00:00,2934.0,STOP LOSS,-1.0,-1.0,3068.187308878649,3037.5054357898625
BUY,2025-02-20 17:15:00+00:00,2934.46,2934.0,2934.0,2934.92,2935.38,2935.84,1,75,"['H4 bullish context', 'H1 bullish trend', 'H1 bullish structure', 'Distance filter OK']",SWING_HIGH price=2939.65 zone=(2939.65-2939.65) touches=1 strength=1,SWING_HIGH price=2937.10 zone=(2937.10-2937.10) touches=1 strength=1,None,SWING_LOW price=2934.00 zone=(2934.00-2934.00) touches=1 strength=1,False,,False,,False,,False,,0,1,2.6456781547095245,,2025-02-20 17:30:00+00:00,2934.0,STOP LOSS,-1.0,-1.0,3037.5054357898625,3007.130381431964
BUY,2025-02-21 01:45:00+00:00,2942.4,2933.73,2933.73,2951.07,2959.7400000000002,2968.4100000000003,1,90,"['H4 bullish context', 'H1 bullish trend', 'M15 bullish timing', 'Distance filter OK']",SWING_HIGH price=2947.05 zone=(2947.05-2947.05) touches=1 strength=1,SWING_HIGH price=2940.15 zone=(2940.15-2940.15) touches=1 strength=1,None,SWING_LOW price=2934.00 zone=(2934.00-2934.00) touches=1 strength=1,False,,False,,False,,False,,0,8,1.0000000000000084,,2025-02-21 03:45:00+00:00,2933.73,STOP LOSS,-1.0,-1.0,3007.130381431964,2977.059077617644
BUY,2025-02-21 23:45:00+00:00,2937.67,2921.81,2921.81,2953.53,2969.3900000000003,2985.2500000000005,1,75,"['H4 bullish context', 'H1 bullish trend', 'H1 bullish structure', 'Distance filter OK']",SWING_HIGH price=2937.10 zone=(2937.10-2937.10) touches=1 strength=1,SWING_HIGH price=2936.17 zone=(2936.17-2936.17) touches=1 strength=1,None,SWING_LOW price=2934.00 zone=(2934.00-2934.00) touches=1 strength=1,False,,False,,False,,False,,0,8,0.5794326598478248,,2025-02-24 02:45:00+00:00,2930.23,EXIT SIGNAL,-0.469104665825977,-0.469104665825977,2977.059077617644,2963.093554580144
BUY,2025-02-24 12:30:00+00:00,2942.27,2935.44,2935.44,2949.1,2955.93,2962.7599999999998,1,75,"['H4 bullish context', 'H1 bullish trend', 'H1 bullish structure', 'Distance filter OK']",SWING_HIGH price=2939.07 zone=(2939.07-2939.07) touches=1 strength=1,SWING_HIGH price=2937.10 zone=(2937.10-2937.10) touches=1 strength=1,None,SWING_LOW price=2935.44 zone=(2935.44-2935.44) touches=1 strength=1,False,,False,,False,,False,,0,1,1.5736383332493502,,2025-02-24 12:45:00+00:00,2935.44,STOP LOSS,-1.0,-1.0,2963.093554580144,2933.4626190343424
BUY,2025-02-24 13:15:00+00:00,2938.85,2935.44,2945.6699999999996,2942.2599999999998,2945.6699999999996,2949.0799999999995,1,75,"['H4 bullish context', 'H1 bullish trend', 'H1 bullish structure', 'Distance filter OK']",SWING_HIGH price=2948.85 zone=(2948.85-2948.85) touches=1 strength=1,SWING_HIGH price=2947.18 zone=(2947.18-2947.18) touches=1 strength=1,None,SWING_LOW price=2935.44 zone=(2935.44-2935.44) touches=1 strength=1,True,2025-02-24 13:30:00+00:00,True,2025-02-24 13:30:00+00:00,True,2025-02-24 13:45:00+00:00,True,2025-02-24 14:00:00+00:00,2,5,0.0,,2025-02-24 14:30:00+00:00,2945.6699999999996,PROFIT LOCK TP2,2.0,2.0,2933.4626190343424,2992.1318714150293
BUY,2025-02-24 15:15:00+00:00,2950.62,2934.59,2934.59,2966.6499999999996,2982.6799999999994,2998.709999999999,1,90,"['H4 bullish context', 'H1 bullish trend', 'M15 bullish timing', 'Distance filter OK']",SWING_HIGH price=2955.04 zone=(2955.04-2955.04) touches=1 strength=1,SWING_HIGH price=2949.79 zone=(2949.79-2949.79) touches=1 strength=1,None,SWING_LOW price=2935.44 zone=(2935.44-2935.44) touches=1 strength=1,False,,False,,False,,False,,0,6,0.33161185552318884,,2025-02-24 16:45:00+00:00,2939.02,EXIT SIGNAL,-0.7236431690580221,-0.7236431690580221,2992.1318714150293,2970.4795135183267
BUY,2025-02-25 11:45:00+00:00,2942.12,2930.82,2930.82,2953.4199999999996,2964.7199999999993,2976.019999999999,1,90,"['H4 bullish context', 'H1 bullish trend', 'M15 bullish timing', 'Distance filter OK']",SWING_HIGH price=2939.07 zone=(2939.07-2939.07) touches=1 strength=1,SWING_HIGH price=2937.10 zone=(2937.10-2937.10) touches=1 strength=1,None,SWING_LOW price=2935.44 zone=(2935.44-2935.44) touches=1 strength=1,False,,False,,False,,False,,0,11,1.0000000000000013,,2025-02-25 14:30:00+00:00,2930.82,STOP LOSS,-1.0,-1.0,2970.4795135183267,2940.7747183831434
BUY,2025-02-25 16:15:00+00:00,2939.91,2923.97,2923.97,2955.85,2971.79,2987.73,1,90,"['H4 bullish context', 'H1 bullish trend', 'M15 bullish timing', 'Distance filter OK']",SWING_HIGH price=2936.17 zone=(2936.17-2936.17) touches=1 strength=1,SWING_HIGH price=2915.45 zone=(2915.45-2915.45) touches=1 strength=1,SWING_LOW price=2933.73 zone=(2933.73-2933.73) touches=1 strength=1,SWING_LOW price=2930.82 zone=(2930.82-2930.82) touches=1 strength=1,False,,False,,False,,False,,0,4,1.9899999999999987,,2025-02-25 17:15:00+00:00,2923.97,STOP LOSS,-1.0,-1.0,2940.7747183831434,2911.366971199312
BUY,2025-02-26 18:00:00+00:00,2913.39,2905.76,2905.76,2921.0199999999995,2928.649999999999,2936.279999999999,1,90,"['H4 bullish context', 'H1 bullish trend', 'M15 bullish timing', 'Distance filter OK']",SWING_HIGH price=2918.89 zone=(2918.89-2918.89) touches=1 strength=1,None,SWING_LOW price=2916.77 zone=(2916.77-2916.77) touches=1 strength=1,SWING_LOW price=2907.06 zone=(2907.06-2907.06) touches=1 strength=1,False,,False,,False,,False,,0,34,0.18903838130996678,,2025-02-27 03:30:00+00:00,2915.98,EXIT SIGNAL,0.3394495412844381,0.3394495412844381,2911.366971199312,2921.249593028155
BUY,2025-02-27 04:00:00+00:00,2912.79,2912.18,2914.01,2913.4,2914.01,2914.6200000000003,1,75,"['H4 bullish context', 'H1 bullish trend', 'H1 bullish structure', 'Distance filter OK']",SWING_HIGH price=2916.73 zone=(2916.73-2916.73) touches=1 strength=1,None,SWING_LOW price=2916.77 zone=(2916.77-2916.77) touches=1 strength=1,SWING_LOW price=2912.18 zone=(2912.18-2912.18) touches=1 strength=1,True,2025-02-27 04:15:00+00:00,True,2025-02-27 04:15:00+00:00,True,2025-02-27 04:15:00+00:00,True,2025-02-27 04:15:00+00:00,2,1,0.0,,2025-02-27 04:15:00+00:00,2913.13,EXIT SIGNAL,0.5573770491804501,0.5573770491804501,2921.249593028155,2937.531967808971
BUY,2025-02-27 04:45:00+00:00,2913.04,2912.18,2912.18,2913.9,2914.76,2915.6200000000003,1,75,"['H4 bullish context', 'H1 bullish trend', 'H1 bullish structure', 'Distance filter OK']",SWING_HIGH price=2916.73 zone=(2916.73-2916.73) touches=1 strength=1,None,SWING_LOW price=2912.18 zone=(2912.18-2912.18) touches=1 strength=1,SWING_LOW price=2905.76 zone=(2905.76-2905.76) touches=1 strength=1,False,,False,,False,,False,,0,1,0.6363878387942813,,2025-02-27 05:00:00+00:00,2912.18,STOP LOSS,-1.0,-1.0,2937.531967808971,2908.156648130881
SELL,2025-02-27 22:15:00+00:00,2874.69,2892.23,2857.15,2857.15,2839.61,2822.07,1,80,"['H1 bearish trend', 'H1 bearish structure', 'M15 bearish timing', 'Distance filter OK']",SWING_HIGH price=2892.23 zone=(2892.23-2892.23) touches=1 strength=1,None,SWING_LOW price=2876.95 zone=(2876.95-2876.95) touches=1 strength=1,SWING_LOW price=2867.76 zone=(2867.76-2867.76) touches=1 strength=1,True,2025-02-28 06:15:00+00:00,True,2025-02-28 06:15:00+00:00,True,2025-02-28 16:30:00+00:00,False,,1,92,0.0,,2025-02-28 22:15:00+00:00,2850.41,EXIT SIGNAL,1.384264538198418,1.384264538198418,2908.156648130881,2948.4132293262164
BUY,2025-03-05 14:15:00+00:00,2917.99,2909.15,2909.15,2926.8299999999995,2935.669999999999,2944.509999999999,1,75,"['H4 bullish context', 'H1 bullish trend', 'H1 bullish structure', 'Distance filter OK']",SWING_HIGH price=2916.73 zone=(2916.73-2916.73) touches=1 strength=1,SWING_HIGH price=2895.41 zone=(2895.41-2895.41) touches=1 strength=1,SWING_LOW price=2923.97 zone=(2923.97-2923.97) touches=1 strength=1,SWING_LOW price=2912.18 zone=(2912.18-2912.18) touches=1 strength=1,False,,False,,False,,False,,0,4,0.5475113122171711,,2025-03-05 15:15:00+00:00,2913.15,EXIT SIGNAL,-0.5475113122171787,-0.5475113122171787,2948.4132293262164,2932.270333364748
BUY,2025-03-06 03:45:00+00:00,2922.73,2911.34,2911.34,2934.12,2945.5099999999998,2956.8999999999996,1,90,"['H4 bullish context', 'H1 bullish trend', 'M15 bullish timing', 'Distance filter OK']",SWING_HIGH price=2927.94 zone=(2927.94-2927.94) touches=1 strength=1,SWING_HIGH price=2923.23 zone=(2923.23-2923.23) touches=1 strength=1,None,SWING_LOW price=2912.18 zone=(2912.18-2912.18) touches=1 strength=1,False,,False,,False,,False,,0,10,0.4688323090430391,,2025-03-06 06:15:00+00:00,2917.39,EXIT SIGNAL,-0.4688323090430382,-0.4688323090430382,2932.270333364748,2918.52290265345
BUY,2025-03-06 07:30:00+00:00,2916.16,2916.12,2916.12,2916.2,2916.24,2916.2799999999997,1,75,"['H4 bullish context', 'H1 bullish trend', 'H1 bullish structure', 'Distance filter OK']",SWING_HIGH price=2920.63 zone=(2920.63-2920.63) touches=1 strength=1,SWING_HIGH price=2919.37 zone=(2919.37-2919.37) touches=1 strength=1,None,SWING_LOW price=2916.12 zone=(2916.12-2916.12) touches=1 strength=1,False,,False,,False,,False,,0,1,1.4641439859526146,,2025-03-06 07:45:00+00:00,2916.12,STOP LOSS,-1.0,-1.0,2918.52290265345,2889.337673626915
BUY,2025-03-06 08:15:00+00:00,2922.33,2916.12,2916.12,2928.54,2934.75,2940.96,1,75,"['H4 bullish context', 'H1 bullish trend', 'H1 bullish structure', 'Distance filter OK']",SWING_HIGH price=2920.91 zone=(2920.91-2920.91) touches=1 strength=1,SWING_HIGH price=2920.63 zone=(2920.63-2920.63) touches=1 strength=1,None,SWING_LOW price=2916.12 zone=(2916.12-2916.12) touches=1 strength=1,False,,False,,False,,False,,0,4,2.4495025460930884,,2025-03-06 09:15:00+00:00,2916.12,STOP LOSS,-1.0,-1.0,2889.337673626915,2860.444296890646
BUY,2025-03-07 08:00:00+00:00,2909.66,2895.38,2909.7599999999998,2923.9399999999996,2938.2199999999993,2952.499999999999,1,90,"['H4 bullish context', 'H1 bullish trend', 'M15 bullish timing', 'Distance filter OK']",SWING_HIGH price=2919.37 zone=(2919.37-2919.37) touches=1 strength=1,SWING_HIGH price=2895.41 zone=(2895.41-2895.41) touches=1 strength=1,SWING_LOW price=2911.34 zone=(2911.34-2911.34) touches=1 strength=1,SWING_LOW price=2909.15 zone=(2909.15-2909.15) touches=1 strength=1,True,2025-03-07 15:30:00+00:00,True,2025-03-07 15:30:00+00:00,False,,False,,0,30,0.0,,2025-03-07 15:30:00+00:00,2922.98,EXIT SIGNAL,0.9327731092437256,0.9327731092437256,2860.444296890646,2887.125752096938
BUY,2025-03-07 18:45:00+00:00,2913.77,2903.86,2903.86,2923.68,2933.5899999999997,2943.4999999999995,1,75,"['H4 bullish context', 'H1 bullish trend', 'H1 bullish structure', 'Distance filter OK']",SWING_HIGH price=2919.37 zone=(2919.37-2919.37) touches=1 strength=1,SWING_HIGH price=2895.41 zone=(2895.41-2895.41) touches=1 strength=1,SWING_LOW price=2916.12 zone=(2916.12-2916.12) touches=1 strength=1,SWING_LOW price=2911.34 zone=(2911.34-2911.34) touches=1 strength=1,False,,False,,False,,False,,0,3,0.0,,2025-03-07 19:30:00+00:00,2907.62,EXIT SIGNAL,-0.6205852674066782,-0.6205852674066782,2887.125752096938,2869.20867502792
BUY,2025-03-07 19:45:00+00:00,2907.62,2903.86,2903.86,2911.3799999999997,2915.1399999999994,2918.899999999999,1,75,"['H4 bullish context', 'H1 bullish trend', 'H1 bullish structure', 'Distance filter OK']",SWING_HIGH price=2919.37 zone=(2919.37-2919.37) touches=1 strength=1,SWING_HIGH price=2895.41 zone=(2895.41-2895.41) touches=1 strength=1,SWING_LOW price=2908.44 zone=(2908.44-2908.44) touches=1 strength=1,SWING_LOW price=2903.86 zone=(2903.86-2903.86) touches=1 strength=1,False,,False,,False,,False,,0,2,0.6966648025506677,,2025-03-07 20:15:00+00:00,2903.86,STOP LOSS,-1.0,-1.0,2869.20867502792,2840.516588277641
BUY,2025-03-07 20:30:00+00:00,2906.23,2903.86,2906.33,2908.6,2910.97,2913.3399999999997,1,75,"['H4 bullish context', 'H1 bullish trend', 'H1 bullish structure', 'Distance filter OK']",SWING_HIGH price=2919.37 zone=(2919.37-2919.37) touches=1 strength=1,SWING_HIGH price=2895.41 zone=(2895.41-2895.41) touches=1 strength=1,SWING_LOW price=2908.44 zone=(2908.44-2908.44) touches=1 strength=1,SWING_LOW price=2903.86 zone=(2903.86-2903.86) touches=1 strength=1,True,2025-03-07 21:15:00+00:00,True,2025-03-07 21:15:00+00:00,False,,False,,0,3,0.7176148732675005,,2025-03-07 21:15:00+00:00,2906.18,EXIT SIGNAL,-0.02109704641357983,-0.02109704641357983,2840.516588277641,2839.9173231746267
BUY,2025-03-07 21:30:00+00:00,2906.18,2903.86,2906.2799999999997,2908.4999999999995,2910.8199999999993,2913.139999999999,1,75,"['H4 bullish context', 'H1 bullish trend', 'H1 bullish structure', 'Distance filter OK']",SWING_HIGH price=2919.37 zone=(2919.37-2919.37) touches=1 strength=1,SWING_HIGH price=2895.41 zone=(2895.41-2895.41) touches=1 strength=1,SWING_LOW price=2908.44 zone=(2908.44-2908.44) touches=1 strength=1,SWING_LOW price=2903.86 zone=(2903.86-2903.86) touches=1 strength=1,True,2025-03-07 22:15:00+00:00,True,2025-03-07 22:15:00+00:00,False,,False,,0,3,0.16129116350548292,,2025-03-07 22:15:00+00:00,2907.48,EXIT SIGNAL,0.5603448275863556,0.5603448275863556,2839.9173231746267,2855.830653002765
BUY,2025-03-10 00:00:00+00:00,2912.28,2902.15,2902.15,2922.4100000000003,2932.5400000000004,2942.6700000000005,1,90,"['H4 bullish context', 'H1 bullish trend', 'M15 bullish timing', 'Distance filter OK']",SWING_HIGH price=2919.37 zone=(2919.37-2919.37) touches=1 strength=1,SWING_HIGH price=2895.41 zone=(2895.41-2895.41) touches=1 strength=1,SWING_LOW price=2916.12 zone=(2916.12-2916.12) touches=1 strength=1,SWING_LOW price=2911.34 zone=(2911.34-2911.34) touches=1 strength=1,False,,False,,False,,False,,0,16,0.1451135241856181,,2025-03-10 04:00:00+00:00,2910.81,EXIT SIGNAL,-0.14511352418561094,-0.14511352418561094,2855.830653002765,2851.6864564974194
BUY,2025-03-10 08:45:00+00:00,2912.95,2902.15,2902.15,2923.7499999999995,2934.5499999999993,2945.349999999999,1,90,"['H4 bullish context', 'H1 bullish trend', 'M15 bullish timing', 'Distance filter OK']",SWING_HIGH price=2918.41 zone=(2918.41-2918.41) touches=1 strength=1,SWING_HIGH price=2895.41 zone=(2895.41-2895.41) touches=1 strength=1,SWING_LOW price=2916.12 zone=(2916.12-2916.12) touches=1 strength=1,SWING_LOW price=2911.34 zone=(2911.34-2911.34) touches=1 strength=1,False,,False,,False,,False,,0,6,1.0003521352053553,,2025-03-10 10:15:00+00:00,2903.7,EXIT SIGNAL,-0.8564814814815032,-0.8564814814815032,2851.6864564974194,2827.2622900876027
BUY,2025-03-10 16:15:00+00:00,2907.9,2895.61,2895.61,2920.19,2932.48,2944.77,1,90,"['H4 bullish context', 'H1 bullish trend', 'M15 bullish timing', 'Distance filter OK']",SWING_HIGH price=2915.48 zone=(2915.48-2915.48) touches=1 strength=1,SWING_HIGH price=2895.41 zone=(2895.41-2895.41) touches=1 strength=1,SWING_LOW price=2908.44 zone=(2908.44-2908.44) touches=1 strength=1,SWING_LOW price=2903.86 zone=(2903.86-2903.86) touches=1 strength=1,False,,False,,False,,False,,0,10,1.9581274103171502,,2025-03-10 18:45:00+00:00,2896.01,EXIT SIGNAL,-0.9674532139951105,-0.9674532139951105,2827.2622900876027,2799.9098501940784
BUY,2025-03-11 20:45:00+00:00,2918.45,2907.04,2907.04,2929.8599999999997,2941.2699999999995,2952.6799999999994,1,75,"['H4 bullish context', 'H1 bullish trend', 'H1 bullish structure', 'Distance filter OK']",SWING_HIGH price=2918.41 zone=(2918.41-2918.41) touches=1 strength=1,SWING_HIGH price=2915.48 zone=(2915.48-2915.48) touches=1 strength=1,None,SWING_LOW price=2916.12 zone=(2916.12-2916.12) touches=1 strength=1,False,,False,,False,,False,,0,18,0.23428039941738288,,2025-03-12 02:15:00+00:00,2914.44,EXIT SIGNAL,-0.3514460999123413,-0.3514460999123413,2799.9098501940784,2790.0696762245097
BUY,2025-03-12 05:15:00+00:00,2918.56,2910.95,2910.95,2926.17,2933.78,2941.3900000000003,1,90,"['H4 bullish context', 'H1 bullish trend', 'M15 bullish timing', 'Distance filter OK']",SWING_HIGH price=2915.48 zone=(2915.48-2915.48) touches=1 strength=1,SWING_HIGH price=2910.60 zone=(2910.60-2910.60) touches=1 strength=1,SWING_LOW price=2916.12 zone=(2916.12-2916.12) touches=1 strength=1,SWING_LOW price=2911.34 zone=(2911.34-2911.34) touches=1 strength=1,False,,False,,False,,False,,0,7,0.7993135813864997,,2025-03-12 07:00:00+00:00,2914.25,EXIT SIGNAL,-0.5663600525624012,-0.5663600525624012,2790.0696762245097,2774.267836139717
BUY,2025-03-12 07:15:00+00:00,2914.25,2910.95,2917.55,2917.55,2920.8500000000004,2924.1500000000005,1,75,"['H4 bullish context', 'H1 bullish trend', 'H1 bullish structure', 'Distance filter OK']",SWING_HIGH price=2918.41 zone=(2918.41-2918.41) touches=1 strength=1,SWING_HIGH price=2915.48 zone=(2915.48-2915.48) touches=1 strength=1,None,SWING_LOW price=2911.34 zone=(2911.34-2911.34) touches=1 strength=1,True,2025-03-12 08:00:00+00:00,True,2025-03-12 08:00:00+00:00,True,2025-03-12 08:00:00+00:00,False,,1,4,0.0,,2025-03-12 08:15:00+00:00,2917.55,PROFIT LOCK TP1,1.0,1.0,2774.267836139717,2802.0105145011144
BUY,2025-03-12 09:00:00+00:00,2912.06,2910.95,2910.95,2913.17,2914.28,2915.3900000000003,1,75,"['H4 bullish context', 'H1 bullish trend', 'H1 bullish structure', 'Distance filter OK']",SWING_HIGH price=2915.48 zone=(2915.48-2915.48) touches=1 strength=1,SWING_HIGH price=2910.60 zone=(2910.60-2910.60) touches=1 strength=1,SWING_LOW price=2916.12 zone=(2916.12-2916.12) touches=1 strength=1,SWING_LOW price=2911.34 zone=(2911.34-2911.34) touches=1 strength=1,False,,False,,False,,False,,0,1,0.8092336500283591,,2025-03-12 09:15:00+00:00,2910.95,STOP LOSS,-1.0,-1.0,2802.0105145011144,2773.990409356103
BUY,2025-03-12 09:30:00+00:00,2911.25,2910.95,2911.8500000000004,2911.55,2911.8500000000004,2912.1500000000005,1,75,"['H4 bullish context', 'H1 bullish trend', 'H1 bullish structure', 'Distance filter OK']",SWING_HIGH price=2915.48 zone=(2915.48-2915.48) touches=1 strength=1,SWING_HIGH price=2910.60 zone=(2910.60-2910.60) touches=1 strength=1,SWING_LOW price=2916.12 zone=(2916.12-2916.12) touches=1 strength=1,SWING_LOW price=2911.34 zone=(2911.34-2911.34) touches=1 strength=1,True,2025-03-12 09:45:00+00:00,True,2025-03-12 09:45:00+00:00,True,2025-03-12 09:45:00+00:00,True,2025-03-12 09:45:00+00:00,2,1,0.0,,2025-03-12 09:45:00+00:00,2914.53,EXIT SIGNAL,10.93333333332737,10.93333333332737,2773.990409356103,3077.2800274455385
BUY,2025-03-12 11:15:00+00:00,2919.61,2909.1,2909.1,2930.1200000000003,2940.6300000000006,2951.140000000001,1,90,"['H4 bullish context', 'H1 bullish trend', 'M15 bullish timing', 'Distance filter OK']",SWING_HIGH price=2915.48 zone=(2915.48-2915.48) touches=1 strength=1,SWING_HIGH price=2910.60 zone=(2910.60-2910.60) touches=1 strength=1,SWING_LOW price=2916.12 zone=(2916.12-2916.12) touches=1 strength=1,SWING_LOW price=2911.34 zone=(2911.34-2911.34) touches=1 strength=1,False,,False,,False,,False,,0,5,0.0,,2025-03-12 12:30:00+00:00,2914.29,EXIT SIGNAL,-0.5061845861084732,-0.5061845861084732,3077.2800274455385,3061.703310275215
BUY,2025-03-12 14:45:00+00:00,2919.02,2909.1,2909.1,2928.94,2938.86,2948.78,1,90,"['H4 bullish context', 'H1 bullish trend', 'M15 bullish timing', 'Distance filter OK']",SWING_HIGH price=2918.41 zone=(2918.41-2918.41) touches=1 strength=1,SWING_HIGH price=2915.48 zone=(2915.48-2915.48) touches=1 strength=1,None,SWING_LOW price=2916.12 zone=(2916.12-2916.12) touches=1 strength=1,False,,False,,False,,False,,0,2,0.0,,2025-03-12 15:15:00+00:00,2909.1,STOP LOSS,-1.0,-1.0,3061.703310275215,3031.086277172463
BUY,2025-03-12 16:30:00+00:00,2916.33,2909.1,2930.79,2923.56,2930.79,2938.02,1,90,"['H4 bullish context', 'H1 bullish trend', 'M15 bullish timing', 'Distance filter OK']",SWING_HIGH price=2922.21 zone=(2922.21-2922.21) touches=1 strength=1,SWING_HIGH price=2921.42 zone=(2921.42-2921.42) touches=1 strength=1,None,SWING_LOW price=2916.12 zone=(2916.12-2916.12) touches=1 strength=1,True,2025-03-12 17:00:00+00:00,True,2025-03-12 17:00:00+00:00,True,2025-03-12 18:00:00+00:00,True,2025-03-12 18:15:00+00:00,2,62,0.0,,2025-03-13 09:00:00+00:00,2936.13,EXIT SIGNAL,2.7385892116182755,2.7385892116182755,3031.086277172463,3114.0952789539497
BUY,2025-03-13 09:15:00+00:00,2936.13,2930.89,2936.23,2941.3700000000003,2946.6100000000006,2951.850000000001,1,75,"['H4 bullish context', 'H1 bullish trend', 'H1 bullish structure', 'Distance filter OK']",SWING_HIGH price=2940.64 zone=(2940.64-2940.64) touches=1 strength=1,SWING_HIGH price=2930.47 zone=(2930.47-2930.47) touches=1 strength=1,None,SWING_LOW price=2930.89 zone=(2930.89-2930.89) touches=1 strength=1,True,2025-03-13 10:00:00+00:00,True,2025-03-13 10:00:00+00:00,False,,False,,0,3,0.0,,2025-03-13 10:00:00+00:00,2941.58,EXIT SIGNAL,1.040076335877781,1.040076335877781,3114.0952789539497,3146.4842470270364
BUY,2025-03-13 10:15:00+00:00,2941.58,2930.89,2962.96,2952.27,2962.96,2973.65,1,75,"['H4 bullish context', 'H1 bullish trend', 'H1 bullish structure', 'Distance filter OK']",SWING_HIGH price=2947.23 zone=(2947.23-2947.23) touches=1 strength=1,SWING_HIGH price=2940.64 zone=(2940.64-2940.64) touches=1 strength=1,None,SWING_LOW price=2930.89 zone=(2930.89-2930.89) touches=1 strength=1,True,2025-03-13 15:30:00+00:00,True,2025-03-13 15:30:00+00:00,True,2025-03-13 16:30:00+00:00,True,2025-03-13 17:00:00+00:00,2,114,0.0,,2025-03-14 15:45:00+00:00,2986.3,EXIT SIGNAL,4.1833489242282536,4.1833489242282536,3146.4842470270364,3278.112661926053
BUY,2025-03-14 19:30:00+00:00,2990.21,2978.56,2978.56,3001.86,3013.51,3025.1600000000003,1,90,"['H4 bullish context', 'H1 bullish trend', 'M15 bullish timing', 'Distance filter OK']",SWING_HIGH price=2989.87 zone=(2989.87-2989.87) touches=1 strength=1,SWING_HIGH price=2985.46 zone=(2985.46-2985.46) touches=1 strength=1,None,SWING_LOW price=2981.88 zone=(2981.88-2981.88) touches=1 strength=1,False,,False,,False,,False,,0,5,0.3419233713950293,,2025-03-14 20:45:00+00:00,2983.61,EXIT SIGNAL,-0.5665236051502024,-0.5665236051502024,3278.112661926053,3259.5413798928244
BUY,2025-03-14 22:45:00+00:00,2988.14,2978.56,2978.56,2997.72,3007.2999999999997,3016.8799999999997,1,90,"['H4 bullish context', 'H1 bullish trend', 'M15 bullish timing', 'Distance filter OK']",SWING_HIGH price=2985.46 zone=(2985.46-2985.46) touches=1 strength=1,SWING_HIGH price=2948.96 zone=(2948.96-2948.96) touches=1 strength=1,None,SWING_LOW price=2981.88 zone=(2981.88-2981.88) touches=1 strength=1,False,,False,,False,,False,,0,20,0.17504376094027335,,2025-03-17 04:45:00+00:00,2988.22,EXIT SIGNAL,0.00835073068892775,0.00835073068892775,3259.5413798928244,3259.813575415153
BUY,2025-03-17 05:30:00+00:00,2986.38,2981.8,2981.8,2990.96,2995.54,3000.12,1,75,"['H4 bullish context', 'H1 bullish trend', 'H1 bullish structure', 'Distance filter OK']",SWING_HIGH price=2989.87 zone=(2989.87-2989.87) touches=1 strength=1,SWING_HIGH price=2985.46 zone=(2985.46-2985.46) touches=1 strength=1,None,SWING_LOW price=2981.88 zone=(2981.88-2981.88) touches=1 strength=1,False,,False,,False,,False,,0,3,0.7003235525039593,,2025-03-17 06:15:00+00:00,2983.97,EXIT SIGNAL,-0.5262008733625213,-0.5262008733625213,3259.813575415153,3242.6604079113285
BUY,2025-03-17 07:15:00+00:00,2982.59,2981.8,2984.17,2983.38,2984.17,2984.96,1,75,"['H4 bullish context', 'H1 bullish trend', 'H1 bullish structure', 'Distance filter OK']",SWING_HIGH price=2989.87 zone=(2989.87-2989.87) touches=1 strength=1,SWING_HIGH price=2985.46 zone=(2985.46-2985.46) touches=1 strength=1,None,SWING_LOW price=2981.88 zone=(2981.88-2981.88) touches=1 strength=1,True,2025-03-17 07:30:00+00:00,True,2025-03-17 07:30:00+00:00,True,2025-03-17 07:30:00+00:00,True,2025-03-17 07:30:00+00:00,2,1,0.0,,2025-03-17 07:30:00+00:00,2984.85,EXIT SIGNAL,2.8607594936707184,2.8607594936707184,3242.6604079113285,3335.425123378154
BUY,2025-03-17 07:45:00+00:00,2984.85,2981.8,2984.95,2987.8999999999996,2990.9499999999994,2993.999999999999,1,75,"['H4 bullish context', 'H1 bullish trend', 'H1 bullish structure', 'Distance filter OK']",SWING_HIGH price=2989.87 zone=(2989.87-2989.87) touches=1 strength=1,SWING_HIGH price=2985.46 zone=(2985.46-2985.46) touches=1 strength=1,None,SWING_LOW price=2981.88 zone=(2981.88-2981.88) touches=1 strength=1,True,2025-03-17 08:15:00+00:00,True,2025-03-17 08:15:00+00:00,False,,False,,0,2,0.0,,2025-03-17 08:15:00+00:00,2990.17,EXIT SIGNAL,1.744262295082177,1.744262295082177,3335.425123378154,3393.603686185937
BUY,2025-03-17 09:45:00+00:00,2986.6,2982.2,2982.2,2991.0,2995.4,2999.8,1,75,"['H4 bullish context', 'H1 bullish trend', 'H1 bullish structure', 'Distance filter OK']",SWING_HIGH price=2989.87 zone=(2989.87-2989.87) touches=1 strength=1,SWING_HIGH price=2985.46 zone=(2985.46-2985.46) touches=1 strength=1,None,SWING_LOW price=2982.20 zone=(2982.20-2982.20) touches=1 strength=1,False,,False,,False,,False,,0,3,0.0,,2025-03-17 10:30:00+00:00,2987.7,EXIT SIGNAL,0.24999999999997416,0.24999999999997416,3393.603686185937,3402.087695401401
BUY,2025-03-17 11:15:00+00:00,2990.75,2982.2,2990.85,2999.3,3007.8500000000004,3016.4000000000005,1,90,"['H4 bullish context', 'H1 bullish trend', 'M15 bullish timing', 'Distance filter OK']",SWING_HIGH price=3004.92 zone=(3004.92-3004.92) touches=1 strength=1,SWING_HIGH price=2994.08 zone=(2994.08-2994.08) touches=1 strength=1,None,SWING_LOW price=2982.20 zone=(2982.20-2982.20) touches=1 strength=1,True,2025-03-17 12:45:00+00:00,True,2025-03-17 12:45:00+00:00,False,,False,,0,11,0.0,,2025-03-17 14:00:00+00:00,2990.85,BREAKEVEN,0.011695906432737652,0.011695906432737652,3402.087695401401,3402.4856003950144
BUY,2025-03-17 16:15:00+00:00,2993.3,2984.82,3010.26,3001.78,3010.26,3018.7400000000002,1,75,"['H4 bullish context', 'H1 bullish trend', 'H1 bullish structure', 'Distance filter OK']",SWING_HIGH price=3001.28 zone=(3001.28-3001.28) touches=1 strength=1,SWING_HIGH price=2994.08 zone=(2994.08-2994.08) touches=1 strength=1,None,SWING_LOW price=2984.82 zone=(2984.82-2984.82) touches=1 strength=1,True,2025-03-17 22:45:00+00:00,True,2025-03-17 22:45:00+00:00,True,2025-03-18 04:45:00+00:00,True,2025-03-18 09:15:00+00:00,2,132,0.3245253253704468,,2025-03-19 03:15:00+00:00,3029.87,EXIT SIGNAL,4.3124999999999565,4.3124999999999565,3402.4856003950144,3549.217791912048
BUY,2025-03-19 03:30:00+00:00,3029.87,3024.8,3024.8,3034.9399999999996,3040.0099999999993,3045.079999999999,1,75,"['H4 bullish context', 'H1 bullish trend', 'H1 bullish structure', 'Distance filter OK']",SWING_HIGH price=3036.95 zone=(3036.95-3036.95) touches=1 strength=1,SWING_HIGH price=3004.92 zone=(3004.92-3004.92) touches=1 strength=1,None,SWING_LOW price=3024.80 zone=(3024.80-3024.80) touches=1 strength=1,False,,False,,False,,False,,0,4,0.0,,2025-03-19 04:30:00+00:00,3032.79,EXIT SIGNAL,0.5759368836292388,0.5759368836292388,3549.217791912048,3569.659046256001
BUY,2025-03-19 04:45:00+00:00,3032.79,3024.8,3032.89,3040.7799999999997,3048.7699999999995,3056.7599999999993,1,75,"['H4 bullish context', 'H1 bullish trend', 'H1 bullish structure', 'Distance filter OK']",SWING_HIGH price=3036.95 zone=(3036.95-3036.95) touches=1 strength=1,SWING_HIGH price=3004.92 zone=(3004.92-3004.92) touches=1 strength=1,None,SWING_LOW price=3024.80 zone=(3024.80-3024.80) touches=1 strength=1,True,2025-03-19 07:30:00+00:00,True,2025-03-19 07:30:00+00:00,False,,False,,0,21,0.0,,2025-03-19 10:00:00+00:00,3032.89,BREAKEVEN,0.012515644555683577,0.012515644555683577,3569.659046256001,3570.1058120940806
BUY,2025-03-19 10:15:00+00:00,3032.65,3027.49,3027.49,3037.8100000000004,3042.9700000000007,3048.130000000001,1,75,"['H4 bullish context', 'H1 bullish trend', 'H1 bullish structure', 'Distance filter OK']",SWING_HIGH price=3036.95 zone=(3036.95-3036.95) touches=1 strength=1,SWING_HIGH price=3004.92 zone=(3004.92-3004.92) touches=1 strength=1,SWING_LOW price=3027.49 zone=(3027.49-3027.49) touches=1 strength=1,SWING_LOW price=3024.80 zone=(3024.80-3024.80) touches=1 strength=1,False,,False,,False,,False,,0,1,0.740531520115272,,2025-03-19 10:30:00+00:00,3027.49,STOP LOSS,-1.0,-1.0,3570.1058120940806,3534.40475397314
BUY,2025-03-19 10:45:00+00:00,3028.09,3027.49,3027.49,3028.6900000000005,3029.290000000001,3029.8900000000012,1,75,"['H4 bullish context', 'H1 bullish trend', 'H1 bullish structure', 'Distance filter OK']",SWING_HIGH price=3036.95 zone=(3036.95-3036.95) touches=1 strength=1,SWING_HIGH price=3004.92 zone=(3004.92-3004.92) touches=1 strength=1,SWING_LOW price=3027.49 zone=(3027.49-3027.49) touches=1 strength=1,SWING_LOW price=3024.80 zone=(3024.80-3024.80) touches=1 strength=1,False,,False,,False,,False,,0,1,1.7331262049141218,,2025-03-19 11:00:00+00:00,3027.49,STOP LOSS,-1.0,-1.0,3534.40475397314,3499.0607064334085
BUY,2025-03-19 11:30:00+00:00,3027.92,3027.49,3028.7800000000007,3028.3500000000004,3028.7800000000007,3029.210000000001,1,75,"['H4 bullish context', 'H1 bullish trend', 'H1 bullish structure', 'Distance filter OK']",SWING_HIGH price=3036.95 zone=(3036.95-3036.95) touches=1 strength=1,SWING_HIGH price=3004.92 zone=(3004.92-3004.92) touches=1 strength=1,None,SWING_LOW price=3027.49 zone=(3027.49-3027.49) touches=1 strength=1,True,2025-03-19 11:45:00+00:00,True,2025-03-19 11:45:00+00:00,True,2025-03-19 11:45:00+00:00,True,2025-03-19 11:45:00+00:00,2,1,0.0,,2025-03-19 11:45:00+00:00,3030.31,EXIT SIGNAL,5.558139534879663,5.558139534879663,3499.0607064334085,3693.5433829071235
BUY,2025-03-19 12:00:00+00:00,3030.31,3027.49,3033.13,3033.13,3035.9500000000003,3038.7700000000004,1,75,"['H4 bullish context', 'H1 bullish trend', 'H1 bullish structure', 'Distance filter OK']",SWING_HIGH price=3036.95 zone=(3036.95-3036.95) touches=1 strength=1,SWING_HIGH price=3004.92 zone=(3004.92-3004.92) touches=1 strength=1,None,SWING_LOW price=3027.49 zone=(3027.49-3027.49) touches=1 strength=1,True,2025-03-19 12:15:00+00:00,True,2025-03-19 12:15:00+00:00,True,2025-03-19 12:15:00+00:00,False,,1,1,0.0,,2025-03-19 12:15:00+00:00,3035.53,EXIT SIGNAL,1.8510638297872168,1.8510638297872168,3693.5433829071235,3761.913228505616
BUY,2025-03-19 13:15:00+00:00,3036.45,3022.92,3022.92,3049.9799999999996,3063.5099999999993,3077.039999999999,1,90,"['H4 bullish context', 'H1 bullish trend', 'M15 bullish timing', 'Distance filter OK']",SWING_HIGH price=3045.45 zone=(3045.45-3045.45) touches=1 strength=1,SWING_HIGH price=3038.35 zone=(3038.35-3038.35) touches=1 strength=1,None,SWING_LOW price=3027.49 zone=(3027.49-3027.49) touches=1 strength=1,False,,False,,False,,False,,0,9,0.0,,2025-03-19 15:30:00+00:00,3029.58,EXIT SIGNAL,-0.5077605321507775,-0.5077605321507775,3761.913228505616,3742.8117178775055
BUY,2025-03-19 20:15:00+00:00,3038.72,3026.11,3038.8199999999997,3051.3299999999995,3063.939999999999,3076.549999999999,1,90,"['H4 bullish context', 'H1 bullish trend', 'M15 bullish timing', 'Distance filter OK']",None,SWING_HIGH price=3045.45 zone=(3045.45-3045.45) touches=1 strength=1,None,SWING_LOW price=3027.49 zone=(3027.49-3027.49) touches=1 strength=1,True,2025-03-19 21:00:00+00:00,True,2025-03-19 21:00:00+00:00,False,,False,,0,42,0.2342601545488354,,2025-03-20 07:45:00+00:00,3046.83,EXIT SIGNAL,0.6431403647898761,0.6431403647898761,3742.8117178775055,3766.883250813261
BUY,2025-03-20 08:00:00+00:00,3046.83,3045.15,3048.5099999999998,3048.5099999999998,3050.1899999999996,3051.8699999999994,1,75,"['H4 bullish context', 'H1 bullish trend', 'H1 bullish structure', 'Distance filter OK']",SWING_HIGH price=3052.10 zone=(3052.10-3052.10) touches=1 strength=1,SWING_HIGH price=3045.45 zone=(3045.45-3045.45) touches=1 strength=1,None,SWING_LOW price=3045.15 zone=(3045.15-3045.15) touches=1 strength=1,True,2025-03-20 08:15:00+00:00,True,2025-03-20 08:15:00+00:00,True,2025-03-20 08:15:00+00:00,False,,1,2,0.0,,2025-03-20 08:30:00+00:00,3048.5099999999998,PROFIT LOCK TP1,1.0,1.0,3766.883250813261,3804.5520833213936
BUY,2025-03-20 09:15:00+00:00,3046.74,3045.15,3045.15,3048.3299999999995,3049.919999999999,3051.509999999999,1,75,"['H4 bullish context', 'H1 bullish trend', 'H1 bullish structure', 'Distance filter OK']",SWING_HIGH price=3045.45 zone=(3045.45-3045.45) touches=1 strength=1,SWING_HIGH price=3041.26 zone=(3041.26-3041.26) touches=1 strength=1,SWING_LOW price=3045.15 zone=(3045.15-3045.15) touches=1 strength=1,SWING_LOW price=3027.49 zone=(3027.49-3027.49) touches=1 strength=1,False,,False,,False,,False,,0,1,0.2442367285333833,,2025-03-20 09:30:00+00:00,3045.15,STOP LOSS,-1.0,-1.0,3804.5520833213936,3766.5065624881795
BUY,2025-03-21 13:45:00+00:00,3035.07,3027.28,3027.28,3042.86,3050.65,3058.44,1,90,"['H4 bullish context', 'H1 bullish trend', 'M15 bullish timing', 'Distance filter OK']",SWING_HIGH price=3034.84 zone=(3034.84-3034.84) touches=1 strength=1,SWING_HIGH price=3004.92 zone=(3004.92-3004.92) touches=1 strength=1,SWING_LOW price=3045.15 zone=(3045.15-3045.15) touches=1 strength=1,SWING_LOW price=3027.49 zone=(3027.49-3027.49) touches=1 strength=1,False,,False,,False,,False,,0,7,0.9999999999999966,,2025-03-21 15:30:00+00:00,3027.28,STOP LOSS,-1.0,-1.0,3766.5065624881795,3728.841496863298
BUY,2025-03-24 07:15:00+00:00,3022.68,3013.72,3022.7799999999997,3031.64,3040.6,3049.56,1,90,"['H4 bullish context', 'H1 bullish trend', 'M15 bullish timing', 'Distance filter OK']",SWING_HIGH price=3026.38 zone=(3026.38-3026.38) touches=1 strength=1,SWING_HIGH price=3004.92 zone=(3004.92-3004.92) touches=1 strength=1,SWING_LOW price=3022.92 zone=(3022.92-3022.92) touches=1 strength=1,SWING_LOW price=3021.70 zone=(3021.70-3021.70) touches=1 strength=1,True,2025-03-24 12:15:00+00:00,True,2025-03-24 12:15:00+00:00,False,,False,,0,30,0.0,,2025-03-24 14:45:00+00:00,3022.7799999999997,BREAKEVEN,0.01116071428570409,0.01116071428570409,3728.841496863298,3729.2576622089296
BUY,2025-03-24 15:15:00+00:00,3027.49,3013.72,3013.72,3041.2599999999998,3055.0299999999997,3068.7999999999997,1,75,"['H4 bullish context', 'H1 bullish trend', 'H1 bullish structure', 'Distance filter OK']",SWING_HIGH price=3026.38 zone=(3026.38-3026.38) touches=1 strength=1,SWING_HIGH price=3004.92 zone=(3004.92-3004.92) touches=1 strength=1,SWING_LOW price=3022.92 zone=(3022.92-3022.92) touches=1 strength=1,SWING_LOW price=3021.70 zone=(3021.70-3021.70) touches=1 strength=1,False,,False,,False,,False,,0,3,0.2771793786959153,,2025-03-24 16:00:00+00:00,3023.52,EXIT SIGNAL,-0.288307915758882,-0.288307915758882,3729.2576622089296,3718.5059171697367
BUY,2025-03-24 16:30:00+00:00,3016.72,3013.72,3013.72,3019.72,3022.72,3025.72,1,75,"['H4 bullish context', 'H1 bullish trend', 'H1 bullish structure', 'Distance filter OK']",SWING_HIGH price=3026.38 zone=(3026.38-3026.38) touches=1 strength=1,SWING_HIGH price=3004.92 zone=(3004.92-3004.92) touches=1 strength=1,SWING_LOW price=3013.72 zone=(3013.72-3013.72) touches=1 strength=1,SWING_LOW price=3006.24 zone=(3006.24-3006.24) touches=1 strength=1,False,,False,,False,,False,,0,1,1.2744075849089598,,2025-03-24 16:45:00+00:00,3013.72,STOP LOSS,-1.0,-1.0,3718.5059171697367,3681.320857998039
BUY,2025-03-24 17:45:00+00:00,3014.8,3013.72,3013.72,3015.8800000000006,3016.960000000001,3018.0400000000013,1,75,"['H4 bullish context', 'H1 bullish trend', 'H1 bullish structure', 'Distance filter OK']",SWING_HIGH price=3026.38 zone=(3026.38-3026.38) touches=1 strength=1,SWING_HIGH price=3004.92 zone=(3004.92-3004.92) touches=1 strength=1,SWING_LOW price=3021.70 zone=(3021.70-3021.70) touches=1 strength=1,SWING_LOW price=3013.72 zone=(3013.72-3013.72) touches=1 strength=1,False,,False,,False,,False,,0,1,2.2616635090598667,,2025-03-24 18:00:00+00:00,3013.72,STOP LOSS,-1.0,-1.0,3681.320857998039,3644.507649418059
BUY,2025-03-25 05:30:00+00:00,3014.39,3002.59,3002.59,3026.1899999999996,3037.9899999999993,3049.789999999999,1,90,"['H4 bullish context', 'H1 bullish trend', 'M15 bullish timing', 'Distance filter OK']",SWING_HIGH price=3026.38 zone=(3026.38-3026.38) touches=1 strength=1,SWING_HIGH price=3014.77 zone=(3014.77-3014.77) touches=1 strength=1,SWING_LOW price=3021.70 zone=(3021.70-3021.70) touches=1 strength=1,SWING_LOW price=3013.72 zone=(3013.72-3013.72) touches=1 strength=1,False,,False,,False,,False,,0,17,0.2872881355932145,,2025-03-25 09:45:00+00:00,3011.0,EXIT SIGNAL,-0.2872881355932162,-0.2872881355932162,3644.507649418059,3634.0374113404937
BUY,2025-03-25 10:00:00+00:00,3011.0,3007.54,3014.46,3014.46,3017.92,3021.38,1,75,"['H4 bullish context', 'H1 bullish trend', 'H1 bullish structure', 'Distance filter OK']",SWING_HIGH price=3014.73 zone=(3014.73-3014.73) touches=1 strength=1,SWING_HIGH price=3001.28 zone=(3001.28-3001.28) touches=1 strength=1,SWING_LOW price=3013.72 zone=(3013.72-3013.72) touches=1 strength=1,SWING_LOW price=3007.54 zone=(3007.54-3007.54) touches=1 strength=1,True,2025-03-25 10:15:00+00:00,True,2025-03-25 10:15:00+00:00,True,2025-03-25 10:15:00+00:00,False,,1,1,0.0,,2025-03-25 10:15:00+00:00,3017.89,EXIT SIGNAL,1.9913294797687284,1.9913294797687284,3634.0374113404937,3706.403069618341
BUY,2025-03-25 10:30:00+00:00,3017.89,3007.54,3007.54,3028.24,3038.5899999999997,3048.9399999999996,1,75,"['H4 bullish context', 'H1 bullish trend', 'H1 bullish structure', 'Distance filter OK']",SWING_HIGH price=3026.38 zone=(3026.38-3026.38) touches=1 strength=1,SWING_HIGH price=3020.96 zone=(3020.96-3020.96) touches=1 strength=1,SWING_LOW price=3021.70 zone=(3021.70-3021.70) touches=1 strength=1,SWING_LOW price=3013.72 zone=(3013.72-3013.72) touches=1 strength=1,False,,False,,False,,False,,0,16,0.0,,2025-03-25 14:30:00+00:00,3018.84,EXIT SIGNAL,0.09178743961355373,0.09178743961355373,3706.403069618341,3709.805082097702
BUY,2025-03-25 14:45:00+00:00,3018.84,3010.39,3027.2900000000004,3027.2900000000004,3035.7400000000007,3044.190000000001,1,75,"['H4 bullish context', 'H1 bullish trend', 'H1 bullish structure', 'Distance filter OK']",SWING_HIGH price=3026.38 zone=(3026.38-3026.38) touches=1 strength=1,SWING_HIGH price=3020.96 zone=(3020.96-3020.96) touches=1 strength=1,SWING_LOW price=3022.92 zone=(3022.92-3022.92) touches=1 strength=1,SWING_LOW price=3021.70 zone=(3021.70-3021.70) touches=1 strength=1,True,2025-03-25 15:30:00+00:00,True,2025-03-25 15:30:00+00:00,True,2025-03-25 16:00:00+00:00,False,,1,7,0.0,,2025-03-25 16:30:00+00:00,3027.2900000000004,PROFIT LOCK TP1,1.0,1.0,3709.805082097702,3746.903132918679
BUY,2025-03-25 17:30:00+00:00,3022.74,3014.22,3014.22,3031.2599999999998,3039.7799999999997,3048.2999999999997,1,75,"['H4 bullish context', 'H1 bullish trend', 'H1 bullish structure', 'Distance filter OK']",SWING_HIGH price=3026.38 zone=(3026.38-3026.38) touches=1 strength=1,SWING_HIGH price=3020.96 zone=(3020.96-3020.96) touches=1 strength=1,SWING_LOW price=3021.70 zone=(3021.70-3021.70) touches=1 strength=1,SWING_LOW price=3014.22 zone=(3014.22-3014.22) touches=1 strength=1,False,,False,,False,,False,,0,12,0.0,,2025-03-25 20:30:00+00:00,3018.8,EXIT SIGNAL,-0.4624413145539446,-0.4624413145539446,3746.903132918679,3729.5759048157474
BUY,2025-03-26 00:15:00+00:00,3022.13,3017.89,3017.89,3026.3700000000003,3030.6100000000006,3034.850000000001,1,90,"['H4 bullish context', 'H1 bullish trend', 'M15 bullish timing', 'Distance filter OK']",SWING_HIGH price=3026.38 zone=(3026.38-3026.38) touches=1 strength=1,SWING_HIGH price=3020.96 zone=(3020.96-3020.96) touches=1 strength=1,SWING_LOW price=3021.70 zone=(3021.70-3021.70) touches=1 strength=1,SWING_LOW price=3018.19 zone=(3018.19-3018.19) touches=1 strength=1,False,,False,,False,,False,,0,10,0.9221698113207739,,2025-03-26 02:45:00+00:00,3018.22,EXIT SIGNAL,-0.9221698113207762,-0.9221698113207762,3729.5759048157474,3695.182881731243
BUY,2025-03-26 03:45:00+00:00,3022.74,3017.89,3017.89,3027.5899999999997,3032.4399999999996,3037.2899999999995,1,90,"['H4 bullish context', 'H1 bullish trend', 'M15 bullish timing', 'Distance filter OK']",SWING_HIGH price=3026.38 zone=(3026.38-3026.38) touches=1 strength=1,SWING_HIGH price=3022.67 zone=(3022.67-3022.67) touches=1 strength=1,SWING_LOW price=3025.53 zone=(3025.53-3025.53) touches=1 strength=1,SWING_LOW price=3024.80 zone=(3024.80-3024.80) touches=1 strength=1,False,,False,,False,,False,,0,7,1.9129481132075712,,2025-03-26 05:30:00+00:00,3017.89,STOP LOSS,-1.0,-1.0,3695.182881731243,3658.2310529139304
BUY,2025-03-26 08:00:00+00:00,3022.96,3016.5,3023.06,3029.42,3035.88,3042.34,1,90,"['H4 bullish context', 'H1 bullish trend', 'M15 bullish timing', 'Distance filter OK']",SWING_HIGH price=3026.38 zone=(3026.38-3026.38) touches=1 strength=1,SWING_HIGH price=3022.67 zone=(3022.67-3022.67) touches=1 strength=1,SWING_LOW price=3024.80 zone=(3024.80-3024.80) touches=1 strength=1,SWING_LOW price=3022.92 zone=(3022.92-3022.92) touches=1 strength=1,True,2025-03-26 09:45:00+00:00,True,2025-03-26 09:45:00+00:00,False,,False,,0,12,1.8977643590455433,,2025-03-26 11:00:00+00:00,3023.06,BREAKEVEN,0.015479876160976546,0.015479876160976546,3658.2310529139304,3658.797342550604
BUY,2025-03-26 15:15:00+00:00,3025.68,3016.81,3016.81,3034.5499999999997,3043.4199999999996,3052.2899999999995,1,90,"['H4 bullish context', 'H1 bullish trend', 'M15 bullish timing', 'Distance filter OK']",SWING_HIGH price=3020.96 zone=(3020.96-3020.96) touches=1 strength=1,SWING_HIGH price=3014.77 zone=(3014.77-3014.77) touches=1 strength=1,SWING_LOW price=3017.89 zone=(3017.89-3017.89) touches=1 strength=1,SWING_LOW price=3016.81 zone=(3016.81-3016.81) touches=1 strength=1,False,,False,,False,,False,,0,2,2.8787867154550835,,2025-03-26 15:45:00+00:00,3016.81,STOP LOSS,-1.0,-1.0,3658.797342550604,3622.209369125098
BUY,2025-03-27 11:15:00+00:00,3036.51,3026.79,3036.61,3046.2300000000005,3055.9500000000007,3065.670000000001,1,85,"['H4 bullish context', 'H1 bullish trend', 'H1 bullish structure', 'M15 bullish timing']",SWING_HIGH price=3041.26 zone=(3041.26-3041.26) touches=1 strength=1,SWING_HIGH price=3038.65 zone=(3038.65-3038.65) touches=1 strength=1,SWING_LOW price=3045.15 zone=(3045.15-3045.15) touches=1 strength=1,SWING_LOW price=3027.49 zone=(3027.49-3027.49) touches=1 strength=1,True,2025-03-27 12:00:00+00:00,True,2025-03-27 12:00:00+00:00,False,,False,,0,17,0.0,,2025-03-27 15:30:00+00:00,3036.61,BREAKEVEN,0.010288065843611773,0.010288065843611773,3622.209369125098,3622.5820244099873
BUY,2025-03-27 15:45:00+00:00,3036.97,3026.79,3057.3299999999995,3047.1499999999996,3057.3299999999995,3067.5099999999993,1,75,"['H4 bullish context', 'H1 bullish trend', 'H1 bullish structure', 'Distance filter OK']",SWING_HIGH price=3041.26 zone=(3041.26-3041.26) touches=1 strength=1,SWING_HIGH price=3038.65 zone=(3038.65-3038.65) touches=1 strength=1,SWING_LOW price=3045.15 zone=(3045.15-3045.15) touches=1 strength=1,SWING_LOW price=3027.28 zone=(3027.28-3027.28) touches=1 strength=1,True,2025-03-27 16:00:00+00:00,True,2025-03-27 16:00:00+00:00,True,2025-03-27 16:30:00+00:00,True,2025-03-28 03:30:00+00:00,2,71,0.0,,2025-03-28 10:30:00+00:00,3071.21,EXIT SIGNAL,3.3634577603144193,3.3634577603144193,3622.5820244099873,3744.42604063376
BUY,2025-03-28 12:15:00+00:00,3072.04,3066.24,3072.14,3077.84,3083.6400000000003,3089.4400000000005,1,75,"['H4 bullish context', 'H1 bullish trend', 'H1 bullish structure', 'Distance filter OK']",SWING_HIGH price=3077.49 zone=(3077.49-3077.49) touches=1 strength=1,SWING_HIGH price=3059.62 zone=(3059.62-3059.62) touches=1 strength=1,None,SWING_LOW price=3066.24 zone=(3066.24-3066.24) touches=1 strength=1,True,2025-03-28 13:15:00+00:00,True,2025-03-28 13:15:00+00:00,False,,False,,0,11,0.0,,2025-03-28 15:00:00+00:00,3072.14,BREAKEVEN,0.017241379310328604,0.017241379310328604,3744.42604063376,3745.0716313304197
BUY,2025-03-28 15:15:00+00:00,3073.77,3066.24,3073.87,3081.3,3088.8300000000004,3096.3600000000006,1,75,"['H4 bullish context', 'H1 bullish trend', 'H1 bullish structure', 'Distance filter OK']",SWING_HIGH price=3086.01 zone=(3086.01-3086.01) touches=1 strength=1,SWING_HIGH price=3077.49 zone=(3077.49-3077.49) touches=1 strength=1,None,SWING_LOW price=3066.24 zone=(3066.24-3066.24) touches=1 strength=1,True,2025-03-28 15:45:00+00:00,True,2025-03-28 15:45:00+00:00,False,,False,,0,5,0.0,,2025-03-28 16:30:00+00:00,3073.87,BREAKEVEN,0.013280212483387304,0.013280212483387304,3745.0716313304197,3745.5689848007155
BUY,2025-03-28 17:00:00+00:00,3070.34,3066.24,3078.540000000001,3074.4400000000005,3078.540000000001,3082.6400000000012,1,75,"['H4 bullish context', 'H1 bullish trend', 'H1 bullish structure', 'Distance filter OK']",SWING_HIGH price=3077.49 zone=(3077.49-3077.49) touches=1 strength=1,SWING_HIGH price=3059.62 zone=(3059.62-3059.62) touches=1 strength=1,None,SWING_LOW price=3066.24 zone=(3066.24-3066.24) touches=1 strength=1,True,2025-03-28 17:15:00+00:00,True,2025-03-28 17:15:00+00:00,True,2025-03-28 17:15:00+00:00,True,2025-03-28 17:30:00+00:00,2,10,0.0,,2025-03-28 19:30:00+00:00,3078.540000000001,PROFIT LOCK TP2,2.0,2.0,3745.5689848007155,3820.48036449673
BUY,2025-03-28 19:45:00+00:00,3078.54,3067.33,3067.33,3089.75,3100.96,3112.17,1,75,"['H4 bullish context', 'H1 bullish trend', 'H1 bullish structure', 'Distance filter OK']",SWING_HIGH price=3077.49 zone=(3077.49-3077.49) touches=1 strength=1,SWING_HIGH price=3059.62 zone=(3059.62-3059.62) touches=1 strength=1,None,SWING_LOW price=3067.33 zone=(3067.33-3067.33) touches=1 strength=1,False,,False,,False,,False,,0,4,0.0,,2025-03-28 20:45:00+00:00,3079.77,EXIT SIGNAL,0.10972346119536255,0.10972346119536255,3820.48036449673,3824.6723277869446
BUY,2025-03-28 21:00:00+00:00,3079.77,3067.33,3079.87,3092.21,3104.65,3117.09,1,75,"['H4 bullish context', 'H1 bullish trend', 'H1 bullish structure', 'Distance filter OK']",SWING_HIGH price=3086.01 zone=(3086.01-3086.01) touches=1 strength=1,SWING_HIGH price=3077.49 zone=(3077.49-3077.49) touches=1 strength=1,None,SWING_LOW price=3067.33 zone=(3067.33-3067.33) touches=1 strength=1,True,2025-03-31 01:00:00+00:00,True,2025-03-31 01:00:00+00:00,False,,False,,0,19,0.8693157823444002,,2025-03-31 03:45:00+00:00,3079.87,BREAKEVEN,0.008038585208995868,0.008038585208995868,3824.6723277869446,3824.9797773309783
BUY,2025-03-31 04:00:00+00:00,3079.07,3073.56,3084.5800000000004,3084.5800000000004,3090.0900000000006,3095.600000000001,1,75,"['H4 bullish context', 'H1 bullish trend', 'H1 bullish structure', 'Distance filter OK']",SWING_HIGH price=3086.01 zone=(3086.01-3086.01) touches=1 strength=1,SWING_HIGH price=3077.49 zone=(3077.49-3077.49) touches=1 strength=1,None,SWING_LOW price=3073.56 zone=(3073.56-3073.56) touches=1 strength=1,True,2025-03-31 04:15:00+00:00,True,2025-03-31 04:15:00+00:00,True,2025-03-31 04:15:00+00:00,False,,1,1,0.0,,2025-03-31 04:15:00+00:00,3091.59,EXIT SIGNAL,2.272232304900088,2.272232304900088,3824.9797773309783,3911.892203487388
BUY,2025-03-31 04:30:00+00:00,3091.59,3073.56,3109.6200000000003,3109.6200000000003,3127.6500000000005,3145.6800000000007,1,75,"['H4 bullish context', 'H1 bullish trend', 'H1 bullish structure', 'Distance filter OK']",SWING_HIGH price=3097.85 zone=(3097.85-3097.85) touches=1 strength=1,SWING_HIGH price=3086.80 zone=(3086.80-3086.80) touches=1 strength=1,None,SWING_LOW price=3073.56 zone=(3073.56-3073.56) touches=1 strength=1,True,2025-03-31 06:00:00+00:00,True,2025-03-31 06:00:00+00:00,True,2025-03-31 09:00:00+00:00,False,,1,48,0.0,,2025-03-31 16:30:00+00:00,3109.6200000000003,PROFIT LOCK TP1,1.0,1.0,3911.892203487388,3951.011125522262
BUY,2025-03-31 17:00:00+00:00,3113.3,3111.86,3111.86,3114.7400000000002,3116.1800000000003,3117.6200000000003,1,75,"['H4 bullish context', 'H1 bullish trend', 'H1 bullish structure', 'Distance filter OK']",SWING_HIGH price=3128.25 zone=(3128.25-3128.25) touches=1 strength=1,SWING_HIGH price=3097.85 zone=(3097.85-3097.85) touches=1 strength=1,None,SWING_LOW price=3111.86 zone=(3111.86-3111.86) touches=1 strength=1,False,,False,,False,,False,,0,1,0.0,,2025-03-31 17:15:00+00:00,3111.86,STOP LOSS,-1.0,-1.0,3951.011125522262,3911.5010142670394
BUY,2025-03-31 18:30:00+00:00,3121.06,3099.94,3099.94,3142.18,3163.2999999999997,3184.4199999999996,1,90,"['H4 bullish context', 'H1 bullish trend', 'M15 bullish timing', 'Distance filter OK']",SWING_HIGH price=3126.64 zone=(3126.64-3126.64) touches=1 strength=1,SWING_HIGH price=3097.85 zone=(3097.85-3097.85) touches=1 strength=1,None,SWING_LOW price=3111.86 zone=(3111.86-3111.86) touches=1 strength=1,False,,False,,False,,False,,0,3,0.0,,2025-03-31 19:15:00+00:00,3115.78,EXIT SIGNAL,-0.24999999999998923,-0.24999999999998923,3911.5010142670394,3901.722261731372
BUY,2025-03-31 21:15:00+00:00,3119.8,3099.94,3119.9,3139.6600000000003,3159.5200000000004,3179.3800000000006,1,90,"['H4 bullish context', 'H1 bullish trend', 'M15 bullish timing', 'Distance filter OK']",SWING_HIGH price=3126.64 zone=(3126.64-3126.64) touches=1 strength=1,SWING_HIGH price=3097.85 zone=(3097.85-3097.85) touches=1 strength=1,None,SWING_LOW price=3111.86 zone=(3111.86-3111.86) touches=1 strength=1,True,2025-04-01 05:00:00+00:00,True,2025-04-01 05:00:00+00:00,False,,False,,0,43,0.0,,2025-04-01 09:00:00+00:00,3130.8,EXIT SIGNAL,0.5538771399798554,0.5538771399798554,3901.722261731372,3923.333009404607
BUY,2025-04-01 09:15:00+00:00,3130.8,3120.1,3120.1,3141.5000000000005,3152.2000000000007,3162.900000000001,1,75,"['H4 bullish context', 'H1 bullish trend', 'H1 bullish structure', 'Distance filter OK']",None,SWING_HIGH price=3128.25 zone=(3128.25-3128.25) touches=1 strength=1,None,SWING_LOW price=3120.10 zone=(3120.10-3120.10) touches=1 strength=1,False,,False,,False,,False,,0,6,8.028387629053942e-05,,2025-04-01 10:45:00+00:00,3127.37,EXIT SIGNAL,-0.3205607476635704,-0.3205607476635704,3923.333009404607,3910.756343776328
BUY,2025-04-01 11:15:00+00:00,3134.88,3120.1,3120.1,3149.6600000000003,3164.4400000000005,3179.2200000000007,1,75,"['H4 bullish context', 'H1 bullish trend', 'H1 bullish structure', 'Distance filter OK']",SWING_HIGH price=3149.00 zone=(3149.00-3149.00) touches=1 strength=1,SWING_HIGH price=3128.25 zone=(3128.25-3128.25) touches=1 strength=1,None,SWING_LOW price=3120.10 zone=(3120.10-3120.10) touches=1 strength=1,False,,False,,False,,False,,0,3,0.2395929467958198,,2025-04-01 12:00:00+00:00,3131.34,EXIT SIGNAL,-0.2395128552097372,-0.2395128552097372,3910.756343776328,3901.3895795970534
BUY,2025-04-01 12:15:00+00:00,3131.34,3124.19,3124.19,3138.4900000000002,3145.6400000000003,3152.7900000000004,1,75,"['H4 bullish context', 'H1 bullish trend', 'H1 bullish structure', 'Distance filter OK']",SWING_HIGH price=3149.00 zone=(3149.00-3149.00) touches=1 strength=1,SWING_HIGH price=3128.25 zone=(3128.25-3128.25) touches=1 strength=1,None,SWING_LOW price=3124.19 zone=(3124.19-3124.19) touches=1 strength=1,False,,False,,False,,False,,0,3,0.0,,2025-04-01 13:00:00+00:00,3135.08,EXIT SIGNAL,0.5230769230768859,0.5230769230768859,3901.3895795970534,3921.7968481672524
BUY,2025-04-01 13:15:00+00:00,3135.08,3124.19,3124.19,3145.97,3156.8599999999997,3167.7499999999995,1,75,"['H4 bullish context', 'H1 bullish trend', 'H1 bullish structure', 'Distance filter OK']",SWING_HIGH price=3149.00 zone=(3149.00-3149.00) touches=1 strength=1,SWING_HIGH price=3128.25 zone=(3128.25-3128.25) touches=1 strength=1,None,SWING_LOW price=3124.19 zone=(3124.19-3124.19) touches=1 strength=1,False,,False,,False,,False,,0,5,0.0,,2025-04-01 14:30:00+00:00,3132.53,EXIT SIGNAL,-0.23415977961430276,-0.23415977961430276,3921.7968481672524,3912.613577310663
BUY,2025-04-01 14:45:00+00:00,3132.53,3124.19,3124.19,3140.8700000000003,3149.2100000000005,3157.5500000000006,1,75,"['H4 bullish context', 'H1 bullish trend', 'H1 bullish structure', 'Distance filter OK']",SWING_HIGH price=3149.00 zone=(3149.00-3149.00) touches=1 strength=1,SWING_HIGH price=3128.25 zone=(3128.25-3128.25) touches=1 strength=1,None,SWING_LOW price=3124.19 zone=(3124.19-3124.19) touches=1 strength=1,False,,False,,False,,False,,0,7,0.0,,2025-04-01 16:30:00+00:00,3132.15,EXIT SIGNAL,-0.04556354916068375,-0.04556354916068375,3912.613577310663,3910.8308516998973
BUY,2025-04-01 17:00:00+00:00,3133.59,3124.19,3124.19,3142.9900000000002,3152.3900000000003,3161.7900000000004,1,90,"['H4 bullish context', 'H1 bullish trend', 'M15 bullish timing', 'Distance filter OK']",SWING_HIGH price=3138.76 zone=(3138.76-3138.76) touches=1 strength=1,SWING_HIGH price=3128.25 zone=(3128.25-3128.25) touches=1 strength=1,None,SWING_LOW price=3124.19 zone=(3124.19-3124.19) touches=1 strength=1,False,,False,,False,,False,,0,1,0.9981933296481305,,2025-04-01 17:15:00+00:00,3124.19,STOP LOSS,-1.0,-1.0,3910.8308516998973,3871.7225431828983
BUY,2025-04-02 03:30:00+00:00,3121.45,3107.61,3121.5499999999997,3135.2899999999995,3149.129999999999,3162.969999999999,1,90,"['H4 bullish context', 'H1 bullish trend', 'M15 bullish timing', 'Distance filter OK']",SWING_HIGH price=3126.64 zone=(3126.64-3126.64) touches=1 strength=1,SWING_HIGH price=3120.80 zone=(3120.80-3120.80) touches=1 strength=1,SWING_LOW price=3124.19 zone=(3124.19-3124.19) touches=1 strength=1,SWING_LOW price=3120.10 zone=(3120.10-3120.10) touches=1 strength=1,True,2025-04-02 05:00:00+00:00,True,2025-04-02 05:00:00+00:00,False,,False,,0,16,0.0,,2025-04-02 07:30:00+00:00,3121.5499999999997,BREAKEVEN,0.007225433526005151,0.007225433526005151,3871.7225431828983,3872.002291921567
BUY,2025-04-02 08:00:00+00:00,3115.98,3107.61,3107.61,3124.35,3132.72,3141.0899999999997,1,75,"['H4 bullish context', 'H1 bullish trend', 'H1 bullish structure', 'Distance filter OK']",SWING_HIGH price=3120.80 zone=(3120.80-3120.80) touches=1 strength=1,SWING_HIGH price=3097.85 zone=(3097.85-3097.85) touches=1 strength=1,SWING_LOW price=3120.10 zone=(3120.10-3120.10) touches=1 strength=1,SWING_LOW price=3111.86 zone=(3111.86-3111.86) touches=1 strength=1,False,,False,,False,,False,,0,3,0.0,,2025-04-02 08:45:00+00:00,3117.82,EXIT SIGNAL,0.21983273596178848,0.21983273596178848,3872.002291921567,3880.514220496401
BUY,2025-04-02 09:15:00+00:00,3115.26,3107.61,3107.61,3122.9100000000003,3130.5600000000004,3138.2100000000005,1,75,"['H4 bullish context', 'H1 bullish trend', 'H1 bullish structure', 'Distance filter OK']",SWING_HIGH price=3120.80 zone=(3120.80-3120.80) touches=1 strength=1,SWING_HIGH price=3097.85 zone=(3097.85-3097.85) touches=1 strength=1,SWING_LOW price=3120.10 zone=(3120.10-3120.10) touches=1 strength=1,SWING_LOW price=3111.86 zone=(3111.86-3111.86) touches=1 strength=1,False,,False,,False,,False,,0,3,0.0,,2025-04-02 10:00:00+00:00,3113.53,EXIT SIGNAL,-0.2261437908496729,-0.2261437908496729,3880.514220496401,3871.7386785337094
BUY,2025-04-02 10:15:00+00:00,3113.53,3109.44,3113.63,3117.6200000000003,3121.7100000000005,3125.8000000000006,1,75,"['H4 bullish context', 'H1 bullish trend', 'H1 bullish structure', 'Distance filter OK']",SWING_HIGH price=3126.64 zone=(3126.64-3126.64) touches=1 strength=1,SWING_HIGH price=3120.80 zone=(3120.80-3120.80) touches=1 strength=1,None,SWING_LOW price=3124.19 zone=(3124.19-3124.19) touches=1 strength=1,True,2025-04-02 10:30:00+00:00,True,2025-04-02 10:30:00+00:00,False,,False,,0,1,0.0,,2025-04-02 10:30:00+00:00,3119.41,EXIT SIGNAL,1.4376528117358056,1.4376528117358056,3871.7386785337094,3927.400838508712
BUY,2025-04-02 10:45:00+00:00,3119.41,3109.44,3119.5099999999998,3129.3799999999997,3139.3499999999995,3149.3199999999993,1,75,"['H4 bullish context', 'H1 bullish trend', 'H1 bullish structure', 'Distance filter OK']",SWING_HIGH price=3126.64 zone=(3126.64-3126.64) touches=1 strength=1,SWING_HIGH price=3120.80 zone=(3120.80-3120.80) touches=1 strength=1,None,SWING_LOW price=3124.19 zone=(3124.19-3124.19) touches=1 strength=1,True,2025-04-02 11:15:00+00:00,True,2025-04-02 11:15:00+00:00,False,,False,,0,11,0.0,,2025-04-02 13:30:00+00:00,3119.5099999999998,BREAKEVEN,0.010030090270803517,0.010030090270803517,3927.400838508712,3927.7947603581106
BUY,2025-04-02 16:45:00+00:00,3127.47,3110.06,3110.06,3144.8799999999997,3162.2899999999995,3179.6999999999994,1,90,"['H4 bullish context', 'H1 bullish trend', 'M15 bullish timing', 'Distance filter OK']",SWING_HIGH price=3126.64 zone=(3126.64-3126.64) touches=1 strength=1,SWING_HIGH price=3120.80 zone=(3120.80-3120.80) touches=1 strength=1,SWING_LOW price=3124.19 zone=(3124.19-3124.19) touches=1 strength=1,SWING_LOW price=3120.10 zone=(3120.10-3120.10) touches=1 strength=1,False,,False,,False,,False,,0,16,0.0,,2025-04-02 20:45:00+00:00,3123.53,EXIT SIGNAL,-0.22630672027568252,-0.22630672027568252,3927.7947603581106,3918.9058968567842
BUY,2025-04-02 21:30:00+00:00,3118.89,3110.06,3110.06,3127.72,3136.5499999999997,3145.3799999999997,1,75,"['H4 bullish context', 'H1 bullish trend', 'H1 bullish structure', 'Distance filter OK']",SWING_HIGH price=3126.64 zone=(3126.64-3126.64) touches=1 strength=1,SWING_HIGH price=3120.80 zone=(3120.80-3120.80) touches=1 strength=1,SWING_LOW price=3124.19 zone=(3124.19-3124.19) touches=1 strength=1,SWING_LOW price=3120.10 zone=(3120.10-3120.10) touches=1 strength=1,False,,False,,False,,False,,0,3,0.0,,2025-04-02 22:15:00+00:00,3125.55,EXIT SIGNAL,0.7542468856172553,0.7542468856172553,3918.9058968567842,3948.4641225340974
BUY,2025-04-02 23:15:00+00:00,3118.05,3110.06,3126.0400000000004,3126.0400000000004,3134.0300000000007,3142.020000000001,1,75,"['H4 bullish context', 'H1 bullish trend', 'H1 bullish structure', 'Distance filter OK']",SWING_HIGH price=3133.77 zone=(3133.77-3133.77) touches=1 strength=1,SWING_HIGH price=3132.23 zone=(3132.23-3132.23) touches=1 strength=1,None,SWING_LOW price=3124.19 zone=(3124.19-3124.19) touches=1 strength=1,True,2025-04-02 23:30:00+00:00,True,2025-04-02 23:30:00+00:00,True,2025-04-02 23:30:00+00:00,False,,1,2,0.0,,2025-04-02 23:45:00+00:00,3126.0400000000004,PROFIT LOCK TP1,1.0,1.0,3948.4641225340974,3987.9487637594384
BUY,2025-04-03 12:15:00+00:00,3128.37,3116.32,3116.32,3140.4199999999996,3152.4699999999993,3164.519999999999,1,75,"['H4 bullish context', 'H1 bullish trend', 'H1 bullish structure', 'Distance filter OK']",SWING_HIGH price=3126.64 zone=(3126.64-3126.64) touches=1 strength=1,SWING_HIGH price=3120.80 zone=(3120.80-3120.80) touches=1 strength=1,SWING_LOW price=3124.19 zone=(3124.19-3124.19) touches=1 strength=1,SWING_LOW price=3120.10 zone=(3120.10-3120.10) touches=1 strength=1,False,,False,,False,,False,,0,3,1.0000000000000053,,2025-04-03 13:00:00+00:00,3116.32,STOP LOSS,-1.0,-1.0,3987.9487637594384,3948.069276121844
BUY,2025-04-03 13:15:00+00:00,3119.06,3116.32,3116.32,3121.7999999999997,3124.5399999999995,3127.2799999999993,1,75,"['H4 bullish context', 'H1 bullish trend', 'H1 bullish structure', 'Distance filter OK']",SWING_HIGH price=3097.85 zone=(3097.85-3097.85) touches=1 strength=1,SWING_HIGH price=3086.80 zone=(3086.80-3086.80) touches=1 strength=1,SWING_LOW price=3099.94 zone=(3099.94-3099.94) touches=1 strength=1,SWING_LOW price=3076.83 zone=(3076.83-3076.83) touches=1 strength=1,False,,False,,False,,False,,0,1,1.990000000000007,,2025-04-03 13:30:00+00:00,3116.32,STOP LOSS,-1.0,-1.0,3948.069276121844,3908.5885833606253
BUY,2025-04-03 22:15:00+00:00,3111.66,3100.1,3100.1,3123.22,3134.7799999999997,3146.3399999999997,1,90,"['H4 bullish context', 'H1 bullish trend', 'M15 bullish timing', 'Distance filter OK']",SWING_HIGH price=3120.80 zone=(3120.80-3120.80) touches=1 strength=1,SWING_HIGH price=3097.85 zone=(3097.85-3097.85) touches=1 strength=1,SWING_LOW price=3107.61 zone=(3107.61-3107.61) touches=1 strength=1,SWING_LOW price=3104.75 zone=(3104.75-3104.75) touches=1 strength=1,False,,False,,False,,False,,0,17,0.3063593292887913,,2025-04-04 03:30:00+00:00,3110.88,EXIT SIGNAL,-0.06747404844288486,-0.06747404844288486,3908.5885833606253,3905.9513004064556
BUY,2025-04-04 09:00:00+00:00,3108.82,3087.06,3087.06,3130.5800000000004,3152.3400000000006,3174.100000000001,1,90,"['H4 bullish context', 'H1 bullish trend', 'M15 bullish timing', 'Distance filter OK']",SWING_HIGH price=3119.65 zone=(3119.65-3119.65) touches=1 strength=1,SWING_HIGH price=3097.85 zone=(3097.85-3097.85) touches=1 strength=1,SWING_LOW price=3109.44 zone=(3109.44-3109.44) touches=1 strength=1,SWING_LOW price=3107.61 zone=(3107.61-3107.61) touches=1 strength=1,False,,False,,False,,False,,0,7,1.0357355974311235,,2025-04-04 10:45:00+00:00,3092.9,EXIT SIGNAL,-0.7316176470588195,-0.7316176470588195,3905.9513004064556,3877.3746714071585
BUY,2025-04-04 13:30:00+00:00,3106.81,3078.55,3106.91,3135.0699999999997,3163.3299999999995,3191.5899999999992,1,90,"['H4 bullish context', 'H1 bullish trend', 'M15 bullish timing', 'Distance filter OK']",SWING_HIGH price=3119.65 zone=(3119.65-3119.65) touches=1 strength=1,SWING_HIGH price=3109.88 zone=(3109.88-3109.88) touches=1 strength=1,SWING_LOW price=3111.86 zone=(3111.86-3111.86) touches=1 strength=1,SWING_LOW price=3110.06 zone=(3110.06-3110.06) touches=1 strength=1,True,2025-04-04 14:00:00+00:00,True,2025-04-04 14:00:00+00:00,False,,False,,0,4,1.0322336772470295,,2025-04-04 14:30:00+00:00,3106.91,BREAKEVEN,0.0035385704175481206,0.0035385704175481206,3877.3746714071585,3877.5118750402585
BUY,2025-04-04 14:45:00+00:00,3109.45,3078.55,3078.55,3140.3499999999995,3171.249999999999,3202.1499999999987,1,90,"['H4 bullish context', 'H1 bullish trend', 'M15 bullish timing', 'Distance filter OK']",SWING_HIGH price=3119.65 zone=(3119.65-3119.65) touches=1 strength=1,SWING_HIGH price=3109.88 zone=(3109.88-3109.88) touches=1 strength=1,SWING_LOW price=3111.86 zone=(3111.86-3111.86) touches=1 strength=1,SWING_LOW price=3110.06 zone=(3110.06-3110.06) touches=1 strength=1,False,,False,,False,,False,,0,3,2.021911340474563,,2025-04-04 15:30:00+00:00,3078.55,STOP LOSS,-1.0,-1.0,3877.5118750402585,3838.7367562898557
SELL,2025-04-07 04:15:00+00:00,3006.07,3040.79,3040.79,2971.3500000000004,2936.6300000000006,2901.9100000000008,1,80,"['H1 bearish trend', 'H1 bearish structure', 'M15 bearish timing', 'Distance filter OK']",SWING_HIGH price=3040.79 zone=(3040.79-3040.79) touches=1 strength=1,None,SWING_LOW price=3047.79 zone=(3047.79-3047.79) touches=1 strength=1,SWING_LOW price=3015.71 zone=(3015.71-3015.71) touches=1 strength=1,False,,False,,False,,False,,0,1,1.0000000000000069,,2025-04-07 04:30:00+00:00,3040.79,STOP LOSS,-1.0,-1.0,3838.7367562898557,3800.349388726957
SELL,2025-04-07 10:15:00+00:00,3014.1,3044.34,3044.34,2983.8599999999997,2953.6199999999994,2923.379999999999,1,80,"['H1 bearish trend', 'H1 bearish structure', 'M15 bearish timing', 'Distance filter OK']",SWING_HIGH price=3040.79 zone=(3040.79-3040.79) touches=1 strength=1,None,SWING_LOW price=3053.98 zone=(3053.98-3053.98) touches=1 strength=1,SWING_LOW price=3015.71 zone=(3015.71-3015.71) touches=1 strength=1,False,,False,,False,,False,,0,7,1.4400000000000064,,2025-04-07 12:00:00+00:00,3027.54,EXIT SIGNAL,-0.44444444444444275,-0.44444444444444275,3800.349388726957,3783.4589469992816
BUY,2025-04-10 10:45:00+00:00,3111.99,3078.47,3179.0299999999997,3145.5099999999998,3179.0299999999997,3212.5499999999997,1,75,"['H4 bullish context', 'H1 bullish trend', 'H1 bullish structure', 'Distance filter OK']",SWING_HIGH price=3109.88 zone=(3109.88-3109.88) touches=1 strength=1,SWING_HIGH price=3099.65 zone=(3099.65-3099.65) touches=1 strength=1,SWING_LOW price=3109.44 zone=(3109.44-3109.44) touches=1 strength=1,SWING_LOW price=3107.61 zone=(3107.61-3107.61) touches=1 strength=1,True,2025-04-10 17:15:00+00:00,True,2025-04-10 17:15:00+00:00,True,2025-04-11 01:00:00+00:00,True,2025-04-11 03:30:00+00:00,2,84,0.0,,2025-04-11 08:45:00+00:00,3195.77,EXIT SIGNAL,2.49940334128879,2.49940334128879,3783.4589469992816,3878.0228463368717
BUY,2025-04-11 10:30:00+00:00,3205.79,3187.2,3224.38,3224.38,3242.9700000000003,3261.5600000000004,1,75,"['H4 bullish context', 'H1 bullish trend', 'H1 bullish structure', 'Distance filter OK']",SWING_HIGH price=3220.22 zone=(3220.22-3220.22) touches=1 strength=1,SWING_HIGH price=3174.88 zone=(3174.88-3174.88) touches=1 strength=1,None,SWING_LOW price=3187.20 zone=(3187.20-3187.20) touches=1 strength=1,True,2025-04-11 11:15:00+00:00,True,2025-04-11 11:15:00+00:00,True,2025-04-11 16:30:00+00:00,False,,1,25,0.0,,2025-04-11 16:45:00+00:00,3224.38,PROFIT LOCK TP1,1.0,1.0,3878.0228463368717,3916.80307480024
BUY,2025-04-11 20:00:00+00:00,3223.31,3187.2,3187.2,3259.42,3295.53,3331.6400000000003,1,75,"['H4 bullish context', 'H1 bullish trend', 'H1 bullish structure', 'Distance filter OK']",SWING_HIGH price=3237.83 zone=(3237.83-3237.83) touches=1 strength=1,SWING_HIGH price=3220.22 zone=(3220.22-3220.22) touches=1 strength=1,None,SWING_LOW price=3187.20 zone=(3187.20-3187.20) touches=1 strength=1,False,,False,,False,,False,,0,17,0.0346471533898751,,2025-04-14 01:15:00+00:00,3218.86,EXIT SIGNAL,-0.12323456106341187,-0.12323456106341187,3916.80307480024,3911.9762197232917
BUY,2025-04-14 01:45:00+00:00,3220.3,3219.79,3219.79,3220.8100000000004,3221.3200000000006,3221.830000000001,1,75,"['H4 bullish context', 'H1 bullish trend', 'H1 bullish structure', 'Distance filter OK']",SWING_HIGH price=3237.83 zone=(3237.83-3237.83) touches=1 strength=1,SWING_HIGH price=3220.22 zone=(3220.22-3220.22) touches=1 strength=1,None,SWING_LOW price=3219.79 zone=(3219.79-3219.79) touches=1 strength=1,False,,False,,False,,False,,0,1,1.0343006818559741,,2025-04-14 02:00:00+00:00,3219.79,STOP LOSS,-1.0,-1.0,3911.9762197232917,3872.856457526059
BUY,2025-04-14 04:30:00+00:00,3228.8,3209.38,3209.38,3248.2200000000003,3267.6400000000003,3287.0600000000004,1,90,"['H4 bullish context', 'H1 bullish trend', 'M15 bullish timing', 'Distance filter OK']",SWING_HIGH price=3244.09 zone=(3244.09-3244.09) touches=1 strength=1,SWING_HIGH price=3238.34 zone=(3238.34-3238.34) touches=1 strength=1,None,SWING_LOW price=3219.79 zone=(3219.79-3219.79) touches=1 strength=1,False,,False,,False,,False,,0,14,1.1469238515228626,,2025-04-14 08:00:00+00:00,3226.59,EXIT SIGNAL,-0.11380020597322493,-0.11380020597322493,3872.856457526059,3868.449138900347
BUY,2025-04-14 08:15:00+00:00,3226.59,3215.27,3226.69,3237.9100000000003,3249.2300000000005,3260.5500000000006,1,75,"['H4 bullish context', 'H1 bullish trend', 'H1 bullish structure', 'Distance filter OK']",SWING_HIGH price=3237.83 zone=(3237.83-3237.83) touches=1 strength=1,SWING_HIGH price=3220.22 zone=(3220.22-3220.22) touches=1 strength=1,None,SWING_LOW price=3219.79 zone=(3219.79-3219.79) touches=1 strength=1,True,2025-04-14 09:15:00+00:00,True,2025-04-14 09:15:00+00:00,False,,False,,0,10,1.1381912476228309,,2025-04-14 10:45:00+00:00,3226.69,BREAKEVEN,0.008833922261475937,0.008833922261475937,3868.449138900347,3868.790874690002
BUY,2025-04-14 11:00:00+00:00,3227.86,3221.51,3221.51,3234.21,3240.56,3246.91,1,75,"['H4 bullish context', 'H1 bullish trend', 'H1 bullish structure', 'Distance filter OK']",SWING_HIGH price=3237.83 zone=(3237.83-3237.83) touches=1 strength=1,SWING_HIGH price=3220.22 zone=(3220.22-3220.22) touches=1 strength=1,None,SWING_LOW price=3221.51 zone=(3221.51-3221.51) touches=1 strength=1,False,,False,,False,,False,,0,1,2.126809335146605,,2025-04-14 11:15:00+00:00,3221.51,STOP LOSS,-1.0,-1.0,3868.790874690002,3830.102965943102
BUY,2025-04-14 15:15:00+00:00,3226.4,3221.51,3221.51,3231.29,3236.18,3241.0699999999997,1,90,"['H4 bullish context', 'H1 bullish trend', 'M15 bullish timing', 'Distance filter OK']",SWING_HIGH price=3220.22 zone=(3220.22-3220.22) touches=1 strength=1,SWING_HIGH price=3174.88 zone=(3174.88-3174.88) touches=1 strength=1,SWING_LOW price=3209.38 zone=(3209.38-3209.38) touches=1 strength=1,SWING_LOW price=3187.20 zone=(3187.20-3187.20) touches=1 strength=1,False,,False,,False,,False,,0,1,3.1055412417951422,,2025-04-14 15:30:00+00:00,3221.51,STOP LOSS,-1.0,-1.0,3830.102965943102,3791.801936283671
BUY,2025-04-15 06:15:00+00:00,3225.13,3210.11,3210.11,3240.15,3255.17,3270.19,1,90,"['H4 bullish context', 'H1 bullish trend', 'M15 bullish timing', 'Distance filter OK']",SWING_HIGH price=3237.83 zone=(3237.83-3237.83) touches=1 strength=1,SWING_HIGH price=3227.69 zone=(3227.69-3227.69) touches=1 strength=1,None,SWING_LOW price=3221.51 zone=(3221.51-3221.51) touches=1 strength=1,False,,False,,False,,False,,0,17,0.3189081225033301,,2025-04-15 10:30:00+00:00,3220.34,EXIT SIGNAL,-0.31890812250332684,-0.31890812250332684,3791.801936283671,3779.7095719196236
BUY,2025-04-15 10:45:00+00:00,3220.34,3210.11,3220.44,3230.57,3240.8,3251.03,1,75,"['H4 bullish context', 'H1 bullish trend', 'H1 bullish structure', 'Distance filter OK']",SWING_HIGH price=3227.69 zone=(3227.69-3227.69) touches=1 strength=1,SWING_HIGH price=3220.22 zone=(3220.22-3220.22) touches=1 strength=1,None,SWING_LOW price=3221.51 zone=(3221.51-3221.51) touches=1 strength=1,True,2025-04-15 11:00:00+00:00,True,2025-04-15 11:00:00+00:00,False,,False,,0,9,0.0,,2025-04-15 13:00:00+00:00,3226.26,EXIT SIGNAL,0.5786901270772299,0.5786901270772299,3779.7095719196236,3801.5823780445157
BUY,2025-04-15 17:45:00+00:00,3222.04,3217.46,3217.46,3226.62,3231.2,3235.7799999999997,1,90,"['H4 bullish context', 'H1 bullish trend', 'M15 bullish timing', 'Distance filter OK']",SWING_HIGH price=3227.69 zone=(3227.69-3227.69) touches=1 strength=1,SWING_HIGH price=3220.22 zone=(3220.22-3220.22) touches=1 strength=1,None,SWING_LOW price=3221.51 zone=(3221.51-3221.51) touches=1 strength=1,False,,False,,False,,False,,0,1,0.7446428503930178,,2025-04-15 18:00:00+00:00,3217.46,STOP LOSS,-1.0,-1.0,3801.5823780445157,3763.5665542640704
BUY,2025-04-15 18:30:00+00:00,3221.63,3211.44,3242.01,3231.82,3242.01,3252.2000000000003,1,90,"['H4 bullish context', 'H1 bullish trend', 'M15 bullish timing', 'Distance filter OK']",SWING_HIGH price=3227.69 zone=(3227.69-3227.69) touches=1 strength=1,SWING_HIGH price=3220.22 zone=(3220.22-3220.22) touches=1 strength=1,SWING_LOW price=3221.51 zone=(3221.51-3221.51) touches=1 strength=1,SWING_LOW price=3219.79 zone=(3219.79-3219.79) touches=1 strength=1,True,2025-04-15 22:00:00+00:00,True,2025-04-15 22:00:00+00:00,True,2025-04-16 01:45:00+00:00,True,2025-04-16 03:00:00+00:00,2,130,1.6704433967997903,,2025-04-17 05:00:00+00:00,3335.18,EXIT SIGNAL,11.14327772325801,11.14327772325801,3763.5665542640704,4182.951227705367
BUY,2025-04-17 14:15:00+00:00,3329.86,3312.78,3312.78,3346.94,3364.02,3381.1,1,90,"['H4 bullish context', 'H1 bullish trend', 'M15 bullish timing', 'Distance filter OK']",SWING_HIGH price=3345.43 zone=(3345.43-3345.43) touches=1 strength=1,SWING_HIGH price=3317.86 zone=(3317.86-3317.86) touches=1 strength=1,None,SWING_LOW price=3320.85 zone=(3320.85-3320.85) touches=1 strength=1,False,,False,,False,,False,,0,10,2.6537389628318038,,2025-04-17 16:45:00+00:00,3312.78,STOP LOSS,-1.0,-1.0,4182.951227705367,4141.121715428313
BUY,2025-04-21 01:15:00+00:00,3338.41,3310.86,3393.5099999999993,3365.9599999999996,3393.5099999999993,3421.059999999999,1,75,"['H4 bullish context', 'H1 bullish trend', 'M15 bullish timing']",SWING_HIGH price=3356.27 zone=(3356.27-3356.27) touches=1 strength=1,SWING_HIGH price=3345.43 zone=(3345.43-3345.43) touches=1 strength=1,None,SWING_LOW price=3320.85 zone=(3320.85-3320.85) touches=1 strength=1,True,2025-04-21 03:30:00+00:00,True,2025-04-21 03:30:00+00:00,True,2025-04-21 10:00:00+00:00,True,2025-04-21 16:00:00+00:00,2,134,0.0,,2025-04-22 11:45:00+00:00,3444.13,EXIT SIGNAL,3.8373865698730056,3.8373865698730056,4141.121715428313,4300.032563978254
BUY,2025-04-22 12:00:00+00:00,3444.13,3412.49,3412.49,3475.7700000000004,3507.4100000000008,3539.050000000001,1,75,"['H4 bullish context', 'H1 bullish trend', 'H1 bullish structure', 'Distance filter OK']",SWING_HIGH price=3500.02 zone=(3500.02-3500.02) touches=1 strength=1,SWING_HIGH price=3430.29 zone=(3430.29-3430.29) touches=1 strength=1,None,SWING_LOW price=3412.49 zone=(3412.49-3412.49) touches=1 strength=1,False,,False,,False,,False,,0,3,0.0,,2025-04-22 12:45:00+00:00,3454.65,EXIT SIGNAL,0.3324905183312223,0.3324905183312223,4300.032563978254,4314.3297645386365
BUY,2025-04-22 13:15:00+00:00,3465.57,3443.21,3443.21,3487.9300000000003,3510.2900000000004,3532.6500000000005,1,75,"['H4 bullish context', 'H1 bullish trend', 'H1 bullish structure', 'Distance filter OK']",SWING_HIGH price=3500.02 zone=(3500.02-3500.02) touches=1 strength=1,SWING_HIGH price=3430.29 zone=(3430.29-3430.29) touches=1 strength=1,None,SWING_LOW price=3443.21 zone=(3443.21-3443.21) touches=1 strength=1,False,,False,,False,,False,,0,3,0.0,,2025-04-22 14:00:00+00:00,3456.03,EXIT SIGNAL,-0.42665474060822495,-0.42665474060822495,4314.3297645386365,4295.922472072761
BUY,2025-04-22 14:15:00+00:00,3456.03,3443.21,3443.21,3468.8500000000004,3481.6700000000005,3494.4900000000007,1,75,"['H4 bullish context', 'H1 bullish trend', 'H1 bullish structure', 'Distance filter OK']",SWING_HIGH price=3500.02 zone=(3500.02-3500.02) touches=1 strength=1,SWING_HIGH price=3430.29 zone=(3430.29-3430.29) touches=1 strength=1,None,SWING_LOW price=3443.21 zone=(3443.21-3443.21) touches=1 strength=1,False,,False,,False,,False,,0,3,0.0,,2025-04-22 15:00:00+00:00,3456.07,EXIT SIGNAL,0.0031201248049893223,0.0031201248049893223,4295.922472072761,4296.056510215415
BUY,2025-04-22 15:15:00+00:00,3456.07,3443.21,3443.21,3468.9300000000003,3481.7900000000004,3494.6500000000005,1,75,"['H4 bullish context', 'H1 bullish trend', 'H1 bullish structure', 'Distance filter OK']",SWING_HIGH price=3500.02 zone=(3500.02-3500.02) touches=1 strength=1,SWING_HIGH price=3430.29 zone=(3430.29-3430.29) touches=1 strength=1,SWING_LOW price=3443.21 zone=(3443.21-3443.21) touches=1 strength=1,SWING_LOW price=3412.49 zone=(3412.49-3412.49) touches=1 strength=1,False,,False,,False,,False,,0,1,0.6741998796586235,,2025-04-22 15:30:00+00:00,3443.21,STOP LOSS,-1.0,-1.0,4296.056510215415,4253.095945113261
BUY,2025-04-22 15:45:00+00:00,3445.46,3443.21,3443.21,3447.71,3449.96,3452.21,1,75,"['H4 bullish context', 'H1 bullish trend', 'H1 bullish structure', 'Distance filter OK']",SWING_HIGH price=3500.02 zone=(3500.02-3500.02) touches=1 strength=1,SWING_HIGH price=3430.29 zone=(3430.29-3430.29) touches=1 strength=1,SWING_LOW price=3443.21 zone=(3443.21-3443.21) touches=1 strength=1,SWING_LOW price=3412.49 zone=(3412.49-3412.49) touches=1 strength=1,False,,False,,False,,False,,0,1,1.6674578808620402,,2025-04-22 16:00:00+00:00,3443.21,STOP LOSS,-1.0,-1.0,4253.095945113261,4210.5649856621285
BUY,2025-04-22 16:30:00+00:00,3443.45,3443.21,3443.21,3443.6899999999996,3443.9299999999994,3444.169999999999,1,75,"['H4 bullish context', 'H1 bullish trend', 'H1 bullish structure', 'Distance filter OK']",SWING_HIGH price=3430.29 zone=(3430.29-3430.29) touches=1 strength=1,SWING_HIGH price=3357.75 zone=(3357.75-3357.75) touches=1 strength=1,SWING_LOW price=3443.21 zone=(3443.21-3443.21) touches=1 strength=1,SWING_LOW price=3412.49 zone=(3412.49-3412.49) touches=1 strength=1,False,,False,,False,,False,,0,1,2.6507833020534206,,2025-04-22 16:45:00+00:00,3443.21,STOP LOSS,-1.0,-1.0,4210.5649856621285,4168.459335805507
BUY,2025-04-24 13:30:00+00:00,3330.39,3314.64,3314.64,3346.14,3361.89,3377.64,1,75,"['H4 bullish context', 'H1 bullish trend', 'H1 bullish structure', 'Distance filter OK']",SWING_HIGH price=3340.28 zone=(3340.28-3340.28) touches=1 strength=1,SWING_HIGH price=3322.17 zone=(3322.17-3322.17) touches=1 strength=1,SWING_LOW price=3369.74 zone=(3369.74-3369.74) touches=1 strength=1,SWING_LOW price=3320.85 zone=(3320.85-3320.85) touches=1 strength=1,False,,False,,False,,False,,0,11,0.004444444444430309,,2025-04-24 16:15:00+00:00,3330.32,EXIT SIGNAL,-0.004444444444425966,-0.004444444444425966,4168.459335805507,4168.274070946139
BUY,2025-04-24 16:30:00+00:00,3330.32,3314.64,3314.64,3346.0000000000005,3361.6800000000007,3377.360000000001,1,75,"['H4 bullish context', 'H1 bullish trend', 'H1 bullish structure', 'Distance filter OK']",SWING_HIGH price=3317.86 zone=(3317.86-3317.86) touches=1 strength=1,SWING_HIGH price=3305.34 zone=(3305.34-3305.34) touches=1 strength=1,SWING_LOW price=3320.85 zone=(3320.85-3320.85) touches=1 strength=1,SWING_LOW price=3314.64 zone=(3314.64-3314.64) touches=1 strength=1,False,,False,,False,,False,,0,1,1.0043999999999897,,2025-04-24 16:45:00+00:00,3314.64,STOP LOSS,-1.0,-1.0,4168.274070946139,4126.591330236677
BUY,2025-04-24 19:00:00+00:00,3329.31,3314.64,3343.98,3343.98,3358.65,3373.32,1,90,"['H4 bullish context', 'H1 bullish trend', 'M15 bullish timing', 'Distance filter OK']",SWING_HIGH price=3340.28 zone=(3340.28-3340.28) touches=1 strength=1,SWING_HIGH price=3322.17 zone=(3322.17-3322.17) touches=1 strength=1,SWING_LOW price=3369.74 zone=(3369.74-3369.74) touches=1 strength=1,SWING_LOW price=3320.85 zone=(3320.85-3320.85) touches=1 strength=1,True,2025-04-24 22:45:00+00:00,True,2025-04-24 22:45:00+00:00,True,2025-04-25 01:00:00+00:00,False,,1,35,0.6670599750606456,,2025-04-25 04:45:00+00:00,3343.98,PROFIT LOCK TP1,1.0,1.0,4126.591330236677,4167.857243539044
BUY,2025-04-28 08:15:00+00:00,3296.44,3268.16,3268.16,3324.7200000000003,3353.0000000000005,3381.2800000000007,1,90,"['H4 bullish context', 'H1 bullish trend', 'M15 bullish timing', 'Distance filter OK']",SWING_HIGH price=3305.34 zone=(3305.34-3305.34) touches=1 strength=1,None,SWING_LOW price=3306.67 zone=(3306.67-3306.67) touches=1 strength=1,SWING_LOW price=3291.67 zone=(3291.67-3291.67) touches=1 strength=1,False,,False,,False,,False,,0,7,0.3727015558698648,,2025-04-28 10:00:00+00:00,3285.9,EXIT SIGNAL,-0.3727015558698688,-0.3727015558698688,4167.857243539044,4152.323574745939
BUY,2025-04-28 14:00:00+00:00,3289.43,3268.16,3310.7,3310.7,3331.97,3353.24,1,90,"['H4 bullish context', 'H1 bullish trend', 'M15 bullish timing', 'Distance filter OK']",SWING_HIGH price=3300.77 zone=(3300.77-3300.77) touches=1 strength=1,None,SWING_LOW price=3291.67 zone=(3291.67-3291.67) touches=1 strength=1,SWING_LOW price=3286.98 zone=(3286.98-3286.98) touches=1 strength=1,True,2025-04-28 17:15:00+00:00,True,2025-04-28 17:15:00+00:00,True,2025-04-28 17:45:00+00:00,False,,1,56,0.36291804483644874,,2025-04-29 05:00:00+00:00,3331.33,EXIT SIGNAL,1.9699106723084217,1.9699106723084217,4152.323574745939,4234.120639993638
BUY,2025-04-29 10:15:00+00:00,3316.06,3305.16,3305.16,3326.96,3337.86,3348.76,1,75,"['H4 bullish context', 'H1 bullish trend', 'H1 bullish structure', 'Distance filter OK']",SWING_HIGH price=3330.84 zone=(3330.84-3330.84) touches=1 strength=1,SWING_HIGH price=3305.34 zone=(3305.34-3305.34) touches=1 strength=1,SWING_LOW price=3369.74 zone=(3369.74-3369.74) touches=1 strength=1,SWING_LOW price=3314.64 zone=(3314.64-3314.64) touches=1 strength=1,False,,False,,False,,False,,0,10,1.0037033150251344,,2025-04-29 12:45:00+00:00,3309.05,EXIT SIGNAL,-0.6431192660550188,-0.6431192660550188,4234.120639993638,4206.890194409827
BUY,2025-04-29 13:00:00+00:00,3309.05,3305.16,3309.15,3312.9400000000005,3316.830000000001,3320.720000000001,1,75,"['H4 bullish context', 'H1 bullish trend', 'H1 bullish structure', 'Distance filter OK']",SWING_HIGH price=3330.84 zone=(3330.84-3330.84) touches=1 strength=1,SWING_HIGH price=3305.34 zone=(3305.34-3305.34) touches=1 strength=1,SWING_LOW price=3312.97 zone=(3312.97-3312.97) touches=1 strength=1,SWING_LOW price=3306.67 zone=(3306.67-3306.67) touches=1 strength=1,True,2025-04-29 13:30:00+00:00,True,2025-04-29 13:30:00+00:00,False,,False,,0,2,0.0,,2025-04-29 13:30:00+00:00,3313.65,EXIT SIGNAL,1.1825192802055327,1.1825192802055327,4206.890194409827,4256.637482055799
BUY,2025-04-29 16:30:00+00:00,3317.28,3305.16,3305.16,3329.4000000000005,3341.520000000001,3353.6400000000012,1,90,"['H4 bullish context', 'H1 bullish trend', 'M15 bullish timing', 'Distance filter OK']",SWING_HIGH price=3324.88 zone=(3324.88-3324.88) touches=1 strength=1,SWING_HIGH price=3305.34 zone=(3305.34-3305.34) touches=1 strength=1,SWING_LOW price=3312.97 zone=(3312.97-3312.97) touches=1 strength=1,SWING_LOW price=3306.67 zone=(3306.67-3306.67) touches=1 strength=1,False,,False,,False,,False,,0,1,0.8347224898354724,,2025-04-29 16:45:00+00:00,3305.16,STOP LOSS,-1.0,-1.0,4256.637482055799,4214.0711072352415
BUY,2025-04-29 19:15:00+00:00,3315.29,3305.16,3315.39,3325.42,3335.55,3345.6800000000003,1,90,"['H4 bullish context', 'H1 bullish trend', 'M15 bullish timing', 'Distance filter OK']",SWING_HIGH price=3330.84 zone=(3330.84-3330.84) touches=1 strength=1,SWING_HIGH price=3324.88 zone=(3324.88-3324.88) touches=1 strength=1,SWING_LOW price=3371.91 zone=(3371.91-3371.91) touches=1 strength=1,SWING_LOW price=3314.64 zone=(3314.64-3314.64) touches=1 strength=1,True,2025-04-29 19:30:00+00:00,True,2025-04-29 19:30:00+00:00,False,,False,,0,6,0.8249332225590468,,2025-04-29 20:45:00+00:00,3315.39,BREAKEVEN,0.009871668311935634,0.009871668311935634,4214.0711072352415,4214.487106357377
BUY,2025-04-29 23:15:00+00:00,3321.89,3305.16,3305.16,3338.62,3355.35,3372.08,1,75,"['H4 bullish context', 'H1 bullish trend', 'H1 bullish structure', 'Distance filter OK']",SWING_HIGH price=3321.23 zone=(3321.23-3321.23) touches=1 strength=1,SWING_HIGH price=3305.34 zone=(3305.34-3305.34) touches=1 strength=1,SWING_LOW price=3371.91 zone=(3371.91-3371.91) touches=1 strength=1,SWING_LOW price=3314.64 zone=(3314.64-3314.64) touches=1 strength=1,False,,False,,False,,False,,0,3,0.0,,2025-04-30 01:00:00+00:00,3320.5,EXIT SIGNAL,-0.0830842797369917,-0.0830842797369917,4214.487106357377,4210.985530100452
BUY,2025-04-30 02:15:00+00:00,3313.38,3305.16,3313.48,3321.6000000000004,3329.8200000000006,3338.040000000001,1,75,"['H4 bullish context', 'H1 bullish trend', 'H1 bullish structure', 'Distance filter OK']",SWING_HIGH price=3321.23 zone=(3321.23-3321.23) touches=1 strength=1,SWING_HIGH price=3305.34 zone=(3305.34-3305.34) touches=1 strength=1,SWING_LOW price=3371.91 zone=(3371.91-3371.91) touches=1 strength=1,SWING_LOW price=3314.64 zone=(3314.64-3314.64) touches=1 strength=1,True,2025-04-30 03:00:00+00:00,True,2025-04-30 03:00:00+00:00,False,,False,,0,3,0.0,,2025-04-30 03:00:00+00:00,3323.89,EXIT SIGNAL,1.2785888077858196,1.2785888077858196,4210.985530100452,4264.826719785797
BUY,2025-04-30 03:15:00+00:00,3323.89,3305.16,3305.16,3342.62,3361.35,3380.08,1,75,"['H4 bullish context', 'H1 bullish trend', 'H1 bullish structure', 'Distance filter OK']",SWING_HIGH price=3321.23 zone=(3321.23-3321.23) touches=1 strength=1,SWING_HIGH price=3305.34 zone=(3305.34-3305.34) touches=1 strength=1,SWING_LOW price=3312.97 zone=(3312.97-3312.97) touches=1 strength=1,SWING_LOW price=3306.67 zone=(3306.67-3306.67) touches=1 strength=1,False,,False,,False,,False,,0,3,0.0,,2025-04-30 04:00:00+00:00,3315.6,EXIT SIGNAL,-0.4426054458088604,-0.4426054458088604,4264.826719785797,4245.950364469713
BUY,2025-04-30 05:00:00+00:00,3308.05,3305.16,3308.15,3310.9400000000005,3313.830000000001,3316.720000000001,1,75,"['H4 bullish context', 'H1 bullish trend', 'H1 bullish structure', 'Distance filter OK']",SWING_HIGH price=3321.23 zone=(3321.23-3321.23) touches=1 strength=1,SWING_HIGH price=3305.34 zone=(3305.34-3305.34) touches=1 strength=1,SWING_LOW price=3312.97 zone=(3312.97-3312.97) touches=1 strength=1,SWING_LOW price=3306.67 zone=(3306.67-3306.67) touches=1 strength=1,True,2025-04-30 05:15:00+00:00,True,2025-04-30 05:15:00+00:00,False,,False,,0,1,0.0,,2025-04-30 05:15:00+00:00,3311.7,EXIT SIGNAL,1.262975778546444,1.262975778546444,4245.950364469713,4299.57568914207
BUY,2025-04-30 08:30:00+00:00,3313.72,3305.16,3305.16,3322.2799999999997,3330.8399999999997,3339.3999999999996,1,90,"['H4 bullish context', 'H1 bullish trend', 'M15 bullish timing', 'Distance filter OK']",SWING_HIGH price=3321.23 zone=(3321.23-3321.23) touches=1 strength=1,SWING_HIGH price=3305.34 zone=(3305.34-3305.34) touches=1 strength=1,SWING_LOW price=3312.97 zone=(3312.97-3312.97) touches=1 strength=1,SWING_LOW price=3306.67 zone=(3306.67-3306.67) touches=1 strength=1,False,,False,,False,,False,,0,4,0.0,,2025-04-30 09:30:00+00:00,3305.16,STOP LOSS,-1.0,-1.0,4299.57568914207,4256.579932250649
BUY,2025-04-30 16:30:00+00:00,3304.25,3301.18,3310.3900000000003,3307.32,3310.3900000000003,3313.4600000000005,1,90,"['H4 bullish context', 'H1 bullish trend', 'M15 bullish timing', 'Distance filter OK']",SWING_HIGH price=3314.50 zone=(3314.50-3314.50) touches=1 strength=1,SWING_HIGH price=3305.34 zone=(3305.34-3305.34) touches=1 strength=1,SWING_LOW price=3312.97 zone=(3312.97-3312.97) touches=1 strength=1,SWING_LOW price=3306.67 zone=(3306.67-3306.67) touches=1 strength=1,True,2025-04-30 16:45:00+00:00,True,2025-04-30 16:45:00+00:00,True,2025-04-30 16:45:00+00:00,True,2025-04-30 16:45:00+00:00,2,2,0.0,,2025-04-30 17:00:00+00:00,3310.3900000000003,PROFIT LOCK TP2,2.0,2.0,4256.579932250649,4341.711530895662
SELL,2025-05-01 15:30:00+00:00,3219.02,3243.02,3243.02,3195.02,3171.02,3147.02,1,80,"['H1 bearish trend', 'H1 bearish structure', 'M15 bearish timing', 'Distance filter OK']",SWING_HIGH price=3243.02 zone=(3243.02-3243.02) touches=1 strength=1,None,SWING_LOW price=3259.98 zone=(3259.98-3259.98) touches=1 strength=1,SWING_LOW price=3221.06 zone=(3221.06-3221.06) touches=1 strength=1,False,,False,,False,,False,,0,25,0.19541666666666296,,2025-05-01 21:45:00+00:00,3223.71,EXIT SIGNAL,-0.19541666666666893,-0.19541666666666893,4341.711530895662,4333.227102945703
BUY,2025-05-06 08:45:00+00:00,3352.17,3323.52,3409.4700000000003,3380.82,3409.4700000000003,3438.1200000000003,1,75,"['H4 bullish context', 'H1 bullish trend', 'H1 bullish structure', 'Distance filter OK']",SWING_HIGH price=3387.04 zone=(3387.04-3387.04) touches=1 strength=1,SWING_HIGH price=3352.84 zone=(3352.84-3352.84) touches=1 strength=1,None,SWING_LOW price=3323.52 zone=(3323.52-3323.52) touches=1 strength=1,True,2025-05-06 11:15:00+00:00,True,2025-05-06 11:15:00+00:00,True,2025-05-06 19:45:00+00:00,True,2025-05-07 01:00:00+00:00,2,62,0.11518729043263028,,2025-05-07 01:15:00+00:00,3409.4700000000003,PROFIT LOCK TP2,2.0,2.0,4333.227102945703,4419.891645004617
BUY,2025-05-07 01:30:00+00:00,3388.0,3373.29,3373.29,3402.71,3417.42,3432.13,1,75,"['H4 bullish context', 'H1 bullish trend', 'H1 bullish structure', 'Distance filter OK']",SWING_HIGH price=3387.04 zone=(3387.04-3387.04) touches=1 strength=1,SWING_HIGH price=3352.84 zone=(3352.84-3352.84) touches=1 strength=1,None,SWING_LOW price=3373.29 zone=(3373.29-3373.29) touches=1 strength=1,False,,False,,False,,False,,0,3,0.0,,2025-05-07 02:15:00+00:00,3393.01,EXIT SIGNAL,0.3405846363018495,0.3405846363018495,4419.891645004617,4434.945116888692
BUY,2025-05-07 02:30:00+00:00,3393.01,3373.29,3373.29,3412.7300000000005,3432.4500000000007,3452.170000000001,1,75,"['H4 bullish context', 'H1 bullish trend', 'H1 bullish structure', 'Distance filter OK']",None,SWING_HIGH price=3387.04 zone=(3387.04-3387.04) touches=1 strength=1,None,SWING_LOW price=3373.29 zone=(3373.29-3373.29) touches=1 strength=1,False,,False,,False,,False,,0,3,0.13889508404848686,,2025-05-07 03:15:00+00:00,3385.85,EXIT SIGNAL,-0.3630831643002138,-0.3630831643002138,4434.945116888692,4418.842577823314
BUY,2025-05-07 04:45:00+00:00,3374.17,3373.29,3373.29,3375.05,3375.9300000000003,3376.8100000000004,1,75,"['H4 bullish context', 'H1 bullish trend', 'H1 bullish structure', 'Distance filter OK']",SWING_HIGH price=3387.04 zone=(3387.04-3387.04) touches=1 strength=1,SWING_HIGH price=3352.84 zone=(3352.84-3352.84) touches=1 strength=1,None,SWING_LOW price=3373.29 zone=(3373.29-3373.29) touches=1 strength=1,False,,False,,False,,False,,0,1,1.1375061332080003,,2025-05-07 05:00:00+00:00,3373.29,STOP LOSS,-1.0,-1.0,4418.842577823314,4374.654152045081
BUY,2025-05-07 05:15:00+00:00,3375.55,3373.29,3380.0700000000006,3377.8100000000004,3380.0700000000006,3382.330000000001,1,75,"['H4 bullish context', 'H1 bullish trend', 'H1 bullish structure', 'Distance filter OK']",SWING_HIGH price=3439.00 zone=(3439.00-3439.00) touches=1 strength=1,SWING_HIGH price=3387.04 zone=(3387.04-3387.04) touches=1 strength=1,None,SWING_LOW price=3373.29 zone=(3373.29-3373.29) touches=1 strength=1,True,2025-05-07 05:30:00+00:00,True,2025-05-07 05:30:00+00:00,True,2025-05-07 05:30:00+00:00,True,2025-05-07 05:30:00+00:00,2,1,0.0,,2025-05-07 05:30:00+00:00,3388.67,EXIT SIGNAL,5.805309734512665,5.805309734512665,4374.654152045081,4628.616375385017
BUY,2025-05-07 05:45:00+00:00,3388.67,3373.29,3373.29,3404.05,3419.4300000000003,3434.8100000000004,1,75,"['H4 bullish context', 'H1 bullish trend', 'H1 bullish structure', 'Distance filter OK']",SWING_HIGH price=3439.00 zone=(3439.00-3439.00) touches=1 strength=1,SWING_HIGH price=3387.04 zone=(3387.04-3387.04) touches=1 strength=1,None,SWING_LOW price=3373.29 zone=(3373.29-3373.29) touches=1 strength=1,False,,False,,False,,False,,0,3,0.0,,2025-05-07 06:30:00+00:00,3373.29,STOP LOSS,-1.0,-1.0,4628.616375385017,4582.330211631167
BUY,2025-05-07 09:00:00+00:00,3387.99,3360.2,3360.2,3415.7799999999997,3443.5699999999997,3471.3599999999997,1,90,"['H4 bullish context', 'H1 bullish trend', 'M15 bullish timing', 'Distance filter OK']",SWING_HIGH price=3439.00 zone=(3439.00-3439.00) touches=1 strength=1,SWING_HIGH price=3387.04 zone=(3387.04-3387.04) touches=1 strength=1,None,SWING_LOW price=3373.29 zone=(3373.29-3373.29) touches=1 strength=1,False,,False,,False,,False,,0,11,0.0,,2025-05-07 11:45:00+00:00,3382.81,EXIT SIGNAL,-0.18639798488664422,-0.18639798488664422,4582.330211631167,4573.788840455834
BUY,2025-05-07 14:15:00+00:00,3387.46,3360.2,3360.2,3414.7200000000003,3441.9800000000005,3469.2400000000007,1,90,"['H4 bullish context', 'H1 bullish trend', 'M15 bullish timing', 'Distance filter OK']",SWING_HIGH price=3397.43 zone=(3397.43-3397.43) touches=1 strength=1,SWING_HIGH price=3387.04 zone=(3387.04-3387.04) touches=1 strength=1,None,SWING_LOW price=3373.29 zone=(3373.29-3373.29) touches=1 strength=1,False,,False,,False,,False,,0,13,0.0,,2025-05-07 17:30:00+00:00,3383.35,EXIT SIGNAL,-0.15077035950110398,-0.15077035950110398,4573.788840455834,4566.892922578258
BUY,2025-05-07 18:15:00+00:00,3387.16,3369.29,3369.29,3405.0299999999997,3422.8999999999996,3440.7699999999995,1,75,"['H4 bullish context', 'H1 bullish trend', 'H1 bullish structure', 'Distance filter OK']",SWING_HIGH price=3387.04 zone=(3387.04-3387.04) touches=1 strength=1,SWING_HIGH price=3337.79 zone=(3337.79-3337.79) touches=1 strength=1,None,SWING_LOW price=3373.29 zone=(3373.29-3373.29) touches=1 strength=1,False,,False,,False,,False,,0,3,0.0,,2025-05-07 19:00:00+00:00,3383.24,EXIT SIGNAL,-0.21936205931729696,-0.21936205931729696,4566.892922578258,4556.874892216474
BUY,2025-05-08 04:15:00+00:00,3392.29,3363.8,3363.8,3420.7799999999997,3449.2699999999995,3477.7599999999993,1,90,"['H4 bullish context', 'H1 bullish trend', 'M15 bullish timing', 'Distance filter OK']",SWING_HIGH price=3439.00 zone=(3439.00-3439.00) touches=1 strength=1,SWING_HIGH price=3398.09 zone=(3398.09-3398.09) touches=1 strength=1,None,SWING_LOW price=3375.73 zone=(3375.73-3375.73) touches=1 strength=1,False,,False,,False,,False,,0,15,0.6177606177606179,,2025-05-08 08:00:00+00:00,3374.69,EXIT SIGNAL,-0.6177606177606193,-0.6177606177606193,4556.874892216474,4528.724313731739
BUY,2025-05-08 15:15:00+00:00,3347.02,3330.24,3347.12,3363.8,3380.5800000000004,3397.3600000000006,1,75,"['H4 bullish context', 'H1 bullish trend', 'H1 bullish structure', 'Distance filter OK']",SWING_HIGH price=3387.04 zone=(3387.04-3387.04) touches=1 strength=1,SWING_HIGH price=3337.79 zone=(3337.79-3337.79) touches=1 strength=1,SWING_LOW price=3360.20 zone=(3360.20-3360.20) touches=1 strength=1,SWING_LOW price=3350.31 zone=(3350.31-3350.31) touches=1 strength=1,True,2025-05-08 16:15:00+00:00,True,2025-05-08 16:15:00+00:00,False,,False,,0,12,0.6118379574875393,,2025-05-08 18:15:00+00:00,3347.12,BREAKEVEN,0.005959475566144687,0.005959475566144687,4528.724313731739,4528.994201950674
BUY,2025-05-09 20:15:00+00:00,3336.95,3320.2,3320.2,3353.7,3370.45,3387.2,1,75,"['H4 bullish context', 'H1 bullish trend', 'H1 bullish structure', 'Distance filter OK']",SWING_HIGH price=3369.17 zone=(3369.17-3369.17) touches=1 strength=1,SWING_HIGH price=3337.79 zone=(3337.79-3337.79) touches=1 strength=1,SWING_LOW price=3350.31 zone=(3350.31-3350.31) touches=1 strength=1,SWING_LOW price=3330.24 zone=(3330.24-3330.24) touches=1 strength=1,False,,False,,False,,False,,0,9,0.5826865671641793,,2025-05-09 22:30:00+00:00,3327.19,EXIT SIGNAL,-0.582686567164165,-0.582686567164165,4528.994201950674,4502.604361108263
BUY,2025-05-09 23:15:00+00:00,3329.2,3320.2,3320.2,3338.2,3347.2,3356.2,1,75,"['H4 bullish context', 'H1 bullish trend', 'H1 bullish structure', 'Distance filter OK']",SWING_HIGH price=3328.58 zone=(3328.58-3328.58) touches=1 strength=1,SWING_HIGH price=3323.86 zone=(3323.86-3323.86) touches=1 strength=1,SWING_LOW price=3330.24 zone=(3330.24-3330.24) touches=1 strength=1,SWING_LOW price=3323.52 zone=(3323.52-3323.52) touches=1 strength=1,False,,False,,False,,False,,0,3,0.0,,2025-05-12 01:00:00+00:00,3320.2,STOP LOSS,-1.0,-1.0,4502.604361108263,4457.57831749718
SELL,2025-05-12 20:15:00+00:00,3222.62,3248.43,3248.43,3196.81,3171.0,3145.19,1,80,"['H1 bearish trend', 'H1 bearish structure', 'M15 bearish timing', 'Distance filter OK']",SWING_HIGH price=3248.43 zone=(3248.43-3248.43) touches=1 strength=1,None,SWING_LOW price=3258.56 zone=(3258.56-3258.56) touches=1 strength=1,SWING_LOW price=3222.65 zone=(3222.65-3222.65) touches=1 strength=1,False,,False,,False,,False,,0,9,0.0,,2025-05-12 22:30:00+00:00,3234.78,EXIT SIGNAL,-0.4711352189074132,-0.4711352189074132,4457.57831749718,4436.577096133071
SELL,2025-05-13 06:15:00+00:00,3233.3,3243.2,3243.2,3223.4000000000005,3213.500000000001,3203.6000000000013,1,80,"['H1 bearish trend', 'H1 bearish structure', 'M15 bearish timing', 'Distance filter OK']",SWING_HIGH price=3243.20 zone=(3243.20-3243.20) touches=1 strength=1,None,SWING_LOW price=3258.56 zone=(3258.56-3258.56) touches=1 strength=1,SWING_LOW price=3220.13 zone=(3220.13-3220.13) touches=1 strength=1,False,,False,,False,,False,,0,3,0.18282828282827857,,2025-05-13 07:00:00+00:00,3235.11,EXIT SIGNAL,-0.18282828282828403,-0.18282828282828403,4436.577096133071,4428.465778411858
SELL,2025-05-13 16:15:00+00:00,3243.17,3258.35,3243.07,3227.9900000000002,3212.8100000000004,3197.6300000000006,1,80,"['H1 bearish trend', 'H1 bearish structure', 'M15 bearish timing', 'Distance filter OK']",SWING_HIGH price=3243.20 zone=(3243.20-3243.20) touches=1 strength=1,None,SWING_LOW price=3258.56 zone=(3258.56-3258.56) touches=1 strength=1,SWING_LOW price=3220.13 zone=(3220.13-3220.13) touches=1 strength=1,True,2025-05-13 16:45:00+00:00,True,2025-05-13 16:45:00+00:00,False,,False,,0,5,0.1762527115689016,,2025-05-13 17:30:00+00:00,3243.07,BREAKEVEN,0.006587615283261536,0.006587615283261536,4428.465778411858,4428.7575087002915
SELL,2025-05-13 18:00:00+00:00,3242.39,3258.35,3258.35,3226.43,3210.47,3194.5099999999998,1,80,"['H1 bearish trend', 'H1 bearish structure', 'M15 bearish timing', 'Distance filter OK']",SWING_HIGH price=3243.20 zone=(3243.20-3243.20) touches=1 strength=1,None,SWING_LOW price=3258.56 zone=(3258.56-3258.56) touches=1 strength=1,SWING_LOW price=3220.13 zone=(3220.13-3220.13) touches=1 strength=1,False,,False,,False,,False,,0,3,0.8492499050673563,,2025-05-13 18:45:00+00:00,3253.15,EXIT SIGNAL,-0.67418546365916,-0.67418546365916,4428.7575087002915,4398.899469355921
BUY,2025-05-21 06:30:00+00:00,3307.65,3285.39,3285.39,3329.9100000000003,3352.1700000000005,3374.4300000000007,1,85,"['H4 bullish context', 'H1 bullish trend', 'H1 bullish structure', 'M15 bullish timing']",SWING_HIGH price=3314.49 zone=(3314.49-3314.49) touches=1 strength=1,SWING_HIGH price=3304.18 zone=(3304.18-3304.18) touches=1 strength=1,None,SWING_LOW price=3285.39 zone=(3285.39-3285.39) touches=1 strength=1,False,,False,,False,,False,,0,36,0.39532794249776554,,2025-05-21 15:30:00+00:00,3298.85,EXIT SIGNAL,-0.3953279424977581,-0.3953279424977581,4398.899469355921,4381.509390591171
BUY,2025-05-21 19:15:00+00:00,3312.45,3290.76,3290.76,3334.1399999999994,3355.829999999999,3377.5199999999986,1,90,"['H4 bullish context', 'H1 bullish trend', 'M15 bullish timing', 'Distance filter OK']",SWING_HIGH price=3304.18 zone=(3304.18-3304.18) touches=1 strength=1,SWING_HIGH price=3285.75 zone=(3285.75-3285.75) touches=1 strength=1,SWING_LOW price=3303.78 zone=(3303.78-3303.78) touches=1 strength=1,SWING_LOW price=3298.28 zone=(3298.28-3298.28) touches=1 strength=1,False,,False,,False,,False,,0,3,0.46421084156934006,,2025-05-21 20:00:00+00:00,3310.95,EXIT SIGNAL,-0.06915629322268455,-0.06915629322268455,4381.509390591171,4378.479301109434
BUY,2025-05-21 20:15:00+00:00,3310.95,3290.76,3311.0499999999997,3331.1399999999994,3351.329999999999,3371.5199999999986,1,90,"['H4 bullish context', 'H1 bullish trend', 'M15 bullish timing', 'Distance filter OK']",SWING_HIGH price=3318.05 zone=(3318.05-3318.05) touches=1 strength=1,SWING_HIGH price=3314.49 zone=(3314.49-3314.49) touches=1 strength=1,None,SWING_LOW price=3303.78 zone=(3303.78-3303.78) touches=1 strength=1,True,2025-05-22 04:15:00+00:00,True,2025-05-22 04:15:00+00:00,False,,False,,0,51,0.0,,2025-05-22 10:00:00+00:00,3325.4,EXIT SIGNAL,0.7157008420010182,0.7157008420010182,4378.479301109434,4409.816114334314
BUY,2025-05-23 04:15:00+00:00,3303.09,3288.92,3288.92,3317.26,3331.4300000000003,3345.6000000000004,1,90,"['H4 bullish context', 'H1 bullish trend', 'M15 bullish timing', 'Distance filter OK']",SWING_HIGH price=3314.49 zone=(3314.49-3314.49) touches=1 strength=1,SWING_HIGH price=3304.61 zone=(3304.61-3304.61) touches=1 strength=1,None,SWING_LOW price=3303.78 zone=(3303.78-3303.78) touches=1 strength=1,False,,False,,False,,False,,0,5,0.6556104446012522,,2025-05-23 05:30:00+00:00,3293.8,EXIT SIGNAL,-0.6556104446012644,-0.6556104446012644,4409.816114334314,4380.904899301029
BUY,2025-05-23 07:15:00+00:00,3305.8,3286.93,3343.540000000001,3324.6700000000005,3343.540000000001,3362.410000000001,1,90,"['H4 bullish context', 'H1 bullish trend', 'M15 bullish timing', 'Distance filter OK']",SWING_HIGH price=3314.49 zone=(3314.49-3314.49) touches=1 strength=1,SWING_HIGH price=3308.69 zone=(3308.69-3308.69) touches=1 strength=1,None,SWING_LOW price=3303.78 zone=(3303.78-3303.78) touches=1 strength=1,True,2025-05-23 08:45:00+00:00,True,2025-05-23 08:45:00+00:00,True,2025-05-23 14:45:00+00:00,True,2025-05-23 16:00:00+00:00,2,37,0.0,,2025-05-23 16:30:00+00:00,3343.540000000001,PROFIT LOCK TP2,2.0,2.0,4380.904899301029,4468.52299728705
BUY,2025-05-23 17:15:00+00:00,3343.66,3322.43,3343.7599999999998,3364.89,3386.12,3407.35,1,75,"['H4 bullish context', 'H1 bullish trend', 'H1 bullish structure', 'Distance filter OK']",None,SWING_HIGH price=3345.23 zone=(3345.23-3345.23) touches=1 strength=1,None,SWING_LOW price=3322.43 zone=(3322.43-3322.43) touches=1 strength=1,True,2025-05-23 20:15:00+00:00,True,2025-05-23 20:15:00+00:00,False,,False,,0,28,0.3552873039935887,,2025-05-26 01:15:00+00:00,3343.7599999999998,BREAKEVEN,0.004710315591140319,0.004710315591140319,4468.52299728705,4468.733478822485
BUY,2025-05-26 01:45:00+00:00,3349.41,3336.35,3336.35,3362.47,3375.5299999999997,3388.5899999999997,1,75,"['H4 bullish context', 'H1 bullish trend', 'H1 bullish structure', 'Distance filter OK']",SWING_HIGH price=3345.23 zone=(3345.23-3345.23) touches=1 strength=1,SWING_HIGH price=3334.20 zone=(3334.20-3334.20) touches=1 strength=1,None,SWING_LOW price=3336.35 zone=(3336.35-3336.35) touches=1 strength=1,False,,False,,False,,False,,0,3,0.6352996283384126,,2025-05-26 02:30:00+00:00,3345.74,EXIT SIGNAL,-0.28101071975498376,-0.28101071975498376,4468.733478822485,4456.175858709715
BUY,2025-05-26 02:45:00+00:00,3345.74,3336.35,3336.35,3355.1299999999997,3364.5199999999995,3373.9099999999994,1,75,"['H4 bullish context', 'H1 bullish trend', 'H1 bullish structure', 'Distance filter OK']",SWING_HIGH price=3345.23 zone=(3345.23-3345.23) touches=1 strength=1,SWING_HIGH price=3334.20 zone=(3334.20-3334.20) touches=1 strength=1,None,SWING_LOW price=3336.35 zone=(3336.35-3336.35) touches=1 strength=1,False,,False,,False,,False,,0,1,1.6289466320550217,,2025-05-26 03:00:00+00:00,3336.35,STOP LOSS,-1.0,-1.0,4456.175858709715,4411.614100122618
BUY,2025-05-26 03:15:00+00:00,3336.77,3336.35,3336.35,3337.19,3337.61,3338.03,1,75,"['H4 bullish context', 'H1 bullish trend', 'H1 bullish structure', 'Distance filter OK']",SWING_HIGH price=3345.23 zone=(3345.23-3345.23) touches=1 strength=1,SWING_HIGH price=3334.20 zone=(3334.20-3334.20) touches=1 strength=1,None,SWING_LOW price=3336.35 zone=(3336.35-3336.35) touches=1 strength=1,False,,False,,False,,False,,0,1,2.612657165734477,,2025-05-26 03:30:00+00:00,3336.35,STOP LOSS,-1.0,-1.0,4411.614100122618,4367.497959121391
BUY,2025-05-26 04:15:00+00:00,3338.19,3336.35,3341.8700000000003,3340.03,3341.8700000000003,3343.7100000000005,1,75,"['H4 bullish context', 'H1 bullish trend', 'H1 bullish structure', 'Distance filter OK']",SWING_HIGH price=3345.23 zone=(3345.23-3345.23) touches=1 strength=1,SWING_HIGH price=3334.20 zone=(3334.20-3334.20) touches=1 strength=1,None,SWING_LOW price=3336.35 zone=(3336.35-3336.35) touches=1 strength=1,True,2025-05-26 04:30:00+00:00,True,2025-05-26 04:30:00+00:00,True,2025-05-26 04:30:00+00:00,True,2025-05-26 04:30:00+00:00,2,1,0.0,,2025-05-26 04:30:00+00:00,3344.74,EXIT SIGNAL,3.5597826086952225,3.5597826086952225,4367.497959121391,4522.971391905314
BUY,2025-05-26 05:15:00+00:00,3347.15,3331.34,3331.34,3362.96,3378.77,3394.58,1,90,"['H4 bullish context', 'H1 bullish trend', 'M15 bullish timing', 'Distance filter OK']",SWING_HIGH price=3364.43 zone=(3364.43-3364.43) touches=1 strength=1,SWING_HIGH price=3345.23 zone=(3345.23-3345.23) touches=1 strength=1,None,SWING_LOW price=3336.35 zone=(3336.35-3336.35) touches=1 strength=1,False,,False,,False,,False,,0,17,0.0,,2025-05-26 09:30:00+00:00,3342.54,EXIT SIGNAL,-0.2915876027830578,-0.2915876027830578,4522.971391905314,4509.782968049093
BUY,2025-05-26 16:30:00+00:00,3337.83,3323.36,3323.36,3352.2999999999997,3366.7699999999995,3381.2399999999993,1,90,"['H4 bullish context', 'H1 bullish trend', 'M15 bullish timing', 'Distance filter OK']",SWING_HIGH price=3345.23 zone=(3345.23-3345.23) touches=1 strength=1,SWING_HIGH price=3334.20 zone=(3334.20-3334.20) touches=1 strength=1,None,SWING_LOW price=3336.35 zone=(3336.35-3336.35) touches=1 strength=1,False,,False,,False,,False,,0,34,0.789607743250132,,2025-05-27 04:30:00+00:00,3331.98,EXIT SIGNAL,-0.40428472702142293,-0.40428472702142293,4509.782968049093,4491.550604287458
BUY,2025-05-27 06:15:00+00:00,3343.95,3331.65,3331.65,3356.2499999999995,3368.5499999999993,3380.849999999999,1,75,"['H4 bullish context', 'H1 bullish trend', 'H1 bullish structure', 'Distance filter OK']",SWING_HIGH price=3343.41 zone=(3343.41-3343.41) touches=1 strength=1,SWING_HIGH price=3334.20 zone=(3334.20-3334.20) touches=1 strength=1,None,SWING_LOW price=3336.35 zone=(3336.35-3336.35) touches=1 strength=1,False,,False,,False,,False,,0,4,1.1348276447614085,,2025-05-27 07:15:00+00:00,3339.67,EXIT SIGNAL,-0.34796747967478375,-0.34796747967478375,4491.550604287458,4475.921468851401
BUY,2025-05-27 07:30:00+00:00,3339.67,3331.65,3331.65,3347.69,3355.71,3363.73,1,75,"['H4 bullish context', 'H1 bullish trend', 'H1 bullish structure', 'Distance filter OK']",SWING_HIGH price=3334.20 zone=(3334.20-3334.20) touches=1 strength=1,SWING_HIGH price=3324.67 zone=(3324.67-3324.67) touches=1 strength=1,SWING_LOW price=3331.34 zone=(3331.34-3331.34) touches=1 strength=1,SWING_LOW price=3326.15 zone=(3326.15-3326.15) touches=1 strength=1,False,,False,,False,,False,,0,1,2.123479368313805,,2025-05-27 07:45:00+00:00,3331.65,STOP LOSS,-1.0,-1.0,4475.921468851401,4431.162254162887
BUY,2025-05-27 22:30:00+00:00,3304.63,3285.09,3285.09,3324.17,3343.71,3363.25,1,90,"['H4 bullish context', 'H1 bullish trend', 'M15 bullish timing', 'Distance filter OK']",SWING_HIGH price=3304.61 zone=(3304.61-3304.61) touches=1 strength=1,SWING_HIGH price=3304.18 zone=(3304.18-3304.18) touches=1 strength=1,SWING_LOW price=3322.43 zone=(3322.43-3322.43) touches=1 strength=1,SWING_LOW price=3303.78 zone=(3303.78-3303.78) touches=1 strength=1,False,,False,,False,,False,,0,7,0.0,,2025-05-28 01:15:00+00:00,3304.47,EXIT SIGNAL,-0.008188331627446751,-0.008188331627446751,4431.162254162887,4430.799415902566
BUY,2025-05-28 04:30:00+00:00,3306.95,3297.89,3297.89,3316.0099999999998,3325.0699999999997,3334.1299999999997,1,75,"['H4 bullish context', 'H1 bullish trend', 'H1 bullish structure', 'Distance filter OK']",SWING_HIGH price=3304.18 zone=(3304.18-3304.18) touches=1 strength=1,SWING_HIGH price=3285.75 zone=(3285.75-3285.75) touches=1 strength=1,SWING_LOW price=3303.78 zone=(3303.78-3303.78) touches=1 strength=1,SWING_LOW price=3298.28 zone=(3298.28-3298.28) touches=1 strength=1,False,,False,,False,,False,,0,6,0.5297619780519393,,2025-05-28 06:00:00+00:00,3301.5,EXIT SIGNAL,-0.6015452538631182,-0.6015452538631182,4430.799415902566,4404.146152308009
BUY,2025-05-28 08:30:00+00:00,3308.58,3291.54,3291.54,3325.62,3342.66,3359.7,1,90,"['H4 bullish context', 'H1 bullish trend', 'M15 bullish timing', 'Distance filter OK']",SWING_HIGH price=3307.77 zone=(3307.77-3307.77) touches=1 strength=1,SWING_HIGH price=3304.68 zone=(3304.68-3304.68) touches=1 strength=1,SWING_LOW price=3322.43 zone=(3322.43-3322.43) touches=1 strength=1,SWING_LOW price=3303.78 zone=(3303.78-3303.78) touches=1 strength=1,False,,False,,False,,False,,0,23,0.2717464545442988,,2025-05-28 14:15:00+00:00,3313.0,EXIT SIGNAL,0.25938967136150715,0.25938967136150715,4404.146152308009,4415.570052538761
BUY,2025-05-29 10:15:00+00:00,3278.06,3265.85,3302.48,3290.27,3302.48,3314.69,1,90,"['H4 bullish context', 'H1 bullish trend', 'M15 bullish timing', 'Distance filter OK']",SWING_HIGH price=3302.87 zone=(3302.87-3302.87) touches=1 strength=1,SWING_HIGH price=3279.89 zone=(3279.89-3279.89) touches=1 strength=1,SWING_LOW price=3286.93 zone=(3286.93-3286.93) touches=1 strength=1,SWING_LOW price=3285.39 zone=(3285.39-3285.39) touches=1 strength=1,True,2025-05-29 13:15:00+00:00,True,2025-05-29 13:15:00+00:00,True,2025-05-29 14:30:00+00:00,True,2025-05-29 15:30:00+00:00,2,71,0.8678391361308824,,2025-05-30 05:00:00+00:00,3305.58,EXIT SIGNAL,2.253890253890246,2.253890253890246,4415.570052538761,4515.092155606629
BUY,2025-05-30 16:15:00+00:00,3302.69,3287.44,3287.44,3317.94,3333.19,3348.44,1,90,"['H4 bullish context', 'H1 bullish trend', 'M15 bullish timing', 'Distance filter OK']",SWING_HIGH price=3279.89 zone=(3279.89-3279.89) touches=1 strength=1,None,SWING_LOW price=3279.16 zone=(3279.16-3279.16) touches=1 strength=1,SWING_LOW price=3265.85 zone=(3265.85-3265.85) touches=1 strength=1,False,,False,,False,,False,,0,2,1.8591607447695748,,2025-05-30 16:45:00+00:00,3287.44,STOP LOSS,-1.0,-1.0,4515.092155606629,4469.941234050562
BUY,2025-05-30 18:45:00+00:00,3290.85,3287.44,3287.44,3294.2599999999998,3297.6699999999996,3301.0799999999995,1,75,"['H4 bullish context', 'H1 bullish trend', 'H1 bullish structure', 'Distance filter OK']",SWING_HIGH price=3302.87 zone=(3302.87-3302.87) touches=1 strength=1,SWING_HIGH price=3279.89 zone=(3279.89-3279.89) touches=1 strength=1,SWING_LOW price=3288.92 zone=(3288.92-3288.92) touches=1 strength=1,SWING_LOW price=3288.42 zone=(3288.42-3288.42) touches=1 strength=1,False,,False,,False,,False,,0,2,2.84056913732188,,2025-05-30 19:15:00+00:00,3287.44,STOP LOSS,-1.0,-1.0,4469.941234050562,4425.241821710057
BUY,2025-05-30 20:15:00+00:00,3294.46,3271.57,3271.57,3317.35,3340.24,3363.1299999999997,1,90,"['H4 bullish context', 'H1 bullish trend', 'M15 bullish timing', 'Distance filter OK']",SWING_HIGH price=3302.87 zone=(3302.87-3302.87) touches=1 strength=1,SWING_HIGH price=3279.89 zone=(3279.89-3279.89) touches=1 strength=1,SWING_LOW price=3291.54 zone=(3291.54-3291.54) touches=1 strength=1,SWING_LOW price=3288.92 zone=(3288.92-3288.92) touches=1 strength=1,False,,False,,False,,False,,0,14,2.993800044012255,,2025-05-30 23:45:00+00:00,3290.85,EXIT SIGNAL,-0.15771079073832012,-0.15771079073832012,4425.241821710057,4418.262737840955
BUY,2025-06-02 03:45:00+00:00,3307.38,3289.88,3342.38,3324.88,3342.38,3359.88,1,90,"['H4 bullish context', 'H1 bullish trend', 'M15 bullish timing', 'Distance filter OK']",SWING_HIGH price=3315.49 zone=(3315.49-3315.49) touches=1 strength=1,SWING_HIGH price=3308.69 zone=(3308.69-3308.69) touches=1 strength=1,SWING_LOW price=3322.43 zone=(3322.43-3322.43) touches=1 strength=1,SWING_LOW price=3297.89 zone=(3297.89-3297.89) touches=1 strength=1,True,2025-06-02 08:45:00+00:00,True,2025-06-02 08:45:00+00:00,True,2025-06-02 09:30:00+00:00,True,2025-06-02 14:30:00+00:00,2,94,0.9743401879787761,,2025-06-03 04:15:00+00:00,3368.49,EXIT SIGNAL,3.4919999999999813,3.4919999999999813,4418.262737840955,4572.548472646361
BUY,2025-06-03 11:15:00+00:00,3363.59,3351.21,3351.21,3375.9700000000003,3388.3500000000004,3400.7300000000005,1,75,"['H4 bullish context', 'H1 bullish trend', 'H1 bullish structure', 'Distance filter OK']",SWING_HIGH price=3392.25 zone=(3392.25-3392.25) touches=1 strength=1,SWING_HIGH price=3358.91 zone=(3358.91-3358.91) touches=1 strength=1,None,SWING_LOW price=3351.21 zone=(3351.21-3351.21) touches=1 strength=1,False,,False,,False,,False,,0,15,1.9645967860989957,,2025-06-03 15:00:00+00:00,3351.21,STOP LOSS,-1.0,-1.0,4572.548472646361,4526.822987919897
BUY,2025-06-03 15:15:00+00:00,3353.09,3351.21,3356.8500000000004,3354.9700000000003,3356.8500000000004,3358.7300000000005,1,75,"['H4 bullish context', 'H1 bullish trend', 'H1 bullish structure', 'Distance filter OK']",SWING_HIGH price=3392.25 zone=(3392.25-3392.25) touches=1 strength=1,SWING_HIGH price=3358.91 zone=(3358.91-3358.91) touches=1 strength=1,None,SWING_LOW price=3351.21 zone=(3351.21-3351.21) touches=1 strength=1,True,2025-06-03 15:30:00+00:00,True,2025-06-03 15:30:00+00:00,True,2025-06-03 15:30:00+00:00,True,2025-06-03 15:30:00+00:00,2,5,0.0038887218209643906,,2025-06-03 16:30:00+00:00,3356.8500000000004,PROFIT LOCK TP2,2.0,2.0,4526.822987919897,4617.3594476782955
BUY,2025-06-03 16:45:00+00:00,3351.83,3351.21,3351.21,3352.45,3353.0699999999997,3353.6899999999996,1,75,"['H4 bullish context', 'H1 bullish trend', 'H1 bullish structure', 'Distance filter OK']",SWING_HIGH price=3349.75 zone=(3349.75-3349.75) touches=1 strength=1,SWING_HIGH price=3343.41 zone=(3343.41-3343.41) touches=1 strength=1,SWING_LOW price=3351.21 zone=(3351.21-3351.21) touches=1 strength=1,SWING_LOW price=3331.65 zone=(3331.65-3331.65) touches=1 strength=1,False,,False,,False,,False,,0,1,1.0038498346027638,,2025-06-03 17:00:00+00:00,3351.21,STOP LOSS,-1.0,-1.0,4617.3594476782955,4571.185853201512
BUY,2025-06-04 06:45:00+00:00,3360.21,3346.33,3346.33,3374.09,3387.9700000000003,3401.8500000000004,1,75,"['H4 bullish context', 'H1 bullish trend', 'H1 bullish structure', 'Distance filter OK']",SWING_HIGH price=3392.25 zone=(3392.25-3392.25) touches=1 strength=1,SWING_HIGH price=3358.91 zone=(3358.91-3358.91) touches=1 strength=1,None,SWING_LOW price=3351.21 zone=(3351.21-3351.21) touches=1 strength=1,False,,False,,False,,False,,0,4,0.4020172910662643,,2025-06-04 07:45:00+00:00,3354.63,EXIT SIGNAL,-0.40201729106627404,-0.40201729106627404,4571.185853201512,4552.808895664867
BUY,2025-06-04 10:30:00+00:00,3361.29,3347.84,3347.84,3374.74,3388.1899999999996,3401.6399999999994,1,90,"['H4 bullish context', 'H1 bullish trend', 'M15 bullish timing', 'Distance filter OK']",SWING_HIGH price=3358.91 zone=(3358.91-3358.91) touches=1 strength=1,SWING_HIGH price=3349.75 zone=(3349.75-3349.75) touches=1 strength=1,None,SWING_LOW price=3351.21 zone=(3351.21-3351.21) touches=1 strength=1,False,,False,,False,,False,,0,13,1.3979971181555955,,2025-06-04 13:45:00+00:00,3347.84,STOP LOSS,-1.0,-1.0,4552.808895664867,4507.280806708219
BUY,2025-06-04 17:15:00+00:00,3366.59,3343.55,3343.55,3389.63,3412.67,3435.71,1,90,"['H4 bullish context', 'H1 bullish trend', 'M15 bullish timing', 'Distance filter OK']",SWING_HIGH price=3392.25 zone=(3392.25-3392.25) touches=1 strength=1,SWING_HIGH price=3372.45 zone=(3372.45-3372.45) touches=1 strength=1,None,SWING_LOW price=3351.21 zone=(3351.21-3351.21) touches=1 strength=1,False,,False,,False,,False,,0,44,0.0809226042365351,,2025-06-05 05:15:00+00:00,3371.57,EXIT SIGNAL,0.21614583333333445,0.21614583333333445,4507.280806708219,4517.023106368551
BUY,2025-06-05 06:30:00+00:00,3373.78,3370.52,3370.52,3377.0400000000004,3380.3000000000006,3383.560000000001,1,75,"['H4 bullish context', 'H1 bullish trend', 'H1 bullish structure', 'Distance filter OK']",SWING_HIGH price=3372.45 zone=(3372.45-3372.45) touches=1 strength=1,SWING_HIGH price=3365.09 zone=(3365.09-3365.09) touches=1 strength=1,SWING_LOW price=3370.52 zone=(3370.52-3370.52) touches=1 strength=1,SWING_LOW price=3351.21 zone=(3351.21-3351.21) touches=1 strength=1,False,,False,,False,,False,,0,1,1.0801133781941716,,2025-06-05 06:45:00+00:00,3370.52,STOP LOSS,-1.0,-1.0,4517.023106368551,4471.852875304866
BUY,2025-06-05 11:15:00+00:00,3370.92,3361.01,3390.74,3380.83,3390.74,3400.6499999999996,1,90,"['H4 bullish context', 'H1 bullish trend', 'M15 bullish timing', 'Distance filter OK']",SWING_HIGH price=3381.96 zone=(3381.96-3381.96) touches=1 strength=1,SWING_HIGH price=3372.45 zone=(3372.45-3372.45) touches=1 strength=1,None,SWING_LOW price=3370.52 zone=(3370.52-3370.52) touches=1 strength=1,True,2025-06-05 12:15:00+00:00,True,2025-06-05 12:15:00+00:00,True,2025-06-05 12:45:00+00:00,True,2025-06-05 14:00:00+00:00,2,16,0.0,,2025-06-05 15:15:00+00:00,3390.74,PROFIT LOCK TP2,2.0,2.0,4471.852875304866,4561.289932810963
BUY,2025-06-06 06:15:00+00:00,3361.21,3356.0,3366.42,3366.42,3371.63,3376.84,1,75,"['H4 bullish context', 'H1 bullish trend', 'H1 bullish structure', 'Distance filter OK']",SWING_HIGH price=3372.45 zone=(3372.45-3372.45) touches=1 strength=1,SWING_HIGH price=3365.09 zone=(3365.09-3365.09) touches=1 strength=1,SWING_LOW price=3370.52 zone=(3370.52-3370.52) touches=1 strength=1,SWING_LOW price=3361.01 zone=(3361.01-3361.01) touches=1 strength=1,True,2025-06-06 06:30:00+00:00,True,2025-06-06 06:30:00+00:00,True,2025-06-06 06:45:00+00:00,False,,1,9,0.0,,2025-06-06 08:30:00+00:00,3366.42,PROFIT LOCK TP1,1.0,1.0,4561.289932810963,4606.902832139073
BUY,2025-06-06 09:00:00+00:00,3365.89,3356.0,3356.0,3375.7799999999997,3385.6699999999996,3395.5599999999995,1,75,"['H4 bullish context', 'H1 bullish trend', 'H1 bullish structure', 'Distance filter OK']",SWING_HIGH price=3372.45 zone=(3372.45-3372.45) touches=1 strength=1,SWING_HIGH price=3365.09 zone=(3365.09-3365.09) touches=1 strength=1,SWING_LOW price=3370.52 zone=(3370.52-3370.52) touches=1 strength=1,SWING_LOW price=3361.01 zone=(3361.01-3361.01) touches=1 strength=1,False,,False,,False,,False,,0,3,0.009999999999993492,,2025-06-06 09:45:00+00:00,3356.0,STOP LOSS,-1.0,-1.0,4606.902832139073,4560.833803817683
BUY,2025-06-06 12:00:00+00:00,3365.13,3356.0,3356.0,3374.26,3383.3900000000003,3392.5200000000004,1,90,"['H4 bullish context', 'H1 bullish trend', 'M15 bullish timing', 'Distance filter OK']",SWING_HIGH price=3372.45 zone=(3372.45-3372.45) touches=1 strength=1,SWING_HIGH price=3365.09 zone=(3365.09-3365.09) touches=1 strength=1,SWING_LOW price=3370.52 zone=(3370.52-3370.52) touches=1 strength=1,SWING_LOW price=3361.01 zone=(3361.01-3361.01) touches=1 strength=1,False,,False,,False,,False,,0,1,1.0098999999999965,,2025-06-06 12:15:00+00:00,3356.0,STOP LOSS,-1.0,-1.0,4560.833803817683,4515.225465779506
BUY,2025-06-06 14:45:00+00:00,3362.6,3352.66,3352.66,3372.54,3382.48,3392.42,1,90,"['H4 bullish context', 'H1 bullish trend', 'M15 bullish timing', 'Distance filter OK']",SWING_HIGH price=3358.91 zone=(3358.91-3358.91) touches=1 strength=1,SWING_HIGH price=3330.81 zone=(3330.81-3330.81) touches=1 strength=1,SWING_LOW price=3361.01 zone=(3361.01-3361.01) touches=1 strength=1,SWING_LOW price=3356.00 zone=(3356.00-3356.00) touches=1 strength=1,False,,False,,False,,False,,0,3,1.9998010000000022,,2025-06-06 15:30:00+00:00,3352.66,STOP LOSS,-1.0,-1.0,4515.225465779506,4470.07321112171
BUY,2025-06-09 15:15:00+00:00,3315.22,3311.95,3318.49,3318.49,3321.7599999999998,3325.0299999999997,1,75,"['H4 bullish context', 'H1 bullish trend', 'H1 bullish structure', 'Distance filter OK']",SWING_HIGH price=3320.99 zone=(3320.99-3320.99) touches=1 strength=1,SWING_HIGH price=3316.62 zone=(3316.62-3316.62) touches=1 strength=1,SWING_LOW price=3332.93 zone=(3332.93-3332.93) touches=1 strength=1,SWING_LOW price=3316.26 zone=(3316.26-3316.26) touches=1 strength=1,True,2025-06-09 15:30:00+00:00,True,2025-06-09 15:30:00+00:00,True,2025-06-09 15:30:00+00:00,False,,1,1,0.0,,2025-06-09 15:30:00+00:00,3319.27,EXIT SIGNAL,1.2385321100918056,1.2385321100918056,4470.07321112171,4525.436503186064
BUY,2025-06-12 12:30:00+00:00,3360.93,3338.52,3405.7499999999995,3383.3399999999997,3405.7499999999995,3428.1599999999994,1,75,"['H4 bullish context', 'H1 bullish trend', 'H1 bullish structure', 'Distance filter OK']",SWING_HIGH price=3367.53 zone=(3367.53-3367.53) touches=1 strength=1,SWING_HIGH price=3365.09 zone=(3365.09-3365.09) touches=1 strength=1,SWING_LOW price=3370.52 zone=(3370.52-3370.52) touches=1 strength=1,SWING_LOW price=3361.01 zone=(3361.01-3361.01) touches=1 strength=1,True,2025-06-12 13:30:00+00:00,True,2025-06-12 13:30:00+00:00,True,2025-06-13 03:00:00+00:00,True,2025-06-13 04:15:00+00:00,2,97,0.0,,2025-06-13 13:45:00+00:00,3415.58,EXIT SIGNAL,2.438643462739868,2.438643462739868,4525.436503186064,4635.795764631455
BUY,2025-06-13 14:00:00+00:00,3415.58,3407.7,3431.34,3423.46,3431.34,3439.2200000000003,1,75,"['H4 bullish context', 'H1 bullish trend', 'H1 bullish structure', 'Distance filter OK']",SWING_HIGH price=3444.17 zone=(3444.17-3444.17) touches=1 strength=1,SWING_HIGH price=3403.46 zone=(3403.46-3403.46) touches=1 strength=1,None,SWING_LOW price=3407.70 zone=(3407.70-3407.70) touches=1 strength=1,True,2025-06-13 15:00:00+00:00,True,2025-06-13 15:00:00+00:00,True,2025-06-13 15:30:00+00:00,True,2025-06-13 16:00:00+00:00,2,12,0.0,,2025-06-13 17:00:00+00:00,3431.34,PROFIT LOCK TP2,2.0,2.0,4635.795764631455,4728.511679924084
BUY,2025-06-13 18:00:00+00:00,3427.67,3411.45,3411.45,3443.8900000000003,3460.1100000000006,3476.330000000001,1,75,"['H4 bullish context', 'H1 bullish trend', 'H1 bullish structure', 'Distance filter OK']",SWING_HIGH price=3444.17 zone=(3444.17-3444.17) touches=1 strength=1,SWING_HIGH price=3403.46 zone=(3403.46-3403.46) touches=1 strength=1,None,SWING_LOW price=3411.45 zone=(3411.45-3411.45) touches=1 strength=1,False,,False,,False,,False,,0,5,0.0,,2025-06-13 19:15:00+00:00,3427.0,EXIT SIGNAL,-0.04130702836005316,-0.04130702836005316,4728.511679924084,4726.558472263449
BUY,2025-06-13 19:30:00+00:00,3427.0,3411.45,3427.1,3442.55,3458.1000000000004,3473.6500000000005,1,75,"['H4 bullish context', 'H1 bullish trend', 'H1 bullish structure', 'Distance filter OK']",SWING_HIGH price=3444.17 zone=(3444.17-3444.17) touches=1 strength=1,SWING_HIGH price=3403.46 zone=(3403.46-3403.46) touches=1 strength=1,None,SWING_LOW price=3411.45 zone=(3411.45-3411.45) touches=1 strength=1,True,2025-06-16 01:00:00+00:00,True,2025-06-16 01:00:00+00:00,False,,False,,0,41,1.1706173152490955,,2025-06-16 06:45:00+00:00,3431.33,EXIT SIGNAL,0.27845659163986347,0.27845659163986347,4726.558472263449,4739.719885887179
BUY,2025-06-16 07:00:00+00:00,3431.33,3419.08,3419.08,3443.58,3455.83,3468.08,1,75,"['H4 bullish context', 'H1 bullish trend', 'H1 bullish structure', 'Distance filter OK']",SWING_HIGH price=3439.31 zone=(3439.31-3439.31) touches=1 strength=1,SWING_HIGH price=3398.84 zone=(3398.84-3398.84) touches=1 strength=1,None,SWING_LOW price=3419.08 zone=(3419.08-3419.08) touches=1 strength=1,False,,False,,False,,False,,0,3,1.4900984217238866,,2025-06-16 07:45:00+00:00,3427.37,EXIT SIGNAL,-0.32326530612245197,-0.32326530612245197,4739.719885887179,4724.398015888719
BUY,2025-06-16 08:00:00+00:00,3427.37,3419.08,3419.08,3435.66,3443.95,3452.24,1,75,"['H4 bullish context', 'H1 bullish trend', 'H1 bullish structure', 'Distance filter OK']",SWING_HIGH price=3439.31 zone=(3439.31-3439.31) touches=1 strength=1,SWING_HIGH price=3398.84 zone=(3398.84-3398.84) touches=1 strength=1,None,SWING_LOW price=3419.08 zone=(3419.08-3419.08) touches=1 strength=1,False,,False,,False,,False,,0,2,2.475197437506646,,2025-06-16 08:30:00+00:00,3419.08,STOP LOSS,-1.0,-1.0,4724.398015888719,4677.154035729832
BUY,2025-06-16 08:45:00+00:00,3420.6,3419.08,3419.08,3422.12,3423.64,3425.16,1,75,"['H4 bullish context', 'H1 bullish trend', 'H1 bullish structure', 'Distance filter OK']",SWING_HIGH price=3439.31 zone=(3439.31-3439.31) touches=1 strength=1,SWING_HIGH price=3398.84 zone=(3398.84-3398.84) touches=1 strength=1,None,SWING_LOW price=3419.08 zone=(3419.08-3419.08) touches=1 strength=1,False,,False,,False,,False,,0,1,3.4504454631315804,,2025-06-16 09:00:00+00:00,3419.08,STOP LOSS,-1.0,-1.0,4677.154035729832,4630.382495372533
BUY,2025-06-17 03:00:00+00:00,3402.64,3382.64,3382.64,3422.64,3442.64,3462.64,1,90,"['H4 bullish context', 'H1 bullish trend', 'M15 bullish timing', 'Distance filter OK']",SWING_HIGH price=3422.41 zone=(3422.41-3422.41) touches=1 strength=1,SWING_HIGH price=3398.84 zone=(3398.84-3398.84) touches=1 strength=1,SWING_LOW price=3407.70 zone=(3407.70-3407.70) touches=1 strength=1,SWING_LOW price=3382.70 zone=(3382.70-3382.70) touches=1 strength=1,False,,False,,False,,False,,0,12,1.0000000000000095,,2025-06-17 06:00:00+00:00,3382.64,STOP LOSS,-1.0,-1.0,4630.382495372533,4584.078670418808
BUY,2025-06-17 13:15:00+00:00,3391.38,3373.52,3373.52,3409.2400000000002,3427.1000000000004,3444.9600000000005,1,90,"['H4 bullish context', 'H1 bullish trend', 'M15 bullish timing', 'Distance filter OK']",SWING_HIGH price=3398.84 zone=(3398.84-3398.84) touches=1 strength=1,SWING_HIGH price=3389.06 zone=(3389.06-3389.06) touches=1 strength=1,SWING_LOW price=3407.70 zone=(3407.70-3407.70) touches=1 strength=1,SWING_LOW price=3382.70 zone=(3382.70-3382.70) touches=1 strength=1,False,,False,,False,,False,,0,9,1.3231634938409822,,2025-06-17 15:30:00+00:00,3385.55,EXIT SIGNAL,-0.32642777155654457,-0.32642777155654457,4584.078670418808,4569.114964568561
BUY,2025-06-17 16:30:00+00:00,3393.37,3375.6,3375.6,3411.14,3428.91,3446.68,1,90,"['H4 bullish context', 'H1 bullish trend', 'M15 bullish timing', 'Distance filter OK']",SWING_HIGH price=3398.84 zone=(3398.84-3398.84) touches=1 strength=1,SWING_HIGH price=3389.06 zone=(3389.06-3389.06) touches=1 strength=1,SWING_LOW price=3407.70 zone=(3407.70-3407.70) touches=1 strength=1,SWING_LOW price=3382.70 zone=(3382.70-3382.70) touches=1 strength=1,False,,False,,False,,False,,0,3,1.8612493383793602,,2025-06-17 17:15:00+00:00,3383.68,EXIT SIGNAL,-0.5453010692177864,-0.5453010692177864,4569.114964568561,4544.199531812978
BUY,2025-06-17 20:30:00+00:00,3388.08,3365.99,3365.99,3410.17,3432.26,3454.3500000000004,1,90,"['H4 bullish context', 'H1 bullish trend', 'M15 bullish timing', 'Distance filter OK']",SWING_HIGH price=3398.84 zone=(3398.84-3398.84) touches=1 strength=1,SWING_HIGH price=3389.06 zone=(3389.06-3389.06) touches=1 strength=1,SWING_LOW price=3407.70 zone=(3407.70-3407.70) touches=1 strength=1,SWING_LOW price=3382.70 zone=(3382.70-3382.70) touches=1 strength=1,False,,False,,False,,False,,0,11,1.9465487504528294,,2025-06-17 23:15:00+00:00,3386.16,EXIT SIGNAL,-0.08691715708465642,-0.08691715708465642,4544.199531812978,4540.249842767673
BUY,2025-06-18 09:15:00+00:00,3384.05,3370.42,3370.42,3397.6800000000003,3411.3100000000004,3424.9400000000005,1,75,"['H4 bullish context', 'H1 bullish trend', 'H1 bullish structure', 'Distance filter OK']",SWING_HIGH price=3389.06 zone=(3389.06-3389.06) touches=1 strength=1,SWING_HIGH price=3377.57 zone=(3377.57-3377.57) touches=1 strength=1,SWING_LOW price=3382.64 zone=(3382.64-3382.64) touches=1 strength=1,SWING_LOW price=3379.52 zone=(3379.52-3379.52) touches=1 strength=1,False,,False,,False,,False,,0,3,0.19809244314014213,,2025-06-18 10:00:00+00:00,3381.35,EXIT SIGNAL,-0.19809244314015048,-0.19809244314015048,4540.249842767673,4531.255950929468
BUY,2025-06-18 10:15:00+00:00,3381.35,3370.42,3370.42,3392.2799999999997,3403.2099999999996,3414.1399999999994,1,75,"['H4 bullish context', 'H1 bullish trend', 'H1 bullish structure', 'Distance filter OK']",SWING_HIGH price=3389.06 zone=(3389.06-3389.06) touches=1 strength=1,SWING_HIGH price=3377.57 zone=(3377.57-3377.57) touches=1 strength=1,SWING_LOW price=3407.70 zone=(3407.70-3407.70) touches=1 strength=1,SWING_LOW price=3382.70 zone=(3382.70-3382.70) touches=1 strength=1,False,,False,,False,,False,,0,3,0.0,,2025-06-18 11:00:00+00:00,3385.96,EXIT SIGNAL,0.4217749313815367,0.4217749313815367,4531.255950929468,4550.367652607222
BUY,2025-06-18 11:45:00+00:00,3383.93,3370.42,3370.42,3397.4399999999996,3410.9499999999994,3424.459999999999,1,75,"['H4 bullish context', 'H1 bullish trend', 'H1 bullish structure', 'Distance filter OK']",SWING_HIGH price=3389.06 zone=(3389.06-3389.06) touches=1 strength=1,SWING_HIGH price=3377.57 zone=(3377.57-3377.57) touches=1 strength=1,SWING_LOW price=3407.70 zone=(3407.70-3407.70) touches=1 strength=1,SWING_LOW price=3382.70 zone=(3382.70-3382.70) touches=1 strength=1,False,,False,,False,,False,,0,3,0.0,,2025-06-18 12:30:00+00:00,3381.25,EXIT SIGNAL,-0.19837157660990992,-0.19837157660990992,4550.367652607222,4541.341016553198
BUY,2025-06-18 12:45:00+00:00,3381.25,3370.42,3370.42,3392.08,3402.91,3413.74,1,75,"['H4 bullish context', 'H1 bullish trend', 'H1 bullish structure', 'Distance filter OK']",SWING_HIGH price=3389.06 zone=(3389.06-3389.06) touches=1 strength=1,SWING_HIGH price=3377.57 zone=(3377.57-3377.57) touches=1 strength=1,SWING_LOW price=3379.52 zone=(3379.52-3379.52) touches=1 strength=1,SWING_LOW price=3377.72 zone=(3377.72-3377.72) touches=1 strength=1,False,,False,,False,,False,,0,3,0.24195854693068838,,2025-06-18 13:30:00+00:00,3378.37,EXIT SIGNAL,-0.265927977839347,-0.265927977839347,4541.341016553198,4529.264320221089
BUY,2025-06-18 15:45:00+00:00,3388.92,3375.29,3375.29,3402.55,3416.1800000000003,3429.8100000000004,1,90,"['H4 bullish context', 'H1 bullish trend', 'M15 bullish timing', 'Distance filter OK']",SWING_HIGH price=3388.20 zone=(3388.20-3388.20) touches=1 strength=1,SWING_HIGH price=3377.57 zone=(3377.57-3377.57) touches=1 strength=1,SWING_LOW price=3407.70 zone=(3407.70-3407.70) touches=1 strength=1,SWING_LOW price=3382.70 zone=(3382.70-3382.70) touches=1 strength=1,False,,False,,False,,False,,0,6,1.2395389614613919,,2025-06-18 17:15:00+00:00,3375.29,STOP LOSS,-1.0,-1.0,4529.264320221089,4483.971677018878
BUY,2025-06-18 18:15:00+00:00,3385.57,3375.29,3375.29,3395.8500000000004,3406.1300000000006,3416.4100000000008,1,75,"['H4 bullish context', 'H1 bullish trend', 'H1 bullish structure', 'Distance filter OK']",SWING_HIGH price=3396.07 zone=(3396.07-3396.07) touches=1 strength=1,SWING_HIGH price=3392.23 zone=(3392.23-3392.23) touches=1 strength=1,SWING_LOW price=3407.70 zone=(3407.70-3407.70) touches=1 strength=1,SWING_LOW price=3382.70 zone=(3382.70-3382.70) touches=1 strength=1,False,,False,,False,,False,,0,10,1.2770064515441326,,2025-06-18 20:45:00+00:00,3385.18,EXIT SIGNAL,-0.03793774319069259,-0.03793774319069259,4483.971677018878,4482.270559359307
BUY,2025-06-19 03:45:00+00:00,3381.59,3362.4,3362.4,3400.78,3419.9700000000003,3439.1600000000003,1,90,"['H4 bullish context', 'H1 bullish trend', 'M15 bullish timing', 'Distance filter OK']",SWING_HIGH price=3388.20 zone=(3388.20-3388.20) touches=1 strength=1,SWING_HIGH price=3377.57 zone=(3377.57-3377.57) touches=1 strength=1,SWING_LOW price=3379.52 zone=(3379.52-3379.52) touches=1 strength=1,SWING_LOW price=3377.72 zone=(3377.72-3377.72) touches=1 strength=1,False,,False,,False,,False,,0,11,0.3871808233454915,,2025-06-19 06:30:00+00:00,3374.16,EXIT SIGNAL,-0.3871808233455065,-0.3871808233455065,4482.270559359307,4464.916067303007
BUY,2025-06-19 19:30:00+00:00,3369.71,3361.37,3361.37,3378.05,3386.3900000000003,3394.7300000000005,1,90,"['H4 bullish context', 'H1 bullish trend', 'M15 bullish timing', 'Distance filter OK']",SWING_HIGH price=3377.57 zone=(3377.57-3377.57) touches=1 strength=1,SWING_HIGH price=3360.50 zone=(3360.50-3360.50) touches=1 strength=1,SWING_LOW price=3373.52 zone=(3373.52-3373.52) touches=1 strength=1,SWING_LOW price=3370.42 zone=(3370.42-3370.42) touches=1 strength=1,False,,False,,False,,False,,0,9,0.0,,2025-06-20 01:15:00+00:00,3366.27,EXIT SIGNAL,-0.41247002398081467,-0.41247002398081467,4464.916067303007,4446.49962692948
SELL,2025-06-20 15:00:00+00:00,3346.87,3359.02,3359.02,3334.72,3322.5699999999997,3310.4199999999996,1,80,"['H1 bearish trend', 'H1 bearish structure', 'M15 bearish timing', 'Distance filter OK']",SWING_HIGH price=3359.02 zone=(3359.02-3359.02) touches=1 strength=1,None,SWING_LOW price=3347.41 zone=(3347.41-3347.41) touches=1 strength=1,SWING_LOW price=3340.16 zone=(3340.16-3340.16) touches=1 strength=1,False,,False,,False,,False,,0,6,0.8125067853653045,,2025-06-20 16:30:00+00:00,3359.02,STOP LOSS,-1.0,-1.0,4446.49962692948,4402.034630660185
SELL,2025-06-24 16:15:00+00:00,3317.17,3328.71,3317.07,3305.63,3294.09,3282.55,1,80,"['H1 bearish trend', 'H1 bearish structure', 'M15 bearish timing', 'Distance filter OK']",SWING_HIGH price=3328.71 zone=(3328.71-3328.71) touches=1 strength=1,None,SWING_LOW price=3315.87 zone=(3315.87-3315.87) touches=1 strength=1,None,True,2025-06-24 16:30:00+00:00,True,2025-06-24 16:30:00+00:00,False,,False,,0,13,0.0,,2025-06-24 19:30:00+00:00,3317.07,BREAKEVEN,0.008665511265156791,0.008665511265156791,4402.034630660185,4402.416089467
SELL,2025-06-25 17:15:00+00:00,3319.65,3329.31,3329.31,3309.9900000000002,3300.3300000000004,3290.6700000000005,1,80,"['H1 bearish trend', 'H1 bearish structure', 'M15 bearish timing', 'Distance filter OK']",SWING_HIGH price=3328.71 zone=(3328.71-3328.71) touches=1 strength=1,None,SWING_LOW price=3325.62 zone=(3325.62-3325.62) touches=1 strength=1,SWING_LOW price=3321.37 zone=(3321.37-3321.37) touches=1 strength=1,False,,False,,False,,False,,0,4,0.2971014492753637,,2025-06-25 18:15:00+00:00,3322.52,EXIT SIGNAL,-0.2971014492753555,-0.2971014492753555,4402.416089467,4389.336447462062
SELL,2025-06-27 01:15:00+00:00,3324.14,3336.23,3299.9599999999996,3312.0499999999997,3299.9599999999996,3287.8699999999994,1,80,"['H1 bearish trend', 'H1 bearish structure', 'M15 bearish timing', 'Distance filter OK']",SWING_HIGH price=3328.71 zone=(3328.71-3328.71) touches=1 strength=1,None,SWING_LOW price=3321.37 zone=(3321.37-3321.37) touches=1 strength=1,SWING_LOW price=3315.87 zone=(3315.87-3315.87) touches=1 strength=1,True,2025-06-27 05:30:00+00:00,True,2025-06-27 05:30:00+00:00,True,2025-06-27 06:15:00+00:00,True,2025-06-27 09:30:00+00:00,2,105,0.47574339836997565,,2025-06-30 04:30:00+00:00,3271.68,EXIT SIGNAL,4.339123242348999,4.339123242348999,4389.336447462062,4579.795165438784
SELL,2025-07-02 17:00:00+00:00,3337.47,3343.87,3343.87,3331.0699999999997,3324.6699999999996,3318.2699999999995,1,80,"['H1 bearish trend', 'H1 bearish structure', 'M15 bearish timing', 'Distance filter OK']",SWING_HIGH price=3339.80 zone=(3339.80-3339.80) touches=1 strength=1,SWING_HIGH price=3336.87 zone=(3336.87-3336.87) touches=1 strength=1,None,SWING_LOW price=3330.84 zone=(3330.84-3330.84) touches=1 strength=1,False,,False,,False,,False,,0,8,1.0000000000000093,,2025-07-02 19:00:00+00:00,3343.87,STOP LOSS,-1.0,-1.0,4579.795165438784,4533.997213784396
BUY,2025-07-03 03:15:00+00:00,3346.12,3333.89,3333.89,3358.35,3370.58,3382.81,1,75,"['H4 bullish context', 'H1 bullish trend', 'H1 bullish structure', 'Distance filter OK']",SWING_HIGH price=3344.91 zone=(3344.91-3344.91) touches=1 strength=1,SWING_HIGH price=3343.87 zone=(3343.87-3343.87) touches=1 strength=1,None,SWING_LOW price=3333.89 zone=(3333.89-3333.89) touches=1 strength=1,False,,False,,False,,False,,0,3,0.018806214227314356,,2025-07-03 04:00:00+00:00,3345.89,EXIT SIGNAL,-0.018806214227311352,-0.018806214227311352,4533.997213784396,4533.144540555311
BUY,2025-07-03 04:15:00+00:00,3345.89,3333.89,3333.89,3357.89,3369.89,3381.89,1,75,"['H4 bullish context', 'H1 bullish trend', 'H1 bullish structure', 'Distance filter OK']",SWING_HIGH price=3350.08 zone=(3350.08-3350.08) touches=1 strength=1,SWING_HIGH price=3344.91 zone=(3344.91-3344.91) touches=1 strength=1,None,SWING_LOW price=3333.89 zone=(3333.89-3333.89) touches=1 strength=1,False,,False,,False,,False,,0,3,0.0,,2025-07-03 05:00:00+00:00,3347.65,EXIT SIGNAL,0.14666666666668485,0.14666666666668485,4533.144540555311,4539.793152548127
BUY,2025-07-03 05:30:00+00:00,3346.92,3333.89,3347.02,3359.9500000000003,3372.9800000000005,3386.0100000000007,1,75,"['H4 bullish context', 'H1 bullish trend', 'H1 bullish structure', 'Distance filter OK']",SWING_HIGH price=3351.12 zone=(3351.12-3351.12) touches=1 strength=1,SWING_HIGH price=3350.08 zone=(3350.08-3350.08) touches=1 strength=1,None,SWING_LOW price=3333.89 zone=(3333.89-3333.89) touches=1 strength=1,True,2025-07-03 08:45:00+00:00,True,2025-07-03 08:45:00+00:00,False,,False,,0,28,0.0,,2025-07-03 12:30:00+00:00,3347.02,BREAKEVEN,0.00767459708364601,0.00767459708364601,4539.793152548127,4540.141563381016
BUY,2025-07-04 06:30:00+00:00,3332.68,3323.39,3332.7799999999997,3341.97,3351.2599999999998,3360.5499999999997,1,90,"['H4 bullish context', 'H1 bullish trend', 'M15 bullish timing', 'Distance filter OK']",SWING_HIGH price=3339.80 zone=(3339.80-3339.80) touches=1 strength=1,SWING_HIGH price=3336.23 zone=(3336.23-3336.23) touches=1 strength=1,SWING_LOW price=3341.92 zone=(3341.92-3341.92) touches=1 strength=1,SWING_LOW price=3333.89 zone=(3333.89-3333.89) touches=1 strength=1,True,2025-07-04 07:15:00+00:00,True,2025-07-04 07:15:00+00:00,False,,False,,0,25,0.0,,2025-07-04 12:45:00+00:00,3334.26,EXIT SIGNAL,0.17007534983857783,0.17007534983857783,4540.141563381016,4547.8632250281025
BUY,2025-07-04 13:15:00+00:00,3334.88,3325.95,3325.95,3343.8100000000004,3352.7400000000007,3361.670000000001,1,75,"['H4 bullish context', 'H1 bullish trend', 'H1 bullish structure', 'Distance filter OK']",SWING_HIGH price=3342.95 zone=(3342.95-3342.95) touches=1 strength=1,SWING_HIGH price=3336.23 zone=(3336.23-3336.23) touches=1 strength=1,SWING_LOW price=3341.92 zone=(3341.92-3341.92) touches=1 strength=1,SWING_LOW price=3333.89 zone=(3333.89-3333.89) touches=1 strength=1,False,,False,,False,,False,,0,3,0.0,,2025-07-04 14:00:00+00:00,3335.55,EXIT SIGNAL,0.07502799552072238,0.07502799552072238,4547.8632250281025,4551.275395644865
BUY,2025-07-04 14:15:00+00:00,3335.55,3325.95,3325.95,3345.1500000000005,3354.750000000001,3364.3500000000013,1,75,"['H4 bullish context', 'H1 bullish trend', 'H1 bullish structure', 'Distance filter OK']",SWING_HIGH price=3334.59 zone=(3334.59-3334.59) touches=1 strength=1,SWING_HIGH price=3296.58 zone=(3296.58-3296.58) touches=1 strength=1,SWING_LOW price=3341.92 zone=(3341.92-3341.92) touches=1 strength=1,SWING_LOW price=3333.89 zone=(3333.89-3333.89) touches=1 strength=1,False,,False,,False,,False,,0,3,0.0,,2025-07-04 15:00:00+00:00,3336.34,EXIT SIGNAL,0.08229166666665975,0.08229166666665975,4551.275395644865,4555.020716022531
BUY,2025-07-04 15:15:00+00:00,3336.34,3325.95,3325.95,3346.7300000000005,3357.120000000001,3367.510000000001,1,75,"['H4 bullish context', 'H1 bullish trend', 'H1 bullish structure', 'Distance filter OK']",SWING_HIGH price=3334.59 zone=(3334.59-3334.59) touches=1 strength=1,SWING_HIGH price=3296.58 zone=(3296.58-3296.58) touches=1 strength=1,SWING_LOW price=3333.89 zone=(3333.89-3333.89) touches=1 strength=1,SWING_LOW price=3330.84 zone=(3330.84-3330.84) touches=1 strength=1,False,,False,,False,,False,,0,3,0.0,,2025-07-04 16:00:00+00:00,3333.45,EXIT SIGNAL,-0.2781520692974241,-0.2781520692974241,4555.020716022531,4542.350831643988
BUY,2025-07-04 16:45:00+00:00,3337.58,3325.95,3325.95,3349.21,3360.84,3372.4700000000003,1,75,"['H4 bullish context', 'H1 bullish trend', 'H1 bullish structure', 'Distance filter OK']",SWING_HIGH price=3334.59 zone=(3334.59-3334.59) touches=1 strength=1,SWING_HIGH price=3296.58 zone=(3296.58-3296.58) touches=1 strength=1,SWING_LOW price=3333.89 zone=(3333.89-3333.89) touches=1 strength=1,SWING_LOW price=3330.84 zone=(3330.84-3330.84) touches=1 strength=1,False,,False,,False,,False,,0,3,0.5036284745967023,,2025-07-04 17:30:00+00:00,3331.16,EXIT SIGNAL,-0.5520206362854697,-0.5520206362854697,4542.350831643988,4517.276117680829
BUY,2025-07-04 17:45:00+00:00,3331.16,3325.95,3325.95,3336.37,3341.58,3346.79,1,75,"['H4 bullish context', 'H1 bullish trend', 'H1 bullish structure', 'Distance filter OK']",SWING_HIGH price=3334.59 zone=(3334.59-3334.59) touches=1 strength=1,SWING_HIGH price=3296.58 zone=(3296.58-3296.58) touches=1 strength=1,SWING_LOW price=3333.89 zone=(3333.89-3333.89) touches=1 strength=1,SWING_LOW price=3330.84 zone=(3330.84-3330.84) touches=1 strength=1,False,,False,,False,,False,,0,3,0.1808859258866413,,2025-07-04 18:30:00+00:00,3332.85,EXIT SIGNAL,0.32437619961613107,0.32437619961613107,4517.276117680829,4531.92908627753
BUY,2025-07-07 01:15:00+00:00,3338.11,3330.66,3330.66,3345.5600000000004,3353.0100000000007,3360.460000000001,1,90,"['H4 bullish context', 'H1 bullish trend', 'M15 bullish timing', 'Distance filter OK']",SWING_HIGH price=3334.59 zone=(3334.59-3334.59) touches=1 strength=1,SWING_HIGH price=3296.58 zone=(3296.58-3296.58) touches=1 strength=1,SWING_LOW price=3333.89 zone=(3333.89-3333.89) touches=1 strength=1,SWING_LOW price=3330.66 zone=(3330.66-3330.66) touches=1 strength=1,False,,False,,False,,False,,0,3,0.9999999999999987,,2025-07-07 02:00:00+00:00,3330.66,STOP LOSS,-1.0,-1.0,4531.92908627753,4486.609795414754
SELL,2025-07-07 15:15:00+00:00,3302.72,3314.94,3314.94,3290.4999999999995,3278.2799999999993,3266.059999999999,1,80,"['H1 bearish trend', 'H1 bearish structure', 'M15 bearish timing', 'Distance filter OK']",SWING_HIGH price=3314.94 zone=(3314.94-3314.94) touches=1 strength=1,SWING_HIGH price=3296.58 zone=(3296.58-3296.58) touches=1 strength=1,SWING_LOW price=3311.38 zone=(3311.38-3311.38) touches=1 strength=1,SWING_LOW price=3305.08 zone=(3305.08-3305.08) touches=1 strength=1,False,,False,,False,,False,,0,5,1.6870049099836237,,2025-07-07 16:30:00+00:00,3311.2,EXIT SIGNAL,-0.6939443535188087,-0.6939443535188087,4486.609795414754,4455.475220075052
SELL,2025-07-09 08:30:00+00:00,3292.19,3307.79,3307.79,3276.59,3260.9900000000002,3245.3900000000003,1,80,"['H1 bearish trend', 'H1 bearish structure', 'M15 bearish timing', 'Distance filter OK']",SWING_HIGH price=3307.79 zone=(3307.79-3307.79) touches=1 strength=1,None,SWING_LOW price=3296.26 zone=(3296.26-3296.26) touches=1 strength=1,SWING_LOW price=3286.87 zone=(3286.87-3286.87) touches=1 strength=1,False,,False,,False,,False,,0,22,0.053205128205122285,,2025-07-09 14:00:00+00:00,3293.02,EXIT SIGNAL,-0.05320512820512385,-0.05320512820512385,4455.475220075052,4453.104678772063
SELL,2025-07-09 14:15:00+00:00,3293.02,3297.62,3288.42,3288.42,3283.82,3279.2200000000003,1,75,"['H4 bearish context', 'H1 bearish trend', 'H1 bearish structure', 'Distance filter OK']",SWING_HIGH price=3297.62 zone=(3297.62-3297.62) touches=1 strength=1,None,SWING_LOW price=3286.87 zone=(3286.87-3286.87) touches=1 strength=1,SWING_LOW price=3284.75 zone=(3284.75-3284.75) touches=1 strength=1,True,2025-07-09 14:30:00+00:00,True,2025-07-09 14:30:00+00:00,True,2025-07-09 14:45:00+00:00,False,,1,3,0.0,,2025-07-09 15:00:00+00:00,3288.42,PROFIT LOCK TP1,1.0,1.0,4453.104678772063,4497.635725559784
SELL,2025-07-09 15:15:00+00:00,3291.32,3297.62,3297.62,3285.0200000000004,3278.7200000000007,3272.420000000001,1,75,"['H4 bearish context', 'H1 bearish trend', 'H1 bearish structure', 'Distance filter OK']",SWING_HIGH price=3297.62 zone=(3297.62-3297.62) touches=1 strength=1,None,SWING_LOW price=3296.26 zone=(3296.26-3296.26) touches=1 strength=1,SWING_LOW price=3286.87 zone=(3286.87-3286.87) touches=1 strength=1,False,,False,,False,,False,,0,3,0.06319980769229444,,2025-07-09 16:00:00+00:00,3297.62,STOP LOSS,-1.0,-1.0,4497.635725559784,4452.6593683041865
SELL,2025-07-10 15:15:00+00:00,3319.04,3326.12,3326.12,3311.96,3304.88,3297.8,1,90,"['H4 bearish context', 'H1 bearish trend', 'M15 bearish timing', 'Distance filter OK']",SWING_HIGH price=3326.12 zone=(3326.12-3326.12) touches=1 strength=1,SWING_HIGH price=3314.94 zone=(3314.94-3314.94) touches=1 strength=1,SWING_LOW price=3325.95 zone=(3325.95-3325.95) touches=1 strength=1,SWING_LOW price=3323.39 zone=(3323.39-3323.39) touches=1 strength=1,False,,False,,False,,False,,0,3,1.0000000000000016,,2025-07-10 16:00:00+00:00,3326.12,STOP LOSS,-1.0,-1.0,4452.6593683041865,4408.132774621145
SELL,2025-07-10 16:45:00+00:00,3321.14,3330.05,3321.04,3312.2299999999996,3303.3199999999993,3294.409999999999,1,90,"['H4 bearish context', 'H1 bearish trend', 'M15 bearish timing', 'Distance filter OK']",SWING_HIGH price=3314.94 zone=(3314.94-3314.94) touches=1 strength=1,SWING_HIGH price=3310.19 zone=(3310.19-3310.19) touches=1 strength=1,SWING_LOW price=3314.65 zone=(3314.65-3314.65) touches=1 strength=1,SWING_LOW price=3311.38 zone=(3311.38-3311.38) touches=1 strength=1,True,2025-07-10 17:00:00+00:00,True,2025-07-10 17:00:00+00:00,False,,False,,0,2,0.9888888888888886,,2025-07-10 17:15:00+00:00,3321.04,BREAKEVEN,0.011223344556667294,0.011223344556667294,4408.132774621145,4408.627514550956
SELL,2025-07-10 17:30:00+00:00,3312.99,3330.05,3330.05,3295.9299999999994,3278.869999999999,3261.8099999999986,1,90,"['H4 bearish context', 'H1 bearish trend', 'M15 bearish timing', 'Distance filter OK']",SWING_HIGH price=3314.94 zone=(3314.94-3314.94) touches=1 strength=1,SWING_HIGH price=3310.19 zone=(3310.19-3310.19) touches=1 strength=1,SWING_LOW price=3319.69 zone=(3319.69-3319.69) touches=1 strength=1,SWING_LOW price=3314.65 zone=(3314.65-3314.65) touches=1 strength=1,False,,False,,False,,False,,0,18,1.6528320958707612,,2025-07-10 22:00:00+00:00,3324.43,EXIT SIGNAL,-0.6705744431418398,-0.6705744431418398,4408.627514550956,4379.064385145059
BUY,2025-07-11 14:30:00+00:00,3344.79,3330.92,3358.66,3358.66,3372.5299999999997,3386.3999999999996,1,85,"['H4 bullish context', 'H1 bullish trend', 'H1 bullish structure', 'M15 bullish timing']",SWING_HIGH price=3363.72 zone=(3363.72-3363.72) touches=1 strength=1,SWING_HIGH price=3345.59 zone=(3345.59-3345.59) touches=1 strength=1,None,SWING_LOW price=3341.92 zone=(3341.92-3341.92) touches=1 strength=1,True,2025-07-11 16:30:00+00:00,True,2025-07-11 16:30:00+00:00,True,2025-07-14 02:00:00+00:00,False,,1,52,0.5155773969733064,,2025-07-14 04:30:00+00:00,3358.66,PROFIT LOCK TP1,1.0,1.0,4379.064385145059,4422.85502899651
BUY,2025-07-14 04:45:00+00:00,3359.79,3349.04,3349.04,3370.54,3381.29,3392.04,1,75,"['H4 bullish context', 'H1 bullish trend', 'H1 bullish structure', 'Distance filter OK']",SWING_HIGH price=3368.58 zone=(3368.58-3368.58) touches=1 strength=1,SWING_HIGH price=3345.59 zone=(3345.59-3345.59) touches=1 strength=1,None,SWING_LOW price=3349.04 zone=(3349.04-3349.04) touches=1 strength=1,False,,False,,False,,False,,0,4,0.7339804084553134,,2025-07-14 05:45:00+00:00,3357.43,EXIT SIGNAL,-0.21953488372094207,-0.21953488372094207,4422.85502899651,4413.145319351456
BUY,2025-07-14 06:00:00+00:00,3357.43,3349.04,3349.04,3365.8199999999997,3374.2099999999996,3382.5999999999995,1,75,"['H4 bullish context', 'H1 bullish trend', 'H1 bullish structure', 'Distance filter OK']",SWING_HIGH price=3368.58 zone=(3368.58-3368.58) touches=1 strength=1,SWING_HIGH price=3345.59 zone=(3345.59-3345.59) touches=1 strength=1,None,SWING_LOW price=3349.04 zone=(3349.04-3349.04) touches=1 strength=1,False,,False,,False,,False,,0,3,0.7884051629393617,,2025-07-14 06:45:00+00:00,3356.97,EXIT SIGNAL,-0.05482717520858681,-0.05482717520858681,4413.145319351456,4410.725716435006
BUY,2025-07-14 07:00:00+00:00,3356.97,3349.04,3349.04,3364.8999999999996,3372.8299999999995,3380.7599999999993,1,75,"['H4 bullish context', 'H1 bullish trend', 'H1 bullish structure', 'Distance filter OK']",SWING_HIGH price=3368.58 zone=(3368.58-3368.58) touches=1 strength=1,SWING_HIGH price=3345.59 zone=(3345.59-3345.59) touches=1 strength=1,None,SWING_LOW price=3349.04 zone=(3349.04-3349.04) touches=1 strength=1,False,,False,,False,,False,,0,6,0.689568895699363,,2025-07-14 08:30:00+00:00,3357.76,EXIT SIGNAL,0.09962168978567902,0.09962168978567902,4410.725716435006,4415.11975592553
BUY,2025-07-14 08:45:00+00:00,3357.76,3349.04,3357.86,3366.4800000000005,3375.2000000000007,3383.920000000001,1,75,"['H4 bullish context', 'H1 bullish trend', 'H1 bullish structure', 'Distance filter OK']",SWING_HIGH price=3368.58 zone=(3368.58-3368.58) touches=1 strength=1,SWING_HIGH price=3345.59 zone=(3345.59-3345.59) touches=1 strength=1,None,SWING_LOW price=3349.04 zone=(3349.04-3349.04) touches=1 strength=1,True,2025-07-14 09:45:00+00:00,True,2025-07-14 09:45:00+00:00,False,,False,,0,25,0.19187785908724334,,2025-07-14 15:00:00+00:00,3362.13,EXIT SIGNAL,0.5011467889907986,0.5011467889907986,4415.11975592553,4437.245986812449
BUY,2025-07-15 06:15:00+00:00,3353.93,3340.89,3340.89,3366.97,3380.0099999999998,3393.0499999999997,1,90,"['H4 bullish context', 'H1 bullish trend', 'M15 bullish timing', 'Distance filter OK']",SWING_HIGH price=3368.58 zone=(3368.58-3368.58) touches=1 strength=1,SWING_HIGH price=3351.49 zone=(3351.49-3351.49) touches=1 strength=1,None,SWING_LOW price=3353.73 zone=(3353.73-3353.73) touches=1 strength=1,False,,False,,False,,False,,0,33,0.0,,2025-07-15 14:30:00+00:00,3356.79,EXIT SIGNAL,0.2193251533742435,0.2193251533742435,4437.245986812449,4446.977983378618
BUY,2025-07-15 14:45:00+00:00,3356.79,3356.53,3356.53,3357.0499999999997,3357.3099999999995,3357.5699999999993,1,75,"['H4 bullish context', 'H1 bullish trend', 'H1 bullish structure', 'Distance filter OK']",SWING_HIGH price=3365.53 zone=(3365.53-3365.53) touches=1 strength=1,SWING_HIGH price=3351.49 zone=(3351.49-3351.49) touches=1 strength=1,SWING_LOW price=3356.53 zone=(3356.53-3356.53) touches=1 strength=1,SWING_LOW price=3353.73 zone=(3353.73-3353.73) touches=1 strength=1,False,,False,,False,,False,,0,1,0.782868098159503,,2025-07-15 15:00:00+00:00,3356.53,STOP LOSS,-1.0,-1.0,4446.977983378618,4402.508203544831
BUY,2025-07-16 07:15:00+00:00,3333.68,3324.91,3333.7799999999997,3342.45,3351.22,3359.99,1,90,"['H4 bullish context', 'H1 bullish trend', 'M15 bullish timing', 'Distance filter OK']",SWING_HIGH price=3339.26 zone=(3339.26-3339.26) touches=1 strength=1,SWING_HIGH price=3337.79 zone=(3337.79-3337.79) touches=1 strength=1,SWING_LOW price=3340.89 zone=(3340.89-3340.89) touches=1 strength=1,SWING_LOW price=3330.92 zone=(3330.92-3330.92) touches=1 strength=1,True,2025-07-16 11:00:00+00:00,True,2025-07-16 11:00:00+00:00,False,,False,,0,27,0.0,,2025-07-16 14:00:00+00:00,3335.8,EXIT SIGNAL,0.24173318129992588,0.24173318129992588,4402.508203544831,4413.1505266822505
BUY,2025-07-16 14:15:00+00:00,3335.8,3324.91,3324.91,3346.6900000000005,3357.580000000001,3368.470000000001,1,75,"['H4 bullish context', 'H1 bullish trend', 'H1 bullish structure', 'Distance filter OK']",SWING_HIGH price=3339.26 zone=(3339.26-3339.26) touches=1 strength=1,SWING_HIGH price=3337.79 zone=(3337.79-3337.79) touches=1 strength=1,SWING_LOW price=3340.89 zone=(3340.89-3340.89) touches=1 strength=1,SWING_LOW price=3330.92 zone=(3330.92-3330.92) touches=1 strength=1,False,,False,,False,,False,,0,5,0.0,,2025-07-16 15:30:00+00:00,3333.86,EXIT SIGNAL,-0.17814508723599598,-0.17814508723599598,4413.1505266822505,4405.288715826637
BUY,2025-07-16 16:15:00+00:00,3334.25,3324.91,3324.91,3343.59,3352.9300000000003,3362.2700000000004,1,75,"['H4 bullish context', 'H1 bullish trend', 'H1 bullish structure', 'Distance filter OK']",SWING_HIGH price=3329.65 zone=(3329.65-3329.65) touches=1 strength=1,SWING_HIGH price=3326.12 zone=(3326.12-3326.12) touches=1 strength=1,SWING_LOW price=3327.22 zone=(3327.22-3327.22) touches=1 strength=1,SWING_LOW price=3324.91 zone=(3324.91-3324.91) touches=1 strength=1,False,,False,,False,,False,,0,2,0.9374741163055459,,2025-07-16 16:45:00+00:00,3324.91,STOP LOSS,-1.0,-1.0,4405.288715826637,4361.23582866837
BUY,2025-07-16 17:15:00+00:00,3325.83,3324.91,3324.91,3326.75,3327.67,3328.59,1,75,"['H4 bullish context', 'H1 bullish trend', 'H1 bullish structure', 'Distance filter OK']",SWING_HIGH price=3339.26 zone=(3339.26-3339.26) touches=1 strength=1,SWING_HIGH price=3336.02 zone=(3336.02-3336.02) touches=1 strength=1,SWING_LOW price=3340.89 zone=(3340.89-3340.89) touches=1 strength=1,SWING_LOW price=3330.92 zone=(3330.92-3330.92) touches=1 strength=1,False,,False,,False,,False,,0,1,1.9280993751424964,,2025-07-16 17:30:00+00:00,3324.91,STOP LOSS,-1.0,-1.0,4361.23582866837,4317.623470381686
BUY,2025-07-16 17:45:00+00:00,3325.16,3324.91,3325.66,3325.41,3325.66,3325.91,1,75,"['H4 bullish context', 'H1 bullish trend', 'H1 bullish structure', 'Distance filter OK']",SWING_HIGH price=3339.26 zone=(3339.26-3339.26) touches=1 strength=1,SWING_HIGH price=3336.02 zone=(3336.02-3336.02) touches=1 strength=1,SWING_LOW price=3340.89 zone=(3340.89-3340.89) touches=1 strength=1,SWING_LOW price=3330.92 zone=(3330.92-3330.92) touches=1 strength=1,True,2025-07-16 18:00:00+00:00,True,2025-07-16 18:00:00+00:00,True,2025-07-16 18:00:00+00:00,True,2025-07-16 18:00:00+00:00,2,25,4.500000000000101,DAILY HARD STOP,2025-07-17 01:00:00+00:00,3348.58805,DAILY HARD STOP,93.71219999999994,93.71219999999994,4317.623470381686,8363.76341219271
BUY,2025-07-18 19:15:00+00:00,3351.4,3351.16,3351.8800000000006,3351.6400000000003,3351.8800000000006,3352.120000000001,1,75,"['H4 bullish context', 'H1 bullish trend', 'H1 bullish structure', 'Distance filter OK']",SWING_HIGH price=3357.11 zone=(3357.11-3357.11) touches=1 strength=1,SWING_HIGH price=3352.01 zone=(3352.01-3352.01) touches=1 strength=1,SWING_LOW price=3353.73 zone=(3353.73-3353.73) touches=1 strength=1,SWING_LOW price=3351.16 zone=(3351.16-3351.16) touches=1 strength=1,True,2025-07-18 19:30:00+00:00,True,2025-07-18 19:30:00+00:00,True,2025-07-18 19:30:00+00:00,True,2025-07-18 19:30:00+00:00,2,4,0.0,,2025-07-18 20:15:00+00:00,3351.8800000000006,PROFIT LOCK TP2,2.0,2.0,8363.76341219271,8531.038680436564
BUY,2025-07-18 20:30:00+00:00,3351.78,3351.16,3351.16,3352.4000000000005,3353.020000000001,3353.6400000000012,1,75,"['H4 bullish context', 'H1 bullish trend', 'H1 bullish structure', 'Distance filter OK']",SWING_HIGH price=3357.11 zone=(3357.11-3357.11) touches=1 strength=1,SWING_HIGH price=3352.01 zone=(3352.01-3352.01) touches=1 strength=1,SWING_LOW price=3353.73 zone=(3353.73-3353.73) touches=1 strength=1,SWING_LOW price=3351.16 zone=(3351.16-3351.16) touches=1 strength=1,False,,False,,False,,False,,0,1,0.0,,2025-07-18 20:45:00+00:00,3351.16,STOP LOSS,-1.0,-1.0,8531.038680436564,8445.728293632199
BUY,2025-07-18 21:00:00+00:00,3352.22,3351.16,3351.16,3353.2799999999997,3354.3399999999997,3355.3999999999996,1,75,"['H4 bullish context', 'H1 bullish trend', 'H1 bullish structure', 'Distance filter OK']",SWING_HIGH price=3357.11 zone=(3357.11-3357.11) touches=1 strength=1,SWING_HIGH price=3352.01 zone=(3352.01-3352.01) touches=1 strength=1,SWING_LOW price=3353.73 zone=(3353.73-3353.73) touches=1 strength=1,SWING_LOW price=3351.16 zone=(3351.16-3351.16) touches=1 strength=1,False,,False,,False,,False,,0,1,0.029799999999992815,,2025-07-18 21:15:00+00:00,3351.16,STOP LOSS,-1.0,-1.0,8445.728293632199,8361.271010695877
BUY,2025-07-18 21:30:00+00:00,3351.75,3351.16,3351.16,3352.34,3352.9300000000003,3353.5200000000004,1,75,"['H4 bullish context', 'H1 bullish trend', 'H1 bullish structure', 'Distance filter OK']",SWING_HIGH price=3351.49 zone=(3351.49-3351.49) touches=1 strength=1,SWING_HIGH price=3344.56 zone=(3344.56-3344.56) touches=1 strength=1,SWING_LOW price=3353.73 zone=(3353.73-3353.73) touches=1 strength=1,SWING_LOW price=3351.16 zone=(3351.16-3351.16) touches=1 strength=1,False,,False,,False,,False,,0,1,1.0295020000000032,,2025-07-18 21:45:00+00:00,3351.16,STOP LOSS,-1.0,-1.0,8361.271010695877,8277.658300588917
BUY,2025-07-21 03:15:00+00:00,3350.16,3344.82,3350.2599999999998,3355.4999999999995,3360.8399999999992,3366.179999999999,1,90,"['H4 bullish context', 'H1 bullish trend', 'M15 bullish timing', 'Distance filter OK']",SWING_HIGH price=3357.11 zone=(3357.11-3357.11) touches=1 strength=1,SWING_HIGH price=3352.01 zone=(3352.01-3352.01) touches=1 strength=1,SWING_LOW price=3353.73 zone=(3353.73-3353.73) touches=1 strength=1,SWING_LOW price=3351.16 zone=(3351.16-3351.16) touches=1 strength=1,True,2025-07-21 04:00:00+00:00,True,2025-07-21 04:00:00+00:00,False,,False,,0,15,0.0,,2025-07-21 07:00:00+00:00,3351.06,EXIT SIGNAL,0.1685393258427234,0.1685393258427234,8277.658300588917,8291.609410084295
BUY,2025-07-22 02:45:00+00:00,3394.44,3391.56,3391.56,3397.32,3400.2000000000003,3403.0800000000004,1,75,"['H4 bullish context', 'H1 bullish trend', 'H1 bullish structure', 'Distance filter OK']",SWING_HIGH price=3401.54 zone=(3401.54-3401.54) touches=1 strength=1,SWING_HIGH price=3377.33 zone=(3377.33-3377.33) touches=1 strength=1,None,SWING_LOW price=3391.56 zone=(3391.56-3391.56) touches=1 strength=1,False,,False,,False,,False,,0,1,1.000000000000002,,2025-07-22 03:00:00+00:00,3391.56,STOP LOSS,-1.0,-1.0,8291.609410084295,8208.693315983452
BUY,2025-07-22 03:30:00+00:00,3394.96,3391.56,3391.56,3398.36,3401.76,3405.1600000000003,1,75,"['H4 bullish context', 'H1 bullish trend', 'H1 bullish structure', 'Distance filter OK']",SWING_HIGH price=3401.54 zone=(3401.54-3401.54) touches=1 strength=1,SWING_HIGH price=3377.33 zone=(3377.33-3377.33) touches=1 strength=1,None,SWING_LOW price=3391.56 zone=(3391.56-3391.56) touches=1 strength=1,False,,False,,False,,False,,0,2,1.989999999999998,,2025-07-22 04:00:00+00:00,3391.56,STOP LOSS,-1.0,-1.0,8208.693315983452,8126.606382823617
BUY,2025-07-22 04:15:00+00:00,3392.21,3391.56,3391.56,3392.86,3393.51,3394.1600000000003,1,75,"['H4 bullish context', 'H1 bullish trend', 'H1 bullish structure', 'Distance filter OK']",SWING_HIGH price=3401.54 zone=(3401.54-3401.54) touches=1 strength=1,SWING_HIGH price=3377.33 zone=(3377.33-3377.33) touches=1 strength=1,SWING_LOW price=3391.56 zone=(3391.56-3391.56) touches=1 strength=1,SWING_LOW price=3356.53 zone=(3356.53-3356.53) touches=1 strength=1,False,,False,,False,,False,,0,1,2.970099999999995,,2025-07-22 04:30:00+00:00,3391.56,STOP LOSS,-1.0,-1.0,8126.606382823617,8045.3403189953815
BUY,2025-07-22 07:00:00+00:00,3392.7,3385.22,3385.22,3400.18,3407.66,3415.14,1,90,"['H4 bullish context', 'H1 bullish trend', 'M15 bullish timing', 'Distance filter OK']",SWING_HIGH price=3401.54 zone=(3401.54-3401.54) touches=1 strength=1,SWING_HIGH price=3377.33 zone=(3377.33-3377.33) touches=1 strength=1,None,SWING_LOW price=3391.56 zone=(3391.56-3391.56) touches=1 strength=1,False,,False,,False,,False,,0,3,3.1789477794117174,,2025-07-22 07:45:00+00:00,3391.09,EXIT SIGNAL,-0.21524064171118565,-0.21524064171118565,8045.3403189953815,8028.023476864927
BUY,2025-07-23 07:15:00+00:00,3423.02,3419.26,3419.26,3426.7799999999997,3430.5399999999995,3434.2999999999993,1,75,"['H4 bullish context', 'H1 bullish trend', 'H1 bullish structure', 'Distance filter OK']",SWING_HIGH price=3433.53 zone=(3433.53-3433.53) touches=1 strength=1,SWING_HIGH price=3402.67 zone=(3402.67-3402.67) touches=1 strength=1,None,SWING_LOW price=3419.26 zone=(3419.26-3419.26) touches=1 strength=1,False,,False,,False,,False,,0,4,0.12234042553192628,,2025-07-23 08:15:00+00:00,3422.56,EXIT SIGNAL,-0.12234042553193226,-0.12234042553193226,8028.023476864927,8018.2019587815275
BUY,2025-07-23 08:30:00+00:00,3422.56,3419.26,3419.26,3425.8599999999997,3429.1599999999994,3432.459999999999,1,75,"['H4 bullish context', 'H1 bullish trend', 'H1 bullish structure', 'Distance filter OK']",SWING_HIGH price=3433.53 zone=(3433.53-3433.53) touches=1 strength=1,SWING_HIGH price=3402.67 zone=(3402.67-3402.67) touches=1 strength=1,None,SWING_LOW price=3419.26 zone=(3419.26-3419.26) touches=1 strength=1,False,,False,,False,,False,,0,1,1.1211170212766082,,2025-07-23 08:45:00+00:00,3419.26,STOP LOSS,-1.0,-1.0,8018.2019587815275,7938.019939193712
BUY,2025-07-23 09:00:00+00:00,3420.45,3419.26,3422.829999999999,3421.6399999999994,3422.829999999999,3424.0199999999986,1,75,"['H4 bullish context', 'H1 bullish trend', 'H1 bullish structure', 'Distance filter OK']",SWING_HIGH price=3433.53 zone=(3433.53-3433.53) touches=1 strength=1,SWING_HIGH price=3402.67 zone=(3402.67-3402.67) touches=1 strength=1,None,SWING_LOW price=3419.26 zone=(3419.26-3419.26) touches=1 strength=1,True,2025-07-23 09:15:00+00:00,True,2025-07-23 09:15:00+00:00,True,2025-07-23 09:15:00+00:00,True,2025-07-23 09:15:00+00:00,2,2,0.0,,2025-07-23 09:30:00+00:00,3422.829999999999,PROFIT LOCK TP2,2.0,2.0,7938.019939193712,8096.780337977587
BUY,2025-07-23 10:15:00+00:00,3428.4,3416.42,3416.42,3440.38,3452.36,3464.34,1,90,"['H4 bullish context', 'H1 bullish trend', 'M15 bullish timing', 'Distance filter OK']",SWING_HIGH price=3433.53 zone=(3433.53-3433.53) touches=1 strength=1,SWING_HIGH price=3402.67 zone=(3402.67-3402.67) touches=1 strength=1,None,SWING_LOW price=3419.26 zone=(3419.26-3419.26) touches=1 strength=1,False,,False,,False,,False,,0,13,0.0,,2025-07-23 13:30:00+00:00,3422.68,EXIT SIGNAL,-0.47746243739567995,-0.47746243739567995,8096.780337977587,8058.121253225305
BUY,2025-07-23 15:00:00+00:00,3427.94,3416.42,3416.42,3439.46,3450.98,3462.5,1,90,"['H4 bullish context', 'H1 bullish trend', 'M15 bullish timing', 'Distance filter OK']",SWING_HIGH price=3433.53 zone=(3433.53-3433.53) touches=1 strength=1,SWING_HIGH price=3402.67 zone=(3402.67-3402.67) touches=1 strength=1,None,SWING_LOW price=3419.26 zone=(3419.26-3419.26) touches=1 strength=1,False,,False,,False,,False,,0,4,0.6288401661673955,,2025-07-23 16:00:00+00:00,3416.42,STOP LOSS,-1.0,-1.0,8058.121253225305,7977.540040693052
BUY,2025-07-24 22:15:00+00:00,3371.5,3366.03,3366.03,3376.97,3382.4399999999996,3387.9099999999994,1,90,"['H4 bullish context', 'H1 bullish trend', 'M15 bullish timing', 'Distance filter OK']",SWING_HIGH price=3370.56 zone=(3370.56-3370.56) touches=1 strength=1,SWING_HIGH price=3361.26 zone=(3361.26-3361.26) touches=1 strength=1,SWING_LOW price=3381.22 zone=(3381.22-3381.22) touches=1 strength=1,SWING_LOW price=3366.03 zone=(3366.03-3366.03) touches=1 strength=1,False,,False,,False,,False,,0,4,0.3711151736746357,,2025-07-24 23:15:00+00:00,3369.47,EXIT SIGNAL,-0.3711151736746388,-0.3711151736746388,7977.540040693052,7947.9341791160705
BUY,2025-07-25 03:15:00+00:00,3370.24,3365.08,3365.08,3375.3999999999996,3380.5599999999995,3385.7199999999993,1,90,"['H4 bullish context', 'H1 bullish trend', 'M15 bullish timing', 'Distance filter OK']",SWING_HIGH price=3377.19 zone=(3377.19-3377.19) touches=1 strength=1,SWING_HIGH price=3370.56 zone=(3370.56-3370.56) touches=1 strength=1,SWING_LOW price=3381.22 zone=(3381.22-3381.22) touches=1 strength=1,SWING_LOW price=3366.03 zone=(3366.03-3366.03) touches=1 strength=1,False,,False,,False,,False,,0,6,0.0,,2025-07-25 04:45:00+00:00,3370.87,EXIT SIGNAL,0.12209302325583855,0.12209302325583855,7947.9341791160705,7957.638052241737
BUY,2025-07-25 05:00:00+00:00,3370.87,3365.08,3365.08,3376.66,3382.45,3388.24,1,90,"['H4 bullish context', 'H1 bullish trend', 'M15 bullish timing', 'Distance filter OK']",SWING_HIGH price=3377.19 zone=(3377.19-3377.19) touches=1 strength=1,SWING_HIGH price=3370.56 zone=(3370.56-3370.56) touches=1 strength=1,SWING_LOW price=3381.22 zone=(3381.22-3381.22) touches=1 strength=1,SWING_LOW price=3366.03 zone=(3366.03-3366.03) touches=1 strength=1,False,,False,,False,,False,,0,1,0.8791279069767349,,2025-07-25 05:15:00+00:00,3365.08,STOP LOSS,-1.0,-1.0,7957.638052241737,7878.061671719319
SELL,2025-07-28 01:30:00+00:00,3330.47,3340.06,3340.06,3320.8799999999997,3311.2899999999995,3301.6999999999994,1,80,"['H1 bearish trend', 'H1 bearish structure', 'M15 bearish timing', 'Distance filter OK']",SWING_HIGH price=3340.06 zone=(3340.06-3340.06) touches=1 strength=1,None,SWING_LOW price=3331.79 zone=(3331.79-3331.79) touches=1 strength=1,SWING_LOW price=3324.79 zone=(3324.79-3324.79) touches=1 strength=1,False,,False,,False,,False,,0,13,0.13972888425444072,,2025-07-28 04:45:00+00:00,3331.81,EXIT SIGNAL,-0.13972888425444474,-0.13972888425444474,7878.061671719319,7867.053744044549
SELL,2025-07-28 10:45:00+00:00,3337.69,3340.06,3337.59,3335.32,3332.9500000000003,3330.5800000000004,1,80,"['H1 bearish trend', 'H1 bearish structure', 'M15 bearish timing', 'Distance filter OK']",SWING_HIGH price=3340.06 zone=(3340.06-3340.06) touches=1 strength=1,None,SWING_LOW price=3344.82 zone=(3344.82-3344.82) touches=1 strength=1,SWING_LOW price=3331.79 zone=(3331.79-3331.79) touches=1 strength=1,True,2025-07-28 11:00:00+00:00,True,2025-07-28 11:00:00+00:00,False,,False,,0,2,0.0975937487625907,,2025-07-28 11:15:00+00:00,3337.59,BREAKEVEN,0.04219409282696779,0.04219409282696779,7867.053744044549,7870.373176004059
SELL,2025-07-29 03:15:00+00:00,3310.77,3318.65,3318.65,3302.89,3295.0099999999998,3287.1299999999997,1,80,"['H1 bearish trend', 'H1 bearish structure', 'M15 bearish timing', 'Distance filter OK']",SWING_HIGH price=3318.65 zone=(3318.65-3318.65) touches=1 strength=1,None,SWING_LOW price=3317.03 zone=(3317.03-3317.03) touches=1 strength=1,SWING_LOW price=3301.57 zone=(3301.57-3301.57) touches=1 strength=1,False,,False,,False,,False,,0,5,1.0000000000000013,,2025-07-29 04:30:00+00:00,3318.65,STOP LOSS,-1.0,-1.0,7870.373176004059,7791.669444244018
SELL,2025-07-31 04:15:00+00:00,3287.03,3304.57,3304.57,3269.4900000000002,3251.9500000000003,3234.4100000000003,1,75,"['H4 bearish context', 'H1 bearish trend', 'H1 bearish structure', 'Distance filter OK']",SWING_HIGH price=3304.57 zone=(3304.57-3304.57) touches=1 strength=1,None,SWING_LOW price=3301.57 zone=(3301.57-3301.57) touches=1 strength=1,SWING_LOW price=3288.57 zone=(3288.57-3288.57) touches=1 strength=1,False,,False,,False,,False,,0,3,0.4350057012542565,,2025-07-31 05:00:00+00:00,3294.66,EXIT SIGNAL,-0.43500570125425714,-0.43500570125425714,7791.669444244018,7757.775237938671
SELL,2025-07-31 05:15:00+00:00,3294.66,3304.57,3304.57,3284.7499999999995,3274.8399999999992,3264.929999999999,1,75,"['H4 bearish context', 'H1 bearish trend', 'H1 bearish structure', 'Distance filter OK']",SWING_HIGH price=3304.57 zone=(3304.57-3304.57) touches=1 strength=1,None,SWING_LOW price=3301.57 zone=(3301.57-3301.57) touches=1 strength=1,SWING_LOW price=3288.57 zone=(3288.57-3288.57) touches=1 strength=1,False,,False,,False,,False,,0,3,0.3857757847998134,,2025-07-31 06:00:00+00:00,3294.17,EXIT SIGNAL,0.04944500504538511,0.04944500504538511,7757.775237938671,7761.611070296479
SELL,2025-07-31 06:15:00+00:00,3294.17,3304.57,3304.57,3283.77,3273.37,3262.97,1,75,"['H4 bearish context', 'H1 bearish trend', 'H1 bearish structure', 'Distance filter OK']",SWING_HIGH price=3304.57 zone=(3304.57-3304.57) touches=1 strength=1,None,SWING_LOW price=3301.57 zone=(3301.57-3301.57) touches=1 strength=1,SWING_LOW price=3288.57 zone=(3288.57-3288.57) touches=1 strength=1,False,,False,,False,,False,,0,3,0.36661920321992925,,2025-07-31 07:00:00+00:00,3293.97,EXIT SIGNAL,0.019230769230795298,0.019230769230795298,7761.611070296479,7763.10368781
SELL,2025-07-31 07:15:00+00:00,3293.97,3304.57,3304.57,3283.3699999999994,3272.769999999999,3262.1699999999987,1,75,"['H4 bearish context', 'H1 bearish trend', 'H1 bearish structure', 'Distance filter OK']",SWING_HIGH price=3304.57 zone=(3304.57-3304.57) touches=1 strength=1,None,SWING_LOW price=3301.57 zone=(3301.57-3301.57) touches=1 strength=1,SWING_LOW price=3288.57 zone=(3288.57-3288.57) touches=1 strength=1,False,,False,,False,,False,,0,3,0.5687057774775539,,2025-07-31 08:00:00+00:00,3296.12,EXIT SIGNAL,-0.2028301886792469,-0.2028301886792469,7763.10368781,7747.3577699526495
SELL,2025-07-31 08:15:00+00:00,3296.12,3304.57,3304.57,3287.6699999999996,3279.2199999999993,3270.769999999999,1,75,"['H4 bearish context', 'H1 bearish trend', 'H1 bearish structure', 'Distance filter OK']",SWING_HIGH price=3304.57 zone=(3304.57-3304.57) touches=1 strength=1,None,SWING_LOW price=3301.57 zone=(3301.57-3301.57) touches=1 strength=1,SWING_LOW price=3288.57 zone=(3288.57-3288.57) touches=1 strength=1,False,,False,,False,,False,,0,3,1.28767052031732,,2025-07-31 09:00:00+00:00,3302.23,EXIT SIGNAL,-0.7230769230769148,-0.7230769230769148,7747.3577699526495,7691.338413769916
SELL,2025-07-31 09:15:00+00:00,3302.23,3304.57,3304.57,3299.89,3297.5499999999997,3295.2099999999996,1,75,"['H4 bearish context', 'H1 bearish trend', 'H1 bearish structure', 'Distance filter OK']",SWING_HIGH price=3304.57 zone=(3304.57-3304.57) touches=1 strength=1,None,SWING_LOW price=3301.57 zone=(3301.57-3301.57) touches=1 strength=1,SWING_LOW price=3288.57 zone=(3288.57-3288.57) touches=1 strength=1,False,,False,,False,,False,,0,1,2.2747938151141422,,2025-07-31 09:30:00+00:00,3304.57,STOP LOSS,-1.0,-1.0,7691.338413769916,7614.425029632217
SELL,2025-07-31 09:45:00+00:00,3300.22,3304.57,3304.57,3295.8699999999994,3291.519999999999,3287.1699999999987,1,75,"['H4 bearish context', 'H1 bearish trend', 'H1 bearish structure', 'Distance filter OK']",SWING_HIGH price=3304.57 zone=(3304.57-3304.57) touches=1 strength=1,None,SWING_LOW price=3301.57 zone=(3301.57-3301.57) touches=1 strength=1,SWING_LOW price=3288.57 zone=(3288.57-3288.57) touches=1 strength=1,False,,False,,False,,False,,0,3,3.123992158513807,,2025-07-31 10:30:00+00:00,3304.0,EXIT SIGNAL,-0.8689655172413526,-0.8689655172413526,7614.425029632217,7548.258301788519
SELL,2025-08-01 06:15:00+00:00,3295.83,3310.87,3310.87,3280.79,3265.75,3250.71,1,75,"['H4 bearish context', 'H1 bearish trend', 'H1 bearish structure', 'Distance filter OK']",SWING_HIGH price=3304.57 zone=(3304.57-3304.57) touches=1 strength=1,None,SWING_LOW price=3293.62 zone=(3293.62-3293.62) touches=1 strength=1,SWING_LOW price=3289.46 zone=(3289.46-3289.46) touches=1 strength=1,False,,False,,False,,False,,0,9,0.0,,2025-08-01 08:30:00+00:00,3295.18,EXIT SIGNAL,0.04321808510638913,0.04321808510638913,7548.258301788519,7551.520514485436
BUY,2025-08-05 01:00:00+00:00,3373.28,3370.58,3375.9800000000005,3375.9800000000005,3378.6800000000007,3381.380000000001,1,75,"['H4 bullish context', 'H1 bullish trend', 'H1 bullish structure', 'Distance filter OK']",SWING_HIGH price=3385.33 zone=(3385.33-3385.33) touches=1 strength=1,SWING_HIGH price=3369.15 zone=(3369.15-3369.15) touches=1 strength=1,None,SWING_LOW price=3370.58 zone=(3370.58-3370.58) touches=1 strength=1,True,2025-08-05 02:00:00+00:00,True,2025-08-05 02:00:00+00:00,True,2025-08-05 02:00:00+00:00,False,,1,8,0.0,,2025-08-05 03:00:00+00:00,3375.9800000000005,PROFIT LOCK TP1,1.0,1.0,7551.520514485436,7627.03571963029
BUY,2025-08-05 03:15:00+00:00,3377.08,3373.14,3377.18,3381.02,3384.96,3388.9,1,90,"['H4 bullish context', 'H1 bullish trend', 'M15 bullish timing', 'Distance filter OK']",SWING_HIGH price=3385.33 zone=(3385.33-3385.33) touches=1 strength=1,SWING_HIGH price=3377.10 zone=(3377.10-3377.10) touches=1 strength=1,None,SWING_LOW price=3373.14 zone=(3373.14-3373.14) touches=1 strength=1,True,2025-08-05 03:45:00+00:00,True,2025-08-05 03:45:00+00:00,False,,False,,0,8,0.0,,2025-08-05 05:15:00+00:00,3377.18,BREAKEVEN,0.02538071065987504,0.02538071065987504,7627.03571963029,7628.971515498215
BUY,2025-08-05 06:15:00+00:00,3373.39,3373.14,3373.14,3373.64,3373.89,3374.14,1,75,"['H4 bullish context', 'H1 bullish trend', 'H1 bullish structure', 'Distance filter OK']",SWING_HIGH price=3377.10 zone=(3377.10-3377.10) touches=1 strength=1,SWING_HIGH price=3369.15 zone=(3369.15-3369.15) touches=1 strength=1,SWING_LOW price=3373.14 zone=(3373.14-3373.14) touches=1 strength=1,SWING_LOW price=3370.58 zone=(3370.58-3370.58) touches=1 strength=1,False,,False,,False,,False,,0,1,0.0,,2025-08-05 06:30:00+00:00,3373.14,STOP LOSS,-1.0,-1.0,7628.971515498215,7552.681800343233
BUY,2025-08-05 11:30:00+00:00,3372.82,3365.73,3365.73,3379.9100000000003,3387.0000000000005,3394.0900000000006,1,90,"['H4 bullish context', 'H1 bullish trend', 'M15 bullish timing', 'Distance filter OK']",SWING_HIGH price=3369.15 zone=(3369.15-3369.15) touches=1 strength=1,SWING_HIGH price=3362.66 zone=(3362.66-3362.66) touches=1 strength=1,SWING_LOW price=3370.58 zone=(3370.58-3370.58) touches=1 strength=1,SWING_LOW price=3365.73 zone=(3365.73-3365.73) touches=1 strength=1,False,,False,,False,,False,,0,2,0.9847756091370902,,2025-08-05 12:00:00+00:00,3365.73,STOP LOSS,-1.0,-1.0,7552.681800343233,7477.1549823398
BUY,2025-08-05 16:15:00+00:00,3369.04,3365.73,3375.66,3372.35,3375.66,3378.97,1,90,"['H4 bullish context', 'H1 bullish trend', 'M15 bullish timing', 'Distance filter OK']",SWING_HIGH price=3375.47 zone=(3375.47-3375.47) touches=1 strength=1,SWING_HIGH price=3369.15 zone=(3369.15-3369.15) touches=1 strength=1,None,SWING_LOW price=3373.14 zone=(3373.14-3373.14) touches=1 strength=1,True,2025-08-05 16:30:00+00:00,True,2025-08-05 16:30:00+00:00,True,2025-08-05 16:30:00+00:00,True,2025-08-05 16:30:00+00:00,2,2,0.0,,2025-08-05 16:45:00+00:00,3375.66,PROFIT LOCK TP2,2.0,2.0,7477.1549823398,7626.698081986596
BUY,2025-08-05 17:15:00+00:00,3372.56,3365.73,3379.39,3379.39,3386.22,3393.0499999999997,1,90,"['H4 bullish context', 'H1 bullish trend', 'M15 bullish timing', 'Distance filter OK']",SWING_HIGH price=3385.33 zone=(3385.33-3385.33) touches=1 strength=1,SWING_HIGH price=3382.41 zone=(3382.41-3382.41) touches=1 strength=1,None,SWING_LOW price=3373.14 zone=(3373.14-3373.14) touches=1 strength=1,True,2025-08-05 17:30:00+00:00,True,2025-08-05 17:30:00+00:00,True,2025-08-05 17:45:00+00:00,False,,1,9,0.0,,2025-08-05 19:30:00+00:00,3379.39,PROFIT LOCK TP1,1.0,1.0,7626.698081986596,7702.965062806462
BUY,2025-08-06 02:15:00+00:00,3380.89,3378.13,3380.99,3383.6499999999996,3386.4099999999994,3389.169999999999,1,75,"['H4 bullish context', 'H1 bullish trend', 'H1 bullish structure', 'Distance filter OK']",SWING_HIGH price=3385.33 zone=(3385.33-3385.33) touches=1 strength=1,SWING_HIGH price=3382.41 zone=(3382.41-3382.41) touches=1 strength=1,None,SWING_LOW price=3378.13 zone=(3378.13-3378.13) touches=1 strength=1,True,2025-08-06 02:45:00+00:00,True,2025-08-06 02:45:00+00:00,False,,False,,0,5,0.0,,2025-08-06 03:30:00+00:00,3380.99,BREAKEVEN,0.036231884057941165,0.036231884057941165,7702.965062806462,7705.755992177042
BUY,2025-08-06 04:45:00+00:00,3379.2,3378.13,3378.13,3380.2699999999995,3381.3399999999992,3382.409999999999,1,75,"['H4 bullish context', 'H1 bullish trend', 'H1 bullish structure', 'Distance filter OK']",SWING_HIGH price=3377.10 zone=(3377.10-3377.10) touches=1 strength=1,SWING_HIGH price=3375.47 zone=(3375.47-3375.47) touches=1 strength=1,SWING_LOW price=3378.13 zone=(3378.13-3378.13) touches=1 strength=1,SWING_LOW price=3373.14 zone=(3373.14-3373.14) touches=1 strength=1,False,,False,,False,,False,,0,1,0.9641304347826446,,2025-08-06 05:00:00+00:00,3378.13,STOP LOSS,-1.0,-1.0,7705.755992177042,7628.698432255271
BUY,2025-08-06 09:30:00+00:00,3377.24,3372.65,3372.65,3381.8299999999995,3386.419999999999,3391.009999999999,1,90,"['H4 bullish context', 'H1 bullish trend', 'M15 bullish timing', 'Distance filter OK']",SWING_HIGH price=3375.47 zone=(3375.47-3375.47) touches=1 strength=1,SWING_HIGH price=3369.15 zone=(3369.15-3369.15) touches=1 strength=1,SWING_LOW price=3378.13 zone=(3378.13-3378.13) touches=1 strength=1,SWING_LOW price=3373.14 zone=(3373.14-3373.14) touches=1 strength=1,False,,False,,False,,False,,0,2,1.9544891304348166,,2025-08-06 10:00:00+00:00,3372.65,STOP LOSS,-1.0,-1.0,7628.698432255271,7552.411447932718
BUY,2025-08-06 17:00:00+00:00,3371.57,3358.21,3358.21,3384.9300000000003,3398.2900000000004,3411.6500000000005,1,90,"['H4 bullish context', 'H1 bullish trend', 'M15 bullish timing', 'Distance filter OK']",SWING_HIGH price=3375.47 zone=(3375.47-3375.47) touches=1 strength=1,SWING_HIGH price=3369.15 zone=(3369.15-3369.15) touches=1 strength=1,SWING_LOW price=3372.65 zone=(3372.65-3372.65) touches=1 strength=1,SWING_LOW price=3370.58 zone=(3370.58-3370.58) touches=1 strength=1,False,,False,,False,,False,,0,17,2.103465468058495,,2025-08-06 21:15:00+00:00,3369.54,EXIT SIGNAL,-0.15194610778444467,-0.15194610778444467,7552.411447932718,7540.935852693718
BUY,2025-08-07 02:15:00+00:00,3370.19,3366.96,3366.96,3373.42,3376.65,3379.88,1,75,"['H4 bullish context', 'H1 bullish trend', 'H1 bullish structure', 'Distance filter OK']",SWING_HIGH price=3375.47 zone=(3375.47-3375.47) touches=1 strength=1,SWING_HIGH price=3369.15 zone=(3369.15-3369.15) touches=1 strength=1,SWING_LOW price=3370.58 zone=(3370.58-3370.58) touches=1 strength=1,SWING_LOW price=3366.96 zone=(3366.96-3366.96) touches=1 strength=1,False,,False,,False,,False,,0,3,1.0000000000000038,,2025-08-07 03:00:00+00:00,3366.96,STOP LOSS,-1.0,-1.0,7540.935852693718,7465.52649416678
BUY,2025-08-07 03:15:00+00:00,3369.72,3366.96,3375.2399999999993,3372.4799999999996,3375.2399999999993,3377.999999999999,1,75,"['H4 bullish context', 'H1 bullish trend', 'H1 bullish structure', 'Distance filter OK']",SWING_HIGH price=3375.47 zone=(3375.47-3375.47) touches=1 strength=1,SWING_HIGH price=3369.15 zone=(3369.15-3369.15) touches=1 strength=1,SWING_LOW price=3372.65 zone=(3372.65-3372.65) touches=1 strength=1,SWING_LOW price=3370.58 zone=(3370.58-3370.58) touches=1 strength=1,True,2025-08-07 03:30:00+00:00,True,2025-08-07 03:30:00+00:00,True,2025-08-07 04:00:00+00:00,True,2025-08-07 04:15:00+00:00,2,21,0.0,,2025-08-07 08:30:00+00:00,3375.2399999999993,PROFIT LOCK TP2,2.0,2.0,7465.52649416678,7614.837024050116
BUY,2025-08-07 12:15:00+00:00,3380.85,3371.39,3371.39,3390.31,3399.77,3409.23,1,75,"['H4 bullish context', 'H1 bullish trend', 'H1 bullish structure', 'Distance filter OK']",SWING_HIGH price=3377.10 zone=(3377.10-3377.10) touches=1 strength=1,SWING_HIGH price=3375.47 zone=(3375.47-3375.47) touches=1 strength=1,SWING_LOW price=3378.13 zone=(3378.13-3378.13) touches=1 strength=1,SWING_LOW price=3373.14 zone=(3373.14-3373.14) touches=1 strength=1,False,,False,,False,,False,,0,3,0.0,,2025-08-07 13:00:00+00:00,3377.45,EXIT SIGNAL,-0.3594080338266467,-0.3594080338266467,7614.837024050116,7587.468688022875
BUY,2025-08-07 13:15:00+00:00,3377.45,3371.39,3371.39,3383.5099999999998,3389.5699999999997,3395.6299999999997,1,75,"['H4 bullish context', 'H1 bullish trend', 'H1 bullish structure', 'Distance filter OK']",SWING_HIGH price=3375.47 zone=(3375.47-3375.47) touches=1 strength=1,SWING_HIGH price=3369.15 zone=(3369.15-3369.15) touches=1 strength=1,SWING_LOW price=3373.14 zone=(3373.14-3373.14) touches=1 strength=1,SWING_LOW price=3372.65 zone=(3372.65-3372.65) touches=1 strength=1,False,,False,,False,,False,,0,3,0.0,,2025-08-07 14:00:00+00:00,3379.88,EXIT SIGNAL,0.40099009900995264,0.40099009900995264,7587.468688022875,7617.893686227327
BUY,2025-08-07 14:15:00+00:00,3379.88,3371.39,3371.39,3388.3700000000003,3396.8600000000006,3405.350000000001,1,75,"['H4 bullish context', 'H1 bullish trend', 'H1 bullish structure', 'Distance filter OK']",SWING_HIGH price=3378.61 zone=(3378.61-3378.61) touches=1 strength=1,SWING_HIGH price=3377.10 zone=(3377.10-3377.10) touches=1 strength=1,SWING_LOW price=3378.13 zone=(3378.13-3378.13) touches=1 strength=1,SWING_LOW price=3373.14 zone=(3373.14-3373.14) touches=1 strength=1,False,,False,,False,,False,,0,3,0.0,,2025-08-07 15:00:00+00:00,3376.2,EXIT SIGNAL,-0.4334511189635087,-0.4334511189635087,7617.893686227327,7584.873840802924
BUY,2025-08-07 15:15:00+00:00,3376.2,3371.39,3381.0099999999998,3381.0099999999998,3385.8199999999997,3390.6299999999997,1,75,"['H4 bullish context', 'H1 bullish trend', 'H1 bullish structure', 'Distance filter OK']",SWING_HIGH price=3382.41 zone=(3382.41-3382.41) touches=1 strength=1,SWING_HIGH price=3379.73 zone=(3379.73-3379.73) touches=1 strength=1,None,SWING_LOW price=3378.13 zone=(3378.13-3378.13) touches=1 strength=1,True,2025-08-07 15:30:00+00:00,True,2025-08-07 15:30:00+00:00,True,2025-08-07 15:30:00+00:00,False,,1,2,0.0,,2025-08-07 15:45:00+00:00,3381.0099999999998,PROFIT LOCK TP1,1.0,1.0,7584.873840802924,7660.722579210953
BUY,2025-08-07 22:45:00+00:00,3399.66,3384.31,3384.31,3415.0099999999998,3430.3599999999997,3445.7099999999996,1,75,"['H4 bullish context', 'H1 bullish trend', 'M15 bullish timing']",None,SWING_HIGH price=3397.23 zone=(3397.23-3397.23) touches=1 strength=1,None,SWING_LOW price=3384.31 zone=(3384.31-3384.31) touches=1 strength=1,False,,False,,False,,False,,0,17,0.6556926938967786,,2025-08-08 04:00:00+00:00,3384.31,STOP LOSS,-1.0,-1.0,7660.722579210953,7584.115353418843
BUY,2025-08-08 04:15:00+00:00,3384.48,3384.31,3384.31,3384.65,3384.82,3384.9900000000002,1,75,"['H4 bullish context', 'H1 bullish trend', 'H1 bullish structure', 'Distance filter OK']",SWING_HIGH price=3384.09 zone=(3384.09-3384.09) touches=1 strength=1,SWING_HIGH price=3382.41 zone=(3382.41-3382.41) touches=1 strength=1,SWING_LOW price=3384.31 zone=(3384.31-3384.31) touches=1 strength=1,SWING_LOW price=3378.13 zone=(3378.13-3378.13) touches=1 strength=1,False,,False,,False,,False,,0,1,1.6491357669578104,,2025-08-08 04:30:00+00:00,3384.31,STOP LOSS,-1.0,-1.0,7584.115353418843,7508.274199884655
BUY,2025-08-08 07:30:00+00:00,3398.17,3381.19,3381.19,3415.15,3432.13,3449.11,1,90,"['H4 bullish context', 'H1 bullish trend', 'M15 bullish timing', 'Distance filter OK']",SWING_HIGH price=3397.23 zone=(3397.23-3397.23) touches=1 strength=1,SWING_HIGH price=3393.59 zone=(3393.59-3393.59) touches=1 strength=1,None,SWING_LOW price=3384.31 zone=(3384.31-3384.31) touches=1 strength=1,False,,False,,False,,False,,0,9,1.9207880362469572,,2025-08-08 09:45:00+00:00,3393.48,EXIT SIGNAL,-0.2762073027090724,-0.2762073027090724,7508.274199884655,7487.535798237152
BUY,2025-08-08 10:15:00+00:00,3396.02,3381.19,3381.19,3410.85,3425.68,3440.5099999999998,1,90,"['H4 bullish context', 'H1 bullish trend', 'M15 bullish timing', 'Distance filter OK']",SWING_HIGH price=3408.90 zone=(3408.90-3408.90) touches=1 strength=1,SWING_HIGH price=3399.24 zone=(3399.24-3399.24) touches=1 strength=1,None,SWING_LOW price=3384.31 zone=(3384.31-3384.31) touches=1 strength=1,False,,False,,False,,False,,0,13,2.4326781917421902,,2025-08-08 13:30:00+00:00,3388.28,EXIT SIGNAL,-0.5219150370869737,-0.5219150370869737,7487.535798237152,7448.457222998883
BUY,2025-08-08 15:30:00+00:00,3394.37,3388.71,3388.71,3400.0299999999997,3405.6899999999996,3411.3499999999995,1,75,"['H4 bullish context', 'H1 bullish trend', 'H1 bullish structure', 'Distance filter OK']",SWING_HIGH price=3393.59 zone=(3393.59-3393.59) touches=1 strength=1,SWING_HIGH price=3390.19 zone=(3390.19-3390.19) touches=1 strength=1,None,SWING_LOW price=3388.71 zone=(3388.71-3388.71) touches=1 strength=1,False,,False,,False,,False,,0,2,3.4083514098247676,,2025-08-08 16:00:00+00:00,3388.71,STOP LOSS,-1.0,-1.0,7448.457222998883,7373.972650768894
BUY,2025-08-12 06:00:00+00:00,3352.87,3341.94,3341.94,3363.7999999999997,3374.7299999999996,3385.6599999999994,1,90,"['H4 bullish context', 'H1 bullish trend', 'M15 bullish timing', 'Distance filter OK']",SWING_HIGH price=3358.66 zone=(3358.66-3358.66) touches=1 strength=1,None,SWING_LOW price=3353.05 zone=(3353.05-3353.05) touches=1 strength=1,SWING_LOW price=3351.70 zone=(3351.70-3351.70) touches=1 strength=1,False,,False,,False,,False,,0,4,0.166514181152766,,2025-08-12 07:00:00+00:00,3351.05,EXIT SIGNAL,-0.16651418115276634,-0.16651418115276634,7373.972650768894,7361.693940591037
BUY,2025-08-12 08:45:00+00:00,3352.38,3341.94,3341.94,3362.82,3373.26,3383.7000000000003,1,90,"['H4 bullish context', 'H1 bullish trend', 'M15 bullish timing', 'Distance filter OK']",SWING_HIGH price=3357.23 zone=(3357.23-3357.23) touches=1 strength=1,None,SWING_LOW price=3358.21 zone=(3358.21-3358.21) touches=1 strength=1,SWING_LOW price=3353.05 zone=(3353.05-3353.05) touches=1 strength=1,False,,False,,False,,False,,0,3,0.5241552127260527,,2025-08-12 09:30:00+00:00,3348.64,EXIT SIGNAL,-0.3582375478927411,-0.3582375478927411,7361.693940591037,7335.321588734895
BUY,2025-08-12 12:15:00+00:00,3350.74,3342.09,3342.09,3359.3899999999994,3368.039999999999,3376.6899999999987,1,75,"['H4 bullish context', 'H1 bullish trend', 'H1 bullish structure', 'Distance filter OK']",SWING_HIGH price=3355.56 zone=(3355.56-3355.56) touches=1 strength=1,None,SWING_LOW price=3351.70 zone=(3351.70-3351.70) touches=1 strength=1,SWING_LOW price=3345.07 zone=(3345.07-3345.07) touches=1 strength=1,False,,False,,False,,False,,0,3,0.8082076250087838,,2025-08-12 13:00:00+00:00,3348.27,EXIT SIGNAL,-0.28554913294796574,-0.28554913294796574,7335.321588734895,7314.375641539317
BUY,2025-08-12 13:15:00+00:00,3348.27,3342.09,3342.09,3354.45,3360.6299999999997,3366.8099999999995,1,75,"['H4 bullish context', 'H1 bullish trend', 'H1 bullish structure', 'Distance filter OK']",SWING_HIGH price=3355.56 zone=(3355.56-3355.56) touches=1 strength=1,None,SWING_LOW price=3345.07 zone=(3345.07-3345.07) touches=1 strength=1,SWING_LOW price=3342.09 zone=(3342.09-3342.09) touches=1 strength=1,False,,False,,False,,False,,0,3,1.8001255487586936,,2025-08-12 14:00:00+00:00,3342.09,STOP LOSS,-1.0,-1.0,7314.375641539317,7241.231885123924
SELL,2025-08-14 16:15:00+00:00,3352.77,3366.35,3352.67,3339.19,3325.61,3312.03,1,80,"['H1 bearish trend', 'H1 bearish structure', 'M15 bearish timing', 'Distance filter OK']",SWING_HIGH price=3353.57 zone=(3353.57-3353.57) touches=1 strength=1,None,SWING_LOW price=3345.41 zone=(3345.41-3345.41) touches=1 strength=1,SWING_LOW price=3342.53 zone=(3342.53-3342.53) touches=1 strength=1,True,2025-08-14 17:00:00+00:00,True,2025-08-14 17:00:00+00:00,False,,False,,0,51,0.40856978764552704,,2025-08-15 06:00:00+00:00,3340.86,EXIT SIGNAL,0.8770250368188452,0.8770250368188452,7241.231885123924,7304.739301730569
SELL,2025-08-19 05:15:00+00:00,3331.92,3339.0,3339.0,3324.84,3317.76,3310.6800000000003,1,80,"['H1 bearish trend', 'H1 bearish structure', 'M15 bearish timing', 'Distance filter OK']",SWING_HIGH price=3339.00 zone=(3339.00-3339.00) touches=1 strength=1,None,SWING_LOW price=3341.18 zone=(3341.18-3341.18) touches=1 strength=1,SWING_LOW price=3335.85 zone=(3335.85-3335.85) touches=1 strength=1,False,,False,,False,,False,,0,3,1.0,,2025-08-19 06:00:00+00:00,3339.0,STOP LOSS,-1.0,-1.0,7304.739301730569,7231.691908713264
SELL,2025-08-20 12:30:00+00:00,3325.31,3327.36,3327.36,3323.2599999999998,3321.2099999999996,3319.1599999999994,1,75,"['H4 bearish context', 'H1 bearish trend', 'H1 bearish structure', 'Distance filter OK']",SWING_HIGH price=3327.36 zone=(3327.36-3327.36) touches=1 strength=1,None,SWING_LOW price=3329.64 zone=(3329.64-3329.64) touches=1 strength=1,SWING_LOW price=3325.85 zone=(3325.85-3325.85) touches=1 strength=1,False,,False,,False,,False,,0,4,1.0000000000000064,,2025-08-20 13:30:00+00:00,3327.36,STOP LOSS,-1.0,-1.0,7231.691908713264,7159.374989626131
SELL,2025-08-21 05:45:00+00:00,3341.98,3352.1,3352.1,3331.86,3321.7400000000002,3311.6200000000003,1,90,"['H4 bearish context', 'H1 bearish trend', 'M15 bearish timing', 'Distance filter OK']",SWING_HIGH price=3345.06 zone=(3345.06-3345.06) touches=1 strength=1,SWING_HIGH price=3341.55 zone=(3341.55-3341.55) touches=1 strength=1,SWING_LOW price=3345.41 zone=(3345.41-3345.41) touches=1 strength=1,SWING_LOW price=3344.40 zone=(3344.40-3344.40) touches=1 strength=1,False,,False,,False,,False,,0,29,0.0,,2025-08-21 13:00:00+00:00,3339.92,EXIT SIGNAL,0.20355731225296123,0.20355731225296123,7159.374989626131,7173.948420929125
SELL,2025-08-21 14:30:00+00:00,3330.85,3342.14,3342.14,3319.56,3308.27,3296.98,1,75,"['H4 bearish context', 'H1 bearish trend', 'M15 bearish timing']",SWING_HIGH price=3339.00 zone=(3339.00-3339.00) touches=1 strength=1,SWING_HIGH price=3327.36 zone=(3327.36-3327.36) touches=1 strength=1,SWING_LOW price=3334.26 zone=(3334.26-3334.26) touches=1 strength=1,SWING_LOW price=3332.69 zone=(3332.69-3332.69) touches=1 strength=1,False,,False,,False,,False,,0,2,0.7984782608695661,,2025-08-21 15:00:00+00:00,3342.14,STOP LOSS,-1.0,-1.0,7173.948420929125,7102.208936719833
SELL,2025-08-21 16:15:00+00:00,3342.02,3342.14,3342.14,3341.9,3341.78,3341.6600000000003,1,75,"['H4 bearish context', 'H1 bearish trend', 'H1 bearish structure', 'Distance filter OK']",SWING_HIGH price=3339.40 zone=(3339.40-3339.40) touches=1 strength=1,SWING_HIGH price=3339.00 zone=(3339.00-3339.00) touches=1 strength=1,SWING_LOW price=3341.36 zone=(3341.36-3341.36) touches=1 strength=1,SWING_LOW price=3334.29 zone=(3334.29-3334.29) touches=1 strength=1,False,,False,,False,,False,,0,1,1.7904934782608732,,2025-08-21 16:30:00+00:00,3342.14,STOP LOSS,-1.0,-1.0,7102.208936719833,7031.186847352635
SELL,2025-08-21 17:00:00+00:00,3339.15,3342.14,3342.14,3336.1600000000003,3333.1700000000005,3330.1800000000007,1,75,"['H4 bearish context', 'H1 bearish trend', 'H1 bearish structure', 'Distance filter OK']",SWING_HIGH price=3339.40 zone=(3339.40-3339.40) touches=1 strength=1,SWING_HIGH price=3339.00 zone=(3339.00-3339.00) touches=1 strength=1,SWING_LOW price=3341.36 zone=(3341.36-3341.36) touches=1 strength=1,SWING_LOW price=3334.29 zone=(3334.29-3334.29) touches=1 strength=1,False,,False,,False,,False,,0,1,2.772588543478265,,2025-08-21 17:15:00+00:00,3342.14,STOP LOSS,-1.0,-1.0,7031.186847352635,6960.874978879108
SELL,2025-08-21 18:15:00+00:00,3338.62,3342.14,3342.14,3335.1,3331.58,3328.06,1,75,"['H4 bearish context', 'H1 bearish trend', 'H1 bearish structure', 'Distance filter OK']",SWING_HIGH price=3345.06 zone=(3345.06-3345.06) touches=1 strength=1,SWING_HIGH price=3342.14 zone=(3342.14-3342.14) touches=1 strength=1,SWING_LOW price=3344.40 zone=(3344.40-3344.40) touches=1 strength=1,SWING_LOW price=3341.36 zone=(3341.36-3341.36) touches=1 strength=1,False,,False,,False,,False,,0,1,3.7448626580434823,,2025-08-21 18:30:00+00:00,3342.14,STOP LOSS,-1.0,-1.0,6960.874978879108,6891.266229090317
SELL,2025-08-22 04:30:00+00:00,3337.16,3347.86,3337.06,3326.4599999999996,3315.7599999999993,3305.059999999999,1,90,"['H4 bearish context', 'H1 bearish trend', 'M15 bearish timing', 'Distance filter OK']",SWING_HIGH price=3339.00 zone=(3339.00-3339.00) touches=1 strength=1,SWING_HIGH price=3327.36 zone=(3327.36-3327.36) touches=1 strength=1,SWING_LOW price=3334.26 zone=(3334.26-3334.26) touches=1 strength=1,SWING_LOW price=3332.69 zone=(3332.69-3332.69) touches=1 strength=1,True,2025-08-22 09:30:00+00:00,True,2025-08-22 09:30:00+00:00,False,,False,,0,49,0.0,,2025-08-22 16:45:00+00:00,3333.45,EXIT SIGNAL,0.3467289719626114,0.3467289719626114,6891.266229090317,6915.160245641649
BUY,2025-08-25 07:15:00+00:00,3365.51,3359.83,3359.83,3371.1900000000005,3376.870000000001,3382.550000000001,1,80,"['H1 bullish trend', 'H1 bullish structure', 'M15 bullish timing', 'Distance filter OK']",SWING_HIGH price=3378.83 zone=(3378.83-3378.83) touches=1 strength=1,SWING_HIGH price=3358.20 zone=(3358.20-3358.20) touches=1 strength=1,None,SWING_LOW price=3359.83 zone=(3359.83-3359.83) touches=1 strength=1,False,,False,,False,,False,,0,17,0.3045774647887225,,2025-08-25 11:30:00+00:00,3363.78,EXIT SIGNAL,-0.30457746478872,-0.30457746478872,6915.160245641649,6894.0982258793965
BUY,2025-08-25 14:15:00+00:00,3366.56,3361.78,3361.78,3371.3399999999997,3376.1199999999994,3380.899999999999,1,90,"['H4 bullish context', 'H1 bullish trend', 'M15 bullish timing', 'Distance filter OK']",SWING_HIGH price=3378.83 zone=(3378.83-3378.83) touches=1 strength=1,SWING_HIGH price=3369.80 zone=(3369.80-3369.80) touches=1 strength=1,None,SWING_LOW price=3363.08 zone=(3363.08-3363.08) touches=1 strength=1,False,,False,,False,,False,,0,7,0.9365379883905715,,2025-08-25 16:00:00+00:00,3363.53,EXIT SIGNAL,-0.6338912133891018,-0.6338912133891018,6894.0982258793965,6850.397142983133
BUY,2025-08-25 17:30:00+00:00,3370.96,3361.78,3361.78,3380.14,3389.3199999999997,3398.4999999999995,1,90,"['H4 bullish context', 'H1 bullish trend', 'M15 bullish timing', 'Distance filter OK']",SWING_HIGH price=3378.83 zone=(3378.83-3378.83) touches=1 strength=1,SWING_HIGH price=3371.27 zone=(3371.27-3371.27) touches=1 strength=1,None,SWING_LOW price=3363.08 zone=(3363.08-3363.08) touches=1 strength=1,False,,False,,False,,False,,0,19,1.218189007835357,,2025-08-25 22:15:00+00:00,3368.35,EXIT SIGNAL,-0.284313725490215,-0.284313725490215,6850.397142983133,6830.920523655042
BUY,2025-08-25 22:30:00+00:00,3368.35,3361.98,3361.98,3374.72,3381.0899999999997,3387.4599999999996,1,75,"['H4 bullish context', 'H1 bullish trend', 'H1 bullish structure', 'Distance filter OK']",SWING_HIGH price=3368.12 zone=(3368.12-3368.12) touches=1 strength=1,SWING_HIGH price=3358.20 zone=(3358.20-3358.20) touches=1 strength=1,None,SWING_LOW price=3363.08 zone=(3363.08-3363.08) touches=1 strength=1,False,,False,,False,,False,,0,3,1.7376851880924096,,2025-08-25 23:15:00+00:00,3365.0,EXIT SIGNAL,-0.5259026687598064,-0.5259026687598064,6830.920523655042,6794.99653032028
BUY,2025-08-25 23:30:00+00:00,3365.0,3361.98,3361.98,3368.02,3371.04,3374.06,1,75,"['H4 bullish context', 'H1 bullish trend', 'H1 bullish structure', 'Distance filter OK']",SWING_HIGH price=3368.12 zone=(3368.12-3368.12) touches=1 strength=1,SWING_HIGH price=3358.20 zone=(3358.20-3358.20) touches=1 strength=1,None,SWING_LOW price=3363.08 zone=(3363.08-3363.08) touches=1 strength=1,False,,False,,False,,False,,0,3,0.16877916404679594,,2025-08-26 01:15:00+00:00,3364.66,EXIT SIGNAL,-0.11258278145700251,-0.11258278145700251,6794.99653032028,6787.346534226538
BUY,2025-08-26 01:30:00+00:00,3364.66,3361.98,3361.98,3367.3399999999997,3370.0199999999995,3372.6999999999994,1,75,"['H4 bullish context', 'H1 bullish trend', 'H1 bullish structure', 'Distance filter OK']",SWING_HIGH price=3368.12 zone=(3368.12-3368.12) touches=1 strength=1,SWING_HIGH price=3358.20 zone=(3358.20-3358.20) touches=1 strength=1,None,SWING_LOW price=3363.08 zone=(3363.08-3363.08) touches=1 strength=1,False,,False,,False,,False,,0,2,1.1670913724063263,,2025-08-26 02:00:00+00:00,3361.98,STOP LOSS,-1.0,-1.0,6787.346534226538,6719.473068884273
BUY,2025-08-26 03:15:00+00:00,3369.04,3361.98,3376.1,3376.1,3383.16,3390.22,1,75,"['H4 bullish context', 'H1 bullish trend', 'H1 bullish structure', 'Distance filter OK']",None,SWING_HIGH price=3378.83 zone=(3378.83-3378.83) touches=1 strength=1,None,SWING_LOW price=3363.08 zone=(3363.08-3363.08) touches=1 strength=1,True,2025-08-26 03:30:00+00:00,True,2025-08-26 03:30:00+00:00,True,2025-08-26 03:45:00+00:00,False,,1,3,0.178762286130395,,2025-08-26 04:00:00+00:00,3376.1,PROFIT LOCK TP1,1.0,1.0,6719.473068884273,6786.667799573115
BUY,2025-08-26 08:30:00+00:00,3373.4,3369.8,3373.5,3377.0,3380.6,3384.2,1,75,"['H4 bullish context', 'H1 bullish trend', 'H1 bullish structure', 'Distance filter OK']",SWING_HIGH price=3378.83 zone=(3378.83-3378.83) touches=1 strength=1,SWING_HIGH price=3376.22 zone=(3376.22-3376.22) touches=1 strength=1,None,SWING_LOW price=3369.80 zone=(3369.80-3369.80) touches=1 strength=1,True,2025-08-26 08:45:00+00:00,True,2025-08-26 08:45:00+00:00,False,,False,,0,3,0.15103416454322682,,2025-08-26 09:15:00+00:00,3373.5,BREAKEVEN,0.027777777777753216,0.027777777777753216,6786.667799573115,6788.552985072995
BUY,2025-08-26 09:30:00+00:00,3373.49,3369.8,3373.5899999999997,3377.1799999999994,3380.869999999999,3384.5599999999986,1,75,"['H4 bullish context', 'H1 bullish trend', 'H1 bullish structure', 'Distance filter OK']",SWING_HIGH price=3378.83 zone=(3378.83-3378.83) touches=1 strength=1,SWING_HIGH price=3376.22 zone=(3376.22-3376.22) touches=1 strength=1,None,SWING_LOW price=3369.80 zone=(3369.80-3369.80) touches=1 strength=1,True,2025-08-26 09:45:00+00:00,True,2025-08-26 09:45:00+00:00,False,,False,,0,2,0.12397482420844878,,2025-08-26 10:00:00+00:00,3373.5899999999997,BREAKEVEN,0.027100271002688317,0.027100271002688317,6788.552985072995,6790.39270132911
BUY,2025-08-26 10:15:00+00:00,3372.02,3369.8,3374.24,3374.24,3376.4599999999996,3378.6799999999994,1,75,"['H4 bullish context', 'H1 bullish trend', 'H1 bullish structure', 'Distance filter OK']",SWING_HIGH price=3378.83 zone=(3378.83-3378.83) touches=1 strength=1,SWING_HIGH price=3376.22 zone=(3376.22-3376.22) touches=1 strength=1,None,SWING_LOW price=3369.80 zone=(3369.80-3369.80) touches=1 strength=1,True,2025-08-26 10:30:00+00:00,True,2025-08-26 10:30:00+00:00,True,2025-08-26 10:30:00+00:00,False,,1,1,0.0,,2025-08-26 10:30:00+00:00,3377.61,EXIT SIGNAL,2.5180180180183105,2.5180180180183105,6790.39270132911,6961.376013042778
BUY,2025-08-26 12:15:00+00:00,3376.9,3367.3,3367.3,3386.5,3396.1,3405.7,1,90,"['H4 bullish context', 'H1 bullish trend', 'M15 bullish timing', 'Distance filter OK']",SWING_HIGH price=3376.22 zone=(3376.22-3376.22) touches=1 strength=1,SWING_HIGH price=3371.27 zone=(3371.27-3371.27) touches=1 strength=1,None,SWING_LOW price=3369.80 zone=(3369.80-3369.80) touches=1 strength=1,False,,False,,False,,False,,0,3,0.0,,2025-08-26 13:00:00+00:00,3371.39,EXIT SIGNAL,-0.5739583333333615,-0.5739583333333615,6961.376013042778,6921.42061530125
BUY,2025-08-26 14:45:00+00:00,3378.93,3367.3,3367.3,3390.5599999999995,3402.189999999999,3413.819999999999,1,90,"['H4 bullish context', 'H1 bullish trend', 'M15 bullish timing', 'Distance filter OK']",SWING_HIGH price=3378.83 zone=(3378.83-3378.83) touches=1 strength=1,SWING_HIGH price=3376.22 zone=(3376.22-3376.22) touches=1 strength=1,None,SWING_LOW price=3369.80 zone=(3369.80-3369.80) touches=1 strength=1,False,,False,,False,,False,,0,6,0.0,,2025-08-26 16:15:00+00:00,3373.69,EXIT SIGNAL,-0.45055889939810295,-0.45055889939810295,6921.42061530125,6890.235538754236
BUY,2025-08-26 18:15:00+00:00,3381.42,3367.09,3367.09,3395.75,3410.08,3424.41,1,90,"['H4 bullish context', 'H1 bullish trend', 'M15 bullish timing', 'Distance filter OK']",None,SWING_HIGH price=3386.47 zone=(3386.47-3386.47) touches=1 strength=1,None,SWING_LOW price=3369.80 zone=(3369.80-3369.80) touches=1 strength=1,False,,False,,False,,False,,0,37,0.23386212543892496,,2025-08-27 04:30:00+00:00,3386.07,EXIT SIGNAL,0.3244940683880052,0.3244940683880052,6890.235538754236,6912.593944375456
BUY,2025-08-27 06:30:00+00:00,3382.16,3380.31,3380.31,3384.0099999999998,3385.8599999999997,3387.7099999999996,1,75,"['H4 bullish context', 'H1 bullish trend', 'H1 bullish structure', 'Distance filter OK']",SWING_HIGH price=3386.47 zone=(3386.47-3386.47) touches=1 strength=1,SWING_HIGH price=3380.22 zone=(3380.22-3380.22) touches=1 strength=1,None,SWING_LOW price=3380.31 zone=(3380.31-3380.31) touches=1 strength=1,False,,False,,False,,False,,0,2,1.2315235041845385,,2025-08-27 07:00:00+00:00,3380.31,STOP LOSS,-1.0,-1.0,6912.593944375456,6843.468004931701
BUY,2025-08-27 11:00:00+00:00,3381.45,3373.89,3373.89,3389.0099999999998,3396.5699999999997,3404.1299999999997,1,90,"['H4 bullish context', 'H1 bullish trend', 'M15 bullish timing', 'Distance filter OK']",SWING_HIGH price=3386.47 zone=(3386.47-3386.47) touches=1 strength=1,SWING_HIGH price=3380.22 zone=(3380.22-3380.22) touches=1 strength=1,None,SWING_LOW price=3380.31 zone=(3380.31-3380.31) touches=1 strength=1,False,,False,,False,,False,,0,10,1.9618353872686438,,2025-08-27 13:30:00+00:00,3375.86,EXIT SIGNAL,-0.7394179894179539,-0.7394179894179539,6843.468004931701,6792.866171403174
BUY,2025-08-27 15:30:00+00:00,3381.68,3373.8,3389.5599999999995,3389.5599999999995,3397.439999999999,3405.319999999999,1,90,"['H4 bullish context', 'H1 bullish trend', 'M15 bullish timing', 'Distance filter OK']",SWING_HIGH price=3385.43 zone=(3385.43-3385.43) touches=1 strength=1,SWING_HIGH price=3380.22 zone=(3380.22-3380.22) touches=1 strength=1,None,SWING_LOW price=3380.31 zone=(3380.31-3380.31) touches=1 strength=1,True,2025-08-27 18:00:00+00:00,True,2025-08-27 18:00:00+00:00,True,2025-08-27 19:45:00+00:00,False,,1,46,0.9212229857584938,,2025-08-28 04:00:00+00:00,3389.5599999999995,PROFIT LOCK TP1,1.0,1.0,6792.866171403174,6860.794833117206
BUY,2025-08-28 07:15:00+00:00,3389.93,3384.61,3395.2499999999995,3395.2499999999995,3400.5699999999993,3405.889999999999,1,75,"['H4 bullish context', 'H1 bullish trend', 'H1 bullish structure', 'Distance filter OK']",SWING_HIGH price=3394.36 zone=(3394.36-3394.36) touches=1 strength=1,SWING_HIGH price=3389.40 zone=(3389.40-3389.40) touches=1 strength=1,None,SWING_LOW price=3384.61 zone=(3384.61-3384.61) touches=1 strength=1,True,2025-08-28 09:30:00+00:00,True,2025-08-28 09:30:00+00:00,True,2025-08-28 11:45:00+00:00,False,,1,23,0.0,,2025-08-28 13:00:00+00:00,3395.2499999999995,PROFIT LOCK TP1,1.0,1.0,6860.794833117206,6929.402781448378
BUY,2025-08-28 14:15:00+00:00,3397.52,3387.71,3397.62,3407.33,3417.14,3426.95,1,75,"['H4 bullish context', 'H1 bullish trend', 'H1 bullish structure', 'Distance filter OK']",None,SWING_HIGH price=3399.70 zone=(3399.70-3399.70) touches=1 strength=1,None,SWING_LOW price=3387.71 zone=(3387.71-3387.71) touches=1 strength=1,True,2025-08-28 14:30:00+00:00,True,2025-08-28 14:30:00+00:00,False,,False,,0,6,0.0,,2025-08-28 15:45:00+00:00,3397.62,BREAKEVEN,0.010193679918441346,0.010193679918441346,6929.402781448378,6930.109142588178
BUY,2025-08-28 16:15:00+00:00,3398.27,3387.71,3408.83,3408.83,3419.39,3429.95,1,75,"['H4 bullish context', 'H1 bullish trend', 'H1 bullish structure', 'Distance filter OK']",None,SWING_HIGH price=3399.70 zone=(3399.70-3399.70) touches=1 strength=1,None,SWING_LOW price=3387.71 zone=(3387.71-3387.71) touches=1 strength=1,True,2025-08-28 16:45:00+00:00,True,2025-08-28 16:45:00+00:00,True,2025-08-28 21:45:00+00:00,False,,1,44,0.6437448835305492,,2025-08-29 04:15:00+00:00,3410.31,EXIT SIGNAL,1.1401515151515176,1.1401515151515176,6930.109142588178,7009.122886979051
BUY,2025-08-29 06:15:00+00:00,3410.11,3407.98,3410.21,3412.2400000000002,3414.3700000000003,3416.5000000000005,1,75,"['H4 bullish context', 'H1 bullish trend', 'H1 bullish structure', 'Distance filter OK']",SWING_HIGH price=3423.18 zone=(3423.18-3423.18) touches=1 strength=1,SWING_HIGH price=3399.70 zone=(3399.70-3399.70) touches=1 strength=1,None,SWING_LOW price=3407.98 zone=(3407.98-3407.98) touches=1 strength=1,True,2025-08-29 06:30:00+00:00,True,2025-08-29 06:30:00+00:00,False,,False,,0,3,0.5970987543679275,,2025-08-29 07:00:00+00:00,3410.21,BREAKEVEN,0.04694835680746663,0.04694835680746663,7009.122886979051,7012.413555001104
BUY,2025-08-29 07:15:00+00:00,3409.42,3407.98,3407.98,3410.86,3412.3,3413.7400000000002,1,75,"['H4 bullish context', 'H1 bullish trend', 'H1 bullish structure', 'Distance filter OK']",SWING_HIGH price=3423.18 zone=(3423.18-3423.18) touches=1 strength=1,SWING_HIGH price=3399.70 zone=(3399.70-3399.70) touches=1 strength=1,None,SWING_LOW price=3407.98 zone=(3407.98-3407.98) touches=1 strength=1,False,,False,,False,,False,,0,3,1.5911277668242545,,2025-08-29 08:00:00+00:00,3407.98,STOP LOSS,-1.0,-1.0,7012.413555001104,6942.289419451093
BUY,2025-08-29 08:30:00+00:00,3408.08,3407.98,3408.2799999999997,3408.18,3408.2799999999997,3408.3799999999997,1,75,"['H4 bullish context', 'H1 bullish trend', 'H1 bullish structure', 'Distance filter OK']",SWING_HIGH price=3423.18 zone=(3423.18-3423.18) touches=1 strength=1,SWING_HIGH price=3399.70 zone=(3399.70-3399.70) touches=1 strength=1,None,SWING_LOW price=3407.98 zone=(3407.98-3407.98) touches=1 strength=1,True,2025-08-29 08:45:00+00:00,True,2025-08-29 08:45:00+00:00,True,2025-08-29 08:45:00+00:00,True,2025-08-29 08:45:00+00:00,2,1,0.0,,2025-08-29 08:45:00+00:00,3410.32,EXIT SIGNAL,22.400000000022736,22.400000000022736,6942.289419451093,8497.362249409716
BUY,2025-08-29 09:00:00+00:00,3410.32,3407.98,3407.98,3412.6600000000003,3415.0000000000005,3417.3400000000006,1,75,"['H4 bullish context', 'H1 bullish trend', 'H1 bullish structure', 'Distance filter OK']",SWING_HIGH price=3423.18 zone=(3423.18-3423.18) touches=1 strength=1,SWING_HIGH price=3399.70 zone=(3399.70-3399.70) touches=1 strength=1,None,SWING_LOW price=3407.98 zone=(3407.98-3407.98) touches=1 strength=1,False,,False,,False,,False,,0,5,0.0,,2025-08-29 10:15:00+00:00,3407.98,STOP LOSS,-1.0,-1.0,8497.362249409716,8412.38862691562
BUY,2025-08-29 10:45:00+00:00,3409.87,3407.98,3411.7599999999998,3411.7599999999998,3413.6499999999996,3415.5399999999995,1,75,"['H4 bullish context', 'H1 bullish trend', 'H1 bullish structure', 'Distance filter OK']",SWING_HIGH price=3423.18 zone=(3423.18-3423.18) touches=1 strength=1,SWING_HIGH price=3399.70 zone=(3399.70-3399.70) touches=1 strength=1,None,SWING_LOW price=3407.98 zone=(3407.98-3407.98) touches=1 strength=1,True,2025-08-29 11:00:00+00:00,True,2025-08-29 11:00:00+00:00,True,2025-08-29 11:00:00+00:00,False,,1,4,0.0,,2025-08-29 11:45:00+00:00,3411.7599999999998,PROFIT LOCK TP1,1.0,1.0,8412.38862691562,8496.512513184776
BUY,2025-08-29 12:00:00+00:00,3410.35,3407.98,3407.98,3412.72,3415.0899999999997,3417.4599999999996,1,75,"['H4 bullish context', 'H1 bullish trend', 'H1 bullish structure', 'Distance filter OK']",SWING_HIGH price=3423.18 zone=(3423.18-3423.18) touches=1 strength=1,SWING_HIGH price=3399.70 zone=(3399.70-3399.70) touches=1 strength=1,None,SWING_LOW price=3407.98 zone=(3407.98-3407.98) touches=1 strength=1,False,,False,,False,,False,,0,2,0.0,,2025-08-29 12:30:00+00:00,3407.98,STOP LOSS,-1.0,-1.0,8496.512513184776,8411.547388052928
BUY,2025-08-29 15:00:00+00:00,3410.48,3406.57,3406.57,3414.39,3418.2999999999997,3422.2099999999996,1,90,"['H4 bullish context', 'H1 bullish trend', 'M15 bullish timing', 'Distance filter OK']",SWING_HIGH price=3414.84 zone=(3414.84-3414.84) touches=1 strength=1,SWING_HIGH price=3399.70 zone=(3399.70-3399.70) touches=1 strength=1,None,SWING_LOW price=3407.98 zone=(3407.98-3407.98) touches=1 strength=1,False,,False,,False,,False,,0,1,0.0,,2025-08-29 15:15:00+00:00,3406.57,STOP LOSS,-1.0,-1.0,8411.547388052928,8327.431914172399
BUY,2025-08-29 15:45:00+00:00,3412.48,3406.57,3424.2999999999997,3418.39,3424.2999999999997,3430.2099999999996,1,90,"['H4 bullish context', 'H1 bullish trend', 'M15 bullish timing', 'Distance filter OK']",SWING_HIGH price=3423.18 zone=(3423.18-3423.18) touches=1 strength=1,SWING_HIGH price=3414.84 zone=(3414.84-3414.84) touches=1 strength=1,None,SWING_LOW price=3407.98 zone=(3407.98-3407.98) touches=1 strength=1,True,2025-08-29 16:00:00+00:00,True,2025-08-29 16:00:00+00:00,True,2025-08-29 16:30:00+00:00,True,2025-08-29 17:00:00+00:00,2,47,0.0,,2025-09-01 04:30:00+00:00,3447.05,EXIT SIGNAL,5.8494077834181075,5.8494077834181075,8327.431914172399,8814.537364718843
BUY,2025-09-01 04:45:00+00:00,3447.05,3441.01,3459.13,3453.09,3459.13,3465.17,1,75,"['H4 bullish context', 'H1 bullish trend', 'H1 bullish structure', 'Distance filter OK']",None,SWING_HIGH price=3453.87 zone=(3453.87-3453.87) touches=1 strength=1,None,SWING_LOW price=3441.01 zone=(3441.01-3441.01) touches=1 strength=1,True,2025-09-01 05:00:00+00:00,True,2025-09-01 05:00:00+00:00,True,2025-09-01 05:00:00+00:00,True,2025-09-01 05:00:00+00:00,2,2,0.0,,2025-09-01 05:15:00+00:00,3459.13,PROFIT LOCK TP2,2.0,2.0,8814.537364718843,8990.82811201322
BUY,2025-09-01 15:15:00+00:00,3470.01,3466.39,3477.250000000001,3473.6300000000006,3477.250000000001,3480.8700000000013,1,75,"['H4 bullish context', 'H1 bullish trend', 'H1 bullish structure', 'Distance filter OK']",SWING_HIGH price=3486.12 zone=(3486.12-3486.12) touches=1 strength=1,SWING_HIGH price=3453.87 zone=(3453.87-3453.87) touches=1 strength=1,None,SWING_LOW price=3466.39 zone=(3466.39-3466.39) touches=1 strength=1,True,2025-09-01 16:00:00+00:00,True,2025-09-01 16:00:00+00:00,True,2025-09-01 16:00:00+00:00,True,2025-09-01 17:15:00+00:00,2,9,0.0,,2025-09-01 17:30:00+00:00,3477.250000000001,PROFIT LOCK TP2,2.0,2.0,8990.82811201322,9170.644674253484
BUY,2025-09-01 19:00:00+00:00,3474.07,3466.39,3489.4300000000007,3481.7500000000005,3489.4300000000007,3497.110000000001,1,75,"['H4 bullish context', 'H1 bullish trend', 'H1 bullish structure', 'Distance filter OK']",SWING_HIGH price=3486.12 zone=(3486.12-3486.12) touches=1 strength=1,SWING_HIGH price=3453.87 zone=(3453.87-3453.87) touches=1 strength=1,None,SWING_LOW price=3466.39 zone=(3466.39-3466.39) touches=1 strength=1,True,2025-09-02 03:00:00+00:00,True,2025-09-02 03:00:00+00:00,True,2025-09-02 04:15:00+00:00,True,2025-09-02 04:15:00+00:00,2,43,0.0,,2025-09-02 09:15:00+00:00,3489.4300000000007,PROFIT LOCK TP2,2.0,2.0,9170.644674253484,9354.057567738555
BUY,2025-09-02 10:15:00+00:00,3484.11,3474.56,3474.56,3493.6600000000003,3503.2100000000005,3512.7600000000007,1,75,"['H4 bullish context', 'H1 bullish trend', 'H1 bullish structure', 'Distance filter OK']",SWING_HIGH price=3481.27 zone=(3481.27-3481.27) touches=1 strength=1,SWING_HIGH price=3453.87 zone=(3453.87-3453.87) touches=1 strength=1,None,SWING_LOW price=3474.56 zone=(3474.56-3474.56) touches=1 strength=1,False,,False,,False,,False,,0,2,0.0,,2025-09-02 10:45:00+00:00,3474.56,STOP LOSS,-1.0,-1.0,9354.057567738555,9260.51699206117
BUY,2025-09-02 13:00:00+00:00,3476.57,3474.56,3478.5800000000004,3478.5800000000004,3480.5900000000006,3482.600000000001,1,75,"['H4 bullish context', 'H1 bullish trend', 'H1 bullish structure', 'Distance filter OK']",SWING_HIGH price=3481.27 zone=(3481.27-3481.27) touches=1 strength=1,SWING_HIGH price=3453.87 zone=(3453.87-3453.87) touches=1 strength=1,None,SWING_LOW price=3474.56 zone=(3474.56-3474.56) touches=1 strength=1,True,2025-09-02 13:15:00+00:00,True,2025-09-02 13:15:00+00:00,True,2025-09-02 13:15:00+00:00,False,,1,1,0.0,,2025-09-02 13:15:00+00:00,3479.95,EXIT SIGNAL,1.6815920398006405,1.6815920398006405,9260.51699206117,9416.241108644057
BUY,2025-09-02 14:15:00+00:00,3483.37,3470.08,3509.95,3496.66,3509.95,3523.24,1,90,"['H4 bullish context', 'H1 bullish trend', 'M15 bullish timing', 'Distance filter OK']",SWING_HIGH price=3489.88 zone=(3489.88-3489.88) touches=1 strength=1,SWING_HIGH price=3486.12 zone=(3486.12-3486.12) touches=1 strength=1,None,SWING_LOW price=3474.56 zone=(3474.56-3474.56) touches=1 strength=1,True,2025-09-02 17:00:00+00:00,True,2025-09-02 17:00:00+00:00,True,2025-09-02 17:30:00+00:00,True,2025-09-02 19:00:00+00:00,2,136,0.15081024940601775,,2025-09-04 02:15:00+00:00,3557.99,EXIT SIGNAL,5.614747930775026,5.614747930775026,9416.241108644057,9944.939311448437
BUY,2025-09-04 04:30:00+00:00,3552.28,3532.37,3532.37,3572.1900000000005,3592.100000000001,3612.010000000001,1,75,"['H4 bullish context', 'H1 bullish trend', 'H1 bullish structure', 'Distance filter OK']",SWING_HIGH price=3546.85 zone=(3546.85-3546.85) touches=1 strength=1,SWING_HIGH price=3540.19 zone=(3540.19-3540.19) touches=1 strength=1,None,SWING_LOW price=3532.37 zone=(3532.37-3532.37) touches=1 strength=1,False,,False,,False,,False,,0,3,0.5013606443616484,,2025-09-04 05:15:00+00:00,3545.29,EXIT SIGNAL,-0.35107985936715863,-0.35107985936715863,9944.939311448437,9910.024632499655
BUY,2025-09-04 05:30:00+00:00,3545.29,3532.37,3532.37,3558.21,3571.13,3584.05,1,75,"['H4 bullish context', 'H1 bullish trend', 'H1 bullish structure', 'Distance filter OK']",SWING_HIGH price=3540.19 zone=(3540.19-3540.19) touches=1 strength=1,SWING_HIGH price=3508.72 zone=(3508.72-3508.72) touches=1 strength=1,SWING_LOW price=3532.37 zone=(3532.37-3532.37) touches=1 strength=1,SWING_LOW price=3527.03 zone=(3527.03-3527.03) touches=1 strength=1,False,,False,,False,,False,,0,1,1.4963470379180364,,2025-09-04 05:45:00+00:00,3532.37,STOP LOSS,-1.0,-1.0,9910.024632499655,9810.924386174658
BUY,2025-09-04 12:15:00+00:00,3543.65,3524.38,3524.38,3562.92,3582.19,3601.46,1,90,"['H4 bullish context', 'H1 bullish trend', 'M15 bullish timing', 'Distance filter OK']",SWING_HIGH price=3540.19 zone=(3540.19-3540.19) touches=1 strength=1,SWING_HIGH price=3508.72 zone=(3508.72-3508.72) touches=1 strength=1,None,SWING_LOW price=3532.37 zone=(3532.37-3532.37) touches=1 strength=1,False,,False,,False,,False,,0,21,1.419670608523569,,2025-09-04 17:30:00+00:00,3545.15,EXIT SIGNAL,0.07784120394395441,0.07784120394395441,9810.924386174658,9818.561327834888
BUY,2025-09-04 19:00:00+00:00,3552.77,3536.49,3536.49,3569.05,3585.3300000000004,3601.6100000000006,1,90,"['H4 bullish context', 'H1 bullish trend', 'M15 bullish timing', 'Distance filter OK']",SWING_HIGH price=3558.81 zone=(3558.81-3558.81) touches=1 strength=1,SWING_HIGH price=3546.85 zone=(3546.85-3546.85) touches=1 strength=1,None,SWING_LOW price=3536.49 zone=(3536.49-3536.49) touches=1 strength=1,False,,False,,False,,False,,0,8,1.9779695255932077,,2025-09-04 21:00:00+00:00,3543.55,EXIT SIGNAL,-0.5663390663390471,-0.5663390663390471,9818.561327834888,9762.954979282902
BUY,2025-09-04 23:15:00+00:00,3549.55,3535.08,3535.08,3564.0200000000004,3578.4900000000007,3592.960000000001,1,90,"['H4 bullish context', 'H1 bullish trend', 'M15 bullish timing', 'Distance filter OK']",SWING_HIGH price=3546.85 zone=(3546.85-3546.85) touches=1 strength=1,SWING_HIGH price=3540.19 zone=(3540.19-3540.19) touches=1 strength=1,None,SWING_LOW price=3536.49 zone=(3536.49-3536.49) touches=1 strength=1,False,,False,,False,,False,,0,3,0.0,,2025-09-05 01:00:00+00:00,3540.59,EXIT SIGNAL,-0.6192121630960524,-0.6192121630960524,9762.954979282902,9702.501574573591
BUY,2025-09-05 03:15:00+00:00,3550.92,3539.81,3539.81,3562.03,3573.1400000000003,3584.2500000000005,1,90,"['H4 bullish context', 'H1 bullish trend', 'M15 bullish timing', 'Distance filter OK']",SWING_HIGH price=3556.08 zone=(3556.08-3556.08) touches=1 strength=1,SWING_HIGH price=3546.85 zone=(3546.85-3546.85) touches=1 strength=1,None,SWING_LOW price=3539.81 zone=(3539.81-3539.81) touches=1 strength=1,False,,False,,False,,False,,0,24,0.0,,2025-09-05 09:15:00+00:00,3551.36,EXIT SIGNAL,0.03960396039604406,0.03960396039604406,9702.501574573591,9706.34414945461
BUY,2025-09-05 10:15:00+00:00,3550.31,3546.13,3546.13,3554.49,3558.6699999999996,3562.8499999999995,1,75,"['H4 bullish context', 'H1 bullish trend', 'H1 bullish structure', 'Distance filter OK']",SWING_HIGH price=3556.08 zone=(3556.08-3556.08) touches=1 strength=1,SWING_HIGH price=3546.85 zone=(3546.85-3546.85) touches=1 strength=1,None,SWING_LOW price=3546.13 zone=(3546.13-3546.13) touches=1 strength=1,False,,False,,False,,False,,0,3,0.7717220143067017,,2025-09-05 11:00:00+00:00,3546.92,EXIT SIGNAL,-0.8110047846889965,-0.8110047846889965,9706.34414945461,9627.625233984152
BUY,2025-09-05 11:15:00+00:00,3546.92,3546.13,3548.5,3547.71,3548.5,3549.29,1,75,"['H4 bullish context', 'H1 bullish trend', 'H1 bullish structure', 'Distance filter OK']",SWING_HIGH price=3546.85 zone=(3546.85-3546.85) touches=1 strength=1,SWING_HIGH price=3540.19 zone=(3540.19-3540.19) touches=1 strength=1,SWING_LOW price=3546.13 zone=(3546.13-3546.13) touches=1 strength=1,SWING_LOW price=3539.81 zone=(3539.81-3539.81) touches=1 strength=1,True,2025-09-05 11:30:00+00:00,True,2025-09-05 11:30:00+00:00,True,2025-09-05 11:30:00+00:00,True,2025-09-05 11:30:00+00:00,2,1,0.0,,2025-09-05 11:30:00+00:00,3548.71,EXIT SIGNAL,2.265822784810185,2.265822784810185,9627.625233984152,9845.7701601719
BUY,2025-09-05 11:45:00+00:00,3548.71,3546.13,3546.13,3551.29,3553.87,3556.45,1,75,"['H4 bullish context', 'H1 bullish trend', 'H1 bullish structure', 'Distance filter OK']",SWING_HIGH price=3546.85 zone=(3546.85-3546.85) touches=1 strength=1,SWING_HIGH price=3540.19 zone=(3540.19-3540.19) touches=1 strength=1,SWING_LOW price=3546.13 zone=(3546.13-3546.13) touches=1 strength=1,SWING_LOW price=3539.81 zone=(3539.81-3539.81) touches=1 strength=1,False,,False,,False,,False,,0,1,0.0,,2025-09-05 12:00:00+00:00,3546.13,STOP LOSS,-1.0,-1.0,9845.7701601719,9747.31245857018
BUY,2025-09-05 12:15:00+00:00,3549.06,3546.13,3551.99,3551.99,3554.9199999999996,3557.8499999999995,1,75,"['H4 bullish context', 'H1 bullish trend', 'H1 bullish structure', 'Distance filter OK']",SWING_HIGH price=3556.08 zone=(3556.08-3556.08) touches=1 strength=1,SWING_HIGH price=3546.85 zone=(3546.85-3546.85) touches=1 strength=1,None,SWING_LOW price=3546.13 zone=(3546.13-3546.13) touches=1 strength=1,True,2025-09-05 12:45:00+00:00,True,2025-09-05 12:45:00+00:00,True,2025-09-05 14:00:00+00:00,False,,1,8,0.0,,2025-09-05 14:15:00+00:00,3551.99,PROFIT LOCK TP1,1.0,1.0,9747.31245857018,9844.785583155883
BUY,2025-09-05 14:45:00+00:00,3551.51,3544.76,3565.01,3558.26,3565.01,3571.76,1,90,"['H4 bullish context', 'H1 bullish trend', 'M15 bullish timing', 'Distance filter OK']",SWING_HIGH price=3556.08 zone=(3556.08-3556.08) touches=1 strength=1,SWING_HIGH price=3546.85 zone=(3546.85-3546.85) touches=1 strength=1,None,SWING_LOW price=3546.13 zone=(3546.13-3546.13) touches=1 strength=1,True,2025-09-05 15:30:00+00:00,True,2025-09-05 15:30:00+00:00,True,2025-09-05 15:30:00+00:00,True,2025-09-05 15:30:00+00:00,2,59,0.8879800554637038,,2025-09-08 06:30:00+00:00,3584.15,EXIT SIGNAL,4.835555555555537,4.835555555555537,9844.785583155883,10320.835659354707
BUY,2025-09-08 06:45:00+00:00,3584.15,3578.53,3578.53,3589.77,3595.39,3601.0099999999998,1,75,"['H4 bullish context', 'H1 bullish trend', 'H1 bullish structure', 'Distance filter OK']",SWING_HIGH price=3596.78 zone=(3596.78-3596.78) touches=1 strength=1,SWING_HIGH price=3578.47 zone=(3578.47-3578.47) touches=1 strength=1,None,SWING_LOW price=3578.53 zone=(3578.53-3578.53) touches=1 strength=1,False,,False,,False,,False,,0,3,1.355323210006463,,2025-09-08 07:30:00+00:00,3581.5,EXIT SIGNAL,-0.47153024911034563,-0.47153024911034563,10320.835659354707,10272.169797259883
BUY,2025-09-08 07:45:00+00:00,3581.5,3578.53,3584.47,3584.47,3587.4399999999996,3590.4099999999994,1,75,"['H4 bullish context', 'H1 bullish trend', 'H1 bullish structure', 'Distance filter OK']",SWING_HIGH price=3596.78 zone=(3596.78-3596.78) touches=1 strength=1,SWING_HIGH price=3578.47 zone=(3578.47-3578.47) touches=1 strength=1,None,SWING_LOW price=3578.53 zone=(3578.53-3578.53) touches=1 strength=1,True,2025-09-08 08:30:00+00:00,True,2025-09-08 08:30:00+00:00,True,2025-09-08 08:30:00+00:00,False,,1,3,0.0,,2025-09-08 08:30:00+00:00,3587.34,EXIT SIGNAL,1.966329966330148,1.966329966330148,10272.169797259883,10474.15455017572
BUY,2025-09-08 08:45:00+00:00,3587.34,3578.53,3604.96,3596.15,3604.96,3613.77,1,75,"['H4 bullish context', 'H1 bullish trend', 'H1 bullish structure', 'Distance filter OK']",SWING_HIGH price=3596.78 zone=(3596.78-3596.78) touches=1 strength=1,SWING_HIGH price=3578.47 zone=(3578.47-3578.47) touches=1 strength=1,None,SWING_LOW price=3578.53 zone=(3578.53-3578.53) touches=1 strength=1,True,2025-09-08 09:30:00+00:00,True,2025-09-08 09:30:00+00:00,True,2025-09-08 10:15:00+00:00,True,2025-09-08 11:15:00+00:00,2,95,0.0,,2025-09-09 09:30:00+00:00,3649.66,EXIT SIGNAL,7.073779795686731,7.073779795686731,10474.15455017572,11215.073178515051
BUY,2025-09-09 11:15:00+00:00,3642.85,3636.59,3649.1099999999997,3649.1099999999997,3655.3699999999994,3661.629999999999,1,75,"['H4 bullish context', 'H1 bullish trend', 'H1 bullish structure', 'Distance filter OK']",SWING_HIGH price=3659.31 zone=(3659.31-3659.31) touches=1 strength=1,SWING_HIGH price=3646.35 zone=(3646.35-3646.35) touches=1 strength=1,None,SWING_LOW price=3636.59 zone=(3636.59-3636.59) touches=1 strength=1,True,2025-09-09 11:30:00+00:00,True,2025-09-09 11:30:00+00:00,True,2025-09-09 12:00:00+00:00,False,,1,10,0.0,,2025-09-09 13:45:00+00:00,3649.1099999999997,PROFIT LOCK TP1,1.0,1.0,11215.073178515051,11327.223910300201
BUY,2025-09-09 17:15:00+00:00,3651.46,3636.59,3636.59,3666.33,3681.2,3696.0699999999997,1,90,"['H4 bullish context', 'H1 bullish trend', 'M15 bullish timing', 'Distance filter OK']",SWING_HIGH price=3646.35 zone=(3646.35-3646.35) touches=1 strength=1,SWING_HIGH price=3637.85 zone=(3637.85-3637.85) touches=1 strength=1,None,SWING_LOW price=3636.59 zone=(3636.59-3636.59) touches=1 strength=1,False,,False,,False,,False,,0,1,0.0,,2025-09-09 17:30:00+00:00,3636.59,STOP LOSS,-1.0,-1.0,11327.223910300201,11213.9516711972
BUY,2025-09-09 19:15:00+00:00,3648.76,3636.59,3636.59,3660.9300000000003,3673.1000000000004,3685.2700000000004,1,75,"['H4 bullish context', 'H1 bullish trend', 'H1 bullish structure', 'Distance filter OK']",SWING_HIGH price=3646.35 zone=(3646.35-3646.35) touches=1 strength=1,SWING_HIGH price=3637.85 zone=(3637.85-3637.85) touches=1 strength=1,None,SWING_LOW price=3636.59 zone=(3636.59-3636.59) touches=1 strength=1,False,,False,,False,,False,,0,3,0.0,,2025-09-09 20:00:00+00:00,3643.88,EXIT SIGNAL,-0.4009860312243287,-0.4009860312243287,11213.9516711972,11168.985291447452
BUY,2025-09-10 17:45:00+00:00,3648.78,3640.41,3640.41,3657.1500000000005,3665.520000000001,3673.8900000000012,1,75,"['H4 bullish context', 'H1 bullish trend', 'H1 bullish structure', 'Distance filter OK']",SWING_HIGH price=3656.61 zone=(3656.61-3656.61) touches=1 strength=1,SWING_HIGH price=3646.35 zone=(3646.35-3646.35) touches=1 strength=1,None,SWING_LOW price=3640.41 zone=(3640.41-3640.41) touches=1 strength=1,False,,False,,False,,False,,0,2,1.0000000000000009,,2025-09-10 18:15:00+00:00,3640.41,STOP LOSS,-1.0,-1.0,11168.985291447452,11057.295438532978
BUY,2025-09-10 18:45:00+00:00,3647.14,3640.41,3640.41,3653.87,3660.6,3667.33,1,75,"['H4 bullish context', 'H1 bullish trend', 'H1 bullish structure', 'Distance filter OK']",SWING_HIGH price=3646.35 zone=(3646.35-3646.35) touches=1 strength=1,SWING_HIGH price=3640.60 zone=(3640.60-3640.60) touches=1 strength=1,None,SWING_LOW price=3640.41 zone=(3640.41-3640.41) touches=1 strength=1,False,,False,,False,,False,,0,3,1.9900000000000064,,2025-09-10 19:30:00+00:00,3640.41,STOP LOSS,-1.0,-1.0,11057.295438532978,10946.722484147647
BUY,2025-09-10 21:15:00+00:00,3647.4,3638.44,3638.44,3656.36,3665.32,3674.28,1,90,"['H4 bullish context', 'H1 bullish trend', 'M15 bullish timing', 'Distance filter OK']",SWING_HIGH price=3646.35 zone=(3646.35-3646.35) touches=1 strength=1,SWING_HIGH price=3640.60 zone=(3640.60-3640.60) touches=1 strength=1,None,SWING_LOW price=3640.41 zone=(3640.41-3640.41) touches=1 strength=1,False,,False,,False,,False,,0,5,2.970100000000013,,2025-09-10 22:30:00+00:00,3638.44,STOP LOSS,-1.0,-1.0,10946.722484147647,10837.25525930617
BUY,2025-09-11 03:15:00+00:00,3646.48,3634.98,3634.98,3657.98,3669.48,3680.98,1,90,"['H4 bullish context', 'H1 bullish trend', 'M15 bullish timing', 'Distance filter OK']",SWING_HIGH price=3646.35 zone=(3646.35-3646.35) touches=1 strength=1,SWING_HIGH price=3640.60 zone=(3640.60-3640.60) touches=1 strength=1,None,SWING_LOW price=3640.41 zone=(3640.41-3640.41) touches=1 strength=1,False,,False,,False,,False,,0,8,0.734782608695635,,2025-09-11 05:15:00+00:00,3638.03,EXIT SIGNAL,-0.7347826086956364,-0.7347826086956364,10837.25525930617,10757.624992400835
BUY,2025-09-11 17:00:00+00:00,3630.28,3614.17,3614.17,3646.3900000000003,3662.5000000000005,3678.6100000000006,1,90,"['H4 bullish context', 'H1 bullish trend', 'M15 bullish timing', 'Distance filter OK']",SWING_HIGH price=3637.85 zone=(3637.85-3637.85) touches=1 strength=1,SWING_HIGH price=3600.10 zone=(3600.10-3600.10) touches=1 strength=1,SWING_LOW price=3631.76 zone=(3631.76-3631.76) touches=1 strength=1,SWING_LOW price=3628.20 zone=(3628.20-3628.20) touches=1 strength=1,False,,False,,False,,False,,0,36,0.20093108372954271,,2025-09-12 03:00:00+00:00,3633.5,EXIT SIGNAL,0.19987585350712442,0.19987585350712442,10757.624992400835,10779.126887171491
BUY,2025-09-12 04:15:00+00:00,3642.87,3630.31,3642.97,3655.43,3667.99,3680.5499999999997,1,90,"['H4 bullish context', 'H1 bullish trend', 'M15 bullish timing', 'Distance filter OK']",SWING_HIGH price=3649.11 zone=(3649.11-3649.11) touches=1 strength=1,SWING_HIGH price=3646.35 zone=(3646.35-3646.35) touches=1 strength=1,None,SWING_LOW price=3640.41 zone=(3640.41-3640.41) touches=1 strength=1,True,2025-09-12 07:30:00+00:00,True,2025-09-12 07:30:00+00:00,False,,False,,0,28,0.19298529798779687,,2025-09-12 11:15:00+00:00,3642.97,BREAKEVEN,0.00796178343948324,0.00796178343948324,10779.126887171491,10779.985097910916
BUY,2025-09-12 11:30:00+00:00,3645.09,3630.57,3630.57,3659.61,3674.13,3688.65,1,75,"['H4 bullish context', 'H1 bullish trend', 'H1 bullish structure', 'Distance filter OK']",SWING_HIGH price=3641.85 zone=(3641.85-3641.85) touches=1 strength=1,SWING_HIGH price=3640.60 zone=(3640.60-3640.60) touches=1 strength=1,None,SWING_LOW price=3640.41 zone=(3640.41-3640.41) touches=1 strength=1,False,,False,,False,,False,,0,3,0.1331835743027146,,2025-09-12 12:15:00+00:00,3645.96,EXIT SIGNAL,0.05991735537189338,0.05991735537189338,10779.985097910916,10786.444179891068
BUY,2025-09-12 12:45:00+00:00,3644.35,3630.57,3630.57,3658.1299999999997,3671.9099999999994,3685.689999999999,1,75,"['H4 bullish context', 'H1 bullish trend', 'H1 bullish structure', 'Distance filter OK']",SWING_HIGH price=3649.11 zone=(3649.11-3649.11) touches=1 strength=1,SWING_HIGH price=3646.35 zone=(3646.35-3646.35) touches=1 strength=1,None,SWING_LOW price=3640.41 zone=(3640.41-3640.41) touches=1 strength=1,False,,False,,False,,False,,0,10,0.2629089744492992,,2025-09-12 15:15:00+00:00,3642.56,EXIT SIGNAL,-0.12989840348330892,-0.12989840348330892,10786.444179891068,10772.432761108772
BUY,2025-09-12 17:15:00+00:00,3651.85,3638.15,3638.15,3665.5499999999997,3679.2499999999995,3692.9499999999994,1,90,"['H4 bullish context', 'H1 bullish trend', 'M15 bullish timing', 'Distance filter OK']",SWING_HIGH price=3649.11 zone=(3649.11-3649.11) touches=1 strength=1,SWING_HIGH price=3646.35 zone=(3646.35-3646.35) touches=1 strength=1,None,SWING_LOW price=3640.41 zone=(3640.41-3640.41) touches=1 strength=1,False,,False,,False,,False,,0,4,0.7965388118341847,,2025-09-12 18:15:00+00:00,3644.52,EXIT SIGNAL,-0.5350364963503668,-0.5350364963503668,10772.432761108772,10714.796314292036
BUY,2025-09-12 19:15:00+00:00,3643.71,3638.15,3643.81,3649.27,3654.83,3660.39,1,75,"['H4 bullish context', 'H1 bullish trend', 'H1 bullish structure', 'Distance filter OK']",SWING_HIGH price=3649.71 zone=(3649.71-3649.71) touches=1 strength=1,SWING_HIGH price=3649.11 zone=(3649.11-3649.11) touches=1 strength=1,None,SWING_LOW price=3640.41 zone=(3640.41-3640.41) touches=1 strength=1,True,2025-09-12 19:45:00+00:00,True,2025-09-12 19:45:00+00:00,False,,False,,0,13,0.42184948000838,,2025-09-12 22:30:00+00:00,3645.81,EXIT SIGNAL,0.37769784172660603,0.37769784172660603,10714.796314292036,10755.26586871652
BUY,2025-09-15 05:30:00+00:00,3643.04,3641.95,3641.95,3644.13,3645.2200000000003,3646.3100000000004,1,90,"['H4 bullish context', 'H1 bullish trend', 'M15 bullish timing', 'Distance filter OK']",SWING_HIGH price=3641.85 zone=(3641.85-3641.85) touches=1 strength=1,SWING_HIGH price=3640.60 zone=(3640.60-3640.60) touches=1 strength=1,SWING_LOW price=3641.95 zone=(3641.95-3641.95) touches=1 strength=1,SWING_LOW price=3640.41 zone=(3640.41-3640.41) touches=1 strength=1,False,,False,,False,,False,,0,1,1.0000000000000036,,2025-09-15 05:45:00+00:00,3641.95,STOP LOSS,-1.0,-1.0,10755.26586871652,10647.713210029355
BUY,2025-09-15 12:15:00+00:00,3644.4,3633.61,3633.61,3655.19,3665.98,3676.77,1,90,"['H4 bullish context', 'H1 bullish trend', 'M15 bullish timing', 'Distance filter OK']",SWING_HIGH price=3641.85 zone=(3641.85-3641.85) touches=1 strength=1,SWING_HIGH price=3640.60 zone=(3640.60-3640.60) touches=1 strength=1,SWING_LOW price=3641.95 zone=(3641.95-3641.95) touches=1 strength=1,SWING_LOW price=3640.41 zone=(3640.41-3640.41) touches=1 strength=1,False,,False,,False,,False,,0,3,1.0155977757182637,,2025-09-15 13:00:00+00:00,3644.23,EXIT SIGNAL,-0.015755329008347852,-0.015755329008347852,10647.713210029355,10646.03562778125
BUY,2025-09-15 13:15:00+00:00,3644.23,3633.61,3633.61,3654.85,3665.47,3676.0899999999997,1,90,"['H4 bullish context', 'H1 bullish trend', 'M15 bullish timing', 'Distance filter OK']",SWING_HIGH price=3640.60 zone=(3640.60-3640.60) touches=1 strength=1,SWING_HIGH price=3638.24 zone=(3638.24-3638.24) touches=1 strength=1,SWING_LOW price=3640.41 zone=(3640.41-3640.41) touches=1 strength=1,SWING_LOW price=3638.44 zone=(3638.44-3638.44) touches=1 strength=1,False,,False,,False,,False,,0,9,0.9960245888377393,,2025-09-15 15:30:00+00:00,3644.44,EXIT SIGNAL,0.019774011299438655,0.019774011299438655,10646.03562778125,10648.140776069231
BUY,2025-09-15 16:15:00+00:00,3649.42,3633.61,3681.04,3665.23,3681.04,3696.85,1,90,"['H4 bullish context', 'H1 bullish trend', 'M15 bullish timing', 'Distance filter OK']",SWING_HIGH price=3657.57 zone=(3657.57-3657.57) touches=1 strength=1,SWING_HIGH price=3656.64 zone=(3656.64-3656.64) touches=1 strength=1,None,SWING_LOW price=3641.95 zone=(3641.95-3641.95) touches=1 strength=1,True,2025-09-15 18:00:00+00:00,True,2025-09-15 18:00:00+00:00,True,2025-09-15 18:45:00+00:00,True,2025-09-16 11:15:00+00:00,2,92,0.0,,2025-09-16 16:15:00+00:00,3694.13,EXIT SIGNAL,2.827956989247324,2.827956989247324,10648.140776069231,10949.265617370975
BUY,2025-09-17 04:00:00+00:00,3691.38,3678.87,3678.87,3703.8900000000003,3716.4000000000005,3728.9100000000008,1,75,"['H4 bullish context', 'H1 bullish trend', 'H1 bullish structure', 'Distance filter OK']",SWING_HIGH price=3699.48 zone=(3699.48-3699.48) touches=1 strength=1,SWING_HIGH price=3689.42 zone=(3689.42-3689.42) touches=1 strength=1,None,SWING_LOW price=3678.87 zone=(3678.87-3678.87) touches=1 strength=1,False,,False,,False,,False,,0,2,1.0000000000000042,,2025-09-17 04:30:00+00:00,3678.87,STOP LOSS,-1.0,-1.0,10949.265617370975,10839.772961197265
BUY,2025-09-17 15:45:00+00:00,3674.46,3674.11,3674.11,3674.81,3675.16,3675.5099999999998,1,90,"['H4 bullish context', 'H1 bullish trend', 'M15 bullish timing', 'Distance filter OK']",SWING_HIGH price=3682.78 zone=(3682.78-3682.78) touches=1 strength=1,SWING_HIGH price=3674.35 zone=(3674.35-3674.35) touches=1 strength=1,SWING_LOW price=3678.87 zone=(3678.87-3678.87) touches=1 strength=1,SWING_LOW price=3676.13 zone=(3676.13-3676.13) touches=1 strength=1,False,,False,,False,,False,,0,1,1.9899999999999978,,2025-09-17 16:00:00+00:00,3674.11,STOP LOSS,-1.0,-1.0,10839.772961197265,10731.375231585293
BUY,2025-09-18 11:00:00+00:00,3658.99,3652.05,3665.9299999999994,3665.9299999999994,3672.869999999999,3679.8099999999986,1,90,"['H4 bullish context', 'H1 bullish trend', 'M15 bullish timing', 'Distance filter OK']",SWING_HIGH price=3672.05 zone=(3672.05-3672.05) touches=1 strength=1,SWING_HIGH price=3657.57 zone=(3657.57-3657.57) touches=1 strength=1,SWING_LOW price=3659.54 zone=(3659.54-3659.54) touches=1 strength=1,SWING_LOW price=3652.05 zone=(3652.05-3652.05) touches=1 strength=1,True,2025-09-18 12:00:00+00:00,True,2025-09-18 12:00:00+00:00,True,2025-09-18 12:30:00+00:00,False,,1,9,0.0,,2025-09-18 13:15:00+00:00,3665.9299999999994,PROFIT LOCK TP1,1.0,1.0,10731.375231585293,10838.688983901146
BUY,2025-09-19 04:15:00+00:00,3648.08,3640.47,3640.47,3655.69,3663.3,3670.9100000000003,1,90,"['H4 bullish context', 'H1 bullish trend', 'M15 bullish timing', 'Distance filter OK']",SWING_HIGH price=3641.85 zone=(3641.85-3641.85) touches=1 strength=1,SWING_HIGH price=3638.24 zone=(3638.24-3638.24) touches=1 strength=1,SWING_LOW price=3640.47 zone=(3640.47-3640.47) touches=1 strength=1,SWING_LOW price=3638.44 zone=(3638.44-3638.44) touches=1 strength=1,False,,False,,False,,False,,0,2,1.0000000000000044,,2025-09-19 04:45:00+00:00,3640.47,STOP LOSS,-1.0,-1.0,10838.688983901146,10730.302094062134
BUY,2025-09-19 06:15:00+00:00,3646.94,3631.97,3631.97,3661.9100000000003,3676.8800000000006,3691.850000000001,1,90,"['H4 bullish context', 'H1 bullish trend', 'M15 bullish timing', 'Distance filter OK']",SWING_HIGH price=3654.22 zone=(3654.22-3654.22) touches=1 strength=1,SWING_HIGH price=3652.15 zone=(3652.15-3652.15) touches=1 strength=1,SWING_LOW price=3659.54 zone=(3659.54-3659.54) touches=1 strength=1,SWING_LOW price=3652.05 zone=(3652.05-3652.05) touches=1 strength=1,False,,False,,False,,False,,0,14,0.9973547094188434,,2025-09-19 09:45:00+00:00,3646.98,EXIT SIGNAL,0.0026720106880402765,0.0026720106880402765,10730.302094062134,10730.588808880946
BUY,2025-09-19 14:15:00+00:00,3652.66,3643.36,3643.36,3661.9599999999996,3671.2599999999993,3680.559999999999,1,75,"['H4 bullish context', 'H1 bullish trend', 'H1 bullish structure', 'Distance filter OK']",SWING_HIGH price=3650.60 zone=(3650.60-3650.60) touches=1 strength=1,SWING_HIGH price=3647.06 zone=(3647.06-3647.06) touches=1 strength=1,SWING_LOW price=3652.05 zone=(3652.05-3652.05) touches=1 strength=1,SWING_LOW price=3646.12 zone=(3646.12-3646.12) touches=1 strength=1,False,,False,,False,,False,,0,3,1.2102636240222544,,2025-09-19 15:00:00+00:00,3650.66,EXIT SIGNAL,-0.21505376344086652,-0.21505376344086652,10730.588808880946,10707.512273808083
BUY,2025-09-19 16:45:00+00:00,3656.64,3643.36,3683.1999999999994,3669.9199999999996,3683.1999999999994,3696.479999999999,1,90,"['H4 bullish context', 'H1 bullish trend', 'M15 bullish timing', 'Distance filter OK']",SWING_HIGH price=3672.05 zone=(3672.05-3672.05) touches=1 strength=1,SWING_HIGH price=3661.05 zone=(3661.05-3661.05) touches=1 strength=1,SWING_LOW price=3674.11 zone=(3674.11-3674.11) touches=1 strength=1,SWING_LOW price=3659.54 zone=(3659.54-3659.54) touches=1 strength=1,True,2025-09-19 18:00:00+00:00,True,2025-09-19 18:00:00+00:00,True,2025-09-19 21:45:00+00:00,True,2025-09-22 04:15:00+00:00,2,142,0.14192209112665477,,2025-09-23 06:15:00+00:00,3742.9,EXIT SIGNAL,6.495481927710984,6.495481927710984,10707.512273808083,11403.016798460723
BUY,2025-09-23 06:30:00+00:00,3742.9,3738.26,3752.18,3747.54,3752.18,3756.8199999999997,1,75,"['H4 bullish context', 'H1 bullish trend', 'H1 bullish structure', 'Distance filter OK']",SWING_HIGH price=3748.75 zone=(3748.75-3748.75) touches=1 strength=1,SWING_HIGH price=3707.45 zone=(3707.45-3707.45) touches=1 strength=1,None,SWING_LOW price=3738.26 zone=(3738.26-3738.26) touches=1 strength=1,True,2025-09-23 07:30:00+00:00,True,2025-09-23 07:30:00+00:00,True,2025-09-23 08:30:00+00:00,True,2025-09-23 08:30:00+00:00,2,10,0.0,,2025-09-23 09:00:00+00:00,3752.18,PROFIT LOCK TP2,2.0,2.0,11403.016798460723,11631.077134429937
BUY,2025-09-23 09:15:00+00:00,3754.59,3737.0,3772.1800000000003,3772.1800000000003,3789.7700000000004,3807.3600000000006,1,75,"['H4 bullish context', 'H1 bullish trend', 'M15 bullish timing']",SWING_HIGH price=3759.39 zone=(3759.39-3759.39) touches=1 strength=1,SWING_HIGH price=3748.75 zone=(3748.75-3748.75) touches=1 strength=1,None,SWING_LOW price=3738.26 zone=(3738.26-3738.26) touches=1 strength=1,True,2025-09-23 11:45:00+00:00,True,2025-09-23 11:45:00+00:00,True,2025-09-23 12:15:00+00:00,False,,1,32,0.0,,2025-09-23 17:15:00+00:00,3772.1800000000003,PROFIT LOCK TP1,1.0,1.0,11631.077134429937,11747.387905774236
BUY,2025-09-24 02:30:00+00:00,3769.38,3751.56,3751.56,3787.2000000000003,3805.0200000000004,3822.8400000000006,1,90,"['H4 bullish context', 'H1 bullish trend', 'M15 bullish timing', 'Distance filter OK']",SWING_HIGH price=3785.43 zone=(3785.43-3785.43) touches=1 strength=1,SWING_HIGH price=3759.39 zone=(3759.39-3759.39) touches=1 strength=1,None,SWING_LOW price=3751.56 zone=(3751.56-3751.56) touches=1 strength=1,False,,False,,False,,False,,0,9,0.730078563411912,,2025-09-24 04:45:00+00:00,3756.37,EXIT SIGNAL,-0.7300785634119022,-0.7300785634119022,11747.387905774236,11661.622744913335
BUY,2025-09-24 06:45:00+00:00,3764.38,3751.56,3764.48,3777.2000000000003,3790.0200000000004,3802.8400000000006,1,90,"['H4 bullish context', 'H1 bullish trend', 'M15 bullish timing', 'Distance filter OK']",SWING_HIGH price=3771.65 zone=(3771.65-3771.65) touches=1 strength=1,SWING_HIGH price=3759.39 zone=(3759.39-3759.39) touches=1 strength=1,None,SWING_LOW price=3751.56 zone=(3751.56-3751.56) touches=1 strength=1,True,2025-09-24 10:30:00+00:00,True,2025-09-24 10:30:00+00:00,False,,False,,0,23,0.7223351998053329,,2025-09-24 12:30:00+00:00,3764.48,BREAKEVEN,0.007800312012473306,0.007800312012473306,11661.622744913335,11662.532387873154
BUY,2025-09-25 09:45:00+00:00,3741.94,3729.05,3742.04,3754.83,3767.72,3780.6099999999997,1,90,"['H4 bullish context', 'H1 bullish trend', 'M15 bullish timing', 'Distance filter OK']",SWING_HIGH price=3748.75 zone=(3748.75-3748.75) touches=1 strength=1,SWING_HIGH price=3707.45 zone=(3707.45-3707.45) touches=1 strength=1,SWING_LOW price=3750.58 zone=(3750.58-3750.58) touches=1 strength=1,SWING_LOW price=3738.26 zone=(3738.26-3738.26) touches=1 strength=1,True,2025-09-25 11:00:00+00:00,True,2025-09-25 11:00:00+00:00,False,,False,,0,17,0.0,,2025-09-25 14:00:00+00:00,3742.04,BREAKEVEN,0.007757951900691237,0.007757951900691237,11662.532387873154,11663.437161526208
BUY,2025-09-25 14:15:00+00:00,3743.39,3729.05,3729.05,3757.7299999999996,3772.0699999999993,3786.409999999999,1,75,"['H4 bullish context', 'H1 bullish trend', 'H1 bullish structure', 'Distance filter OK']",SWING_HIGH price=3758.75 zone=(3758.75-3758.75) touches=1 strength=1,SWING_HIGH price=3751.46 zone=(3751.46-3751.46) touches=1 strength=1,None,SWING_LOW price=3751.56 zone=(3751.56-3751.56) touches=1 strength=1,False,,False,,False,,False,,0,6,0.32699604961192513,,2025-09-25 15:45:00+00:00,3738.59,EXIT SIGNAL,-0.33472803347279156,-0.33472803347279156,11663.437161526208,11624.396367680098
BUY,2025-09-25 16:00:00+00:00,3738.59,3729.05,3729.05,3748.13,3757.67,3767.21,1,75,"['H4 bullish context', 'H1 bullish trend', 'H1 bullish structure', 'Distance filter OK']",SWING_HIGH price=3748.75 zone=(3748.75-3748.75) touches=1 strength=1,SWING_HIGH price=3707.45 zone=(3707.45-3707.45) touches=1 strength=1,SWING_LOW price=3750.58 zone=(3750.58-3750.58) touches=1 strength=1,SWING_LOW price=3738.26 zone=(3738.26-3738.26) touches=1 strength=1,False,,False,,False,,False,,0,2,1.3237260891158085,,2025-09-25 16:30:00+00:00,3729.05,STOP LOSS,-1.0,-1.0,11624.396367680098,11508.152404003296
BUY,2025-09-25 17:00:00+00:00,3733.46,3729.05,3729.05,3737.87,3742.2799999999997,3746.6899999999996,1,75,"['H4 bullish context', 'H1 bullish trend', 'H1 bullish structure', 'Distance filter OK']",SWING_HIGH price=3748.75 zone=(3748.75-3748.75) touches=1 strength=1,SWING_HIGH price=3707.45 zone=(3707.45-3707.45) touches=1 strength=1,SWING_LOW price=3737.00 zone=(3737.00-3737.00) touches=1 strength=1,SWING_LOW price=3729.05 zone=(3729.05-3729.05) touches=1 strength=1,False,,False,,False,,False,,0,1,2.310488828224654,,2025-09-25 17:15:00+00:00,3729.05,STOP LOSS,-1.0,-1.0,11508.152404003296,11393.070879963263
BUY,2025-09-25 17:30:00+00:00,3733.35,3729.05,3729.05,3737.6499999999996,3741.9499999999994,3746.249999999999,1,75,"['H4 bullish context', 'H1 bullish trend', 'H1 bullish structure', 'Distance filter OK']",SWING_HIGH price=3748.75 zone=(3748.75-3748.75) touches=1 strength=1,SWING_HIGH price=3707.45 zone=(3707.45-3707.45) touches=1 strength=1,SWING_LOW price=3737.00 zone=(3737.00-3737.00) touches=1 strength=1,SWING_LOW price=3729.05 zone=(3729.05-3729.05) touches=1 strength=1,False,,False,,False,,False,,0,1,3.287383939942411,,2025-09-25 17:45:00+00:00,3729.05,STOP LOSS,-1.0,-1.0,11393.070879963263,11279.14017116363
BUY,2025-09-26 09:15:00+00:00,3751.55,3734.6,3734.6,3768.5000000000005,3785.4500000000007,3802.400000000001,1,90,"['H4 bullish context', 'H1 bullish trend', 'M15 bullish timing', 'Distance filter OK']",SWING_HIGH price=3748.75 zone=(3748.75-3748.75) touches=1 strength=1,SWING_HIGH price=3692.40 zone=(3692.40-3692.40) touches=1 strength=1,SWING_LOW price=3750.58 zone=(3750.58-3750.58) touches=1 strength=1,SWING_LOW price=3738.26 zone=(3738.26-3738.26) touches=1 strength=1,False,,False,,False,,False,,0,4,0.37168141592920156,,2025-09-26 10:15:00+00:00,3745.25,EXIT SIGNAL,-0.3716814159292083,-0.3716814159292083,11279.14017116363,11237.21770327081
BUY,2025-09-26 14:30:00+00:00,3751.14,3739.22,3763.06,3763.06,3774.98,3786.9,1,75,"['H4 bullish context', 'H1 bullish trend', 'H1 bullish structure', 'Distance filter OK']",SWING_HIGH price=3748.75 zone=(3748.75-3748.75) touches=1 strength=1,SWING_HIGH price=3692.40 zone=(3692.40-3692.40) touches=1 strength=1,SWING_LOW price=3750.58 zone=(3750.58-3750.58) touches=1 strength=1,SWING_LOW price=3739.22 zone=(3739.22-3739.22) touches=1 strength=1,True,2025-09-26 16:00:00+00:00,True,2025-09-26 16:00:00+00:00,True,2025-09-26 17:15:00+00:00,False,,1,35,0.0,,2025-09-26 23:15:00+00:00,3766.1,EXIT SIGNAL,1.2550335570469753,1.2550335570469753,11237.21770327081,11378.248556325281
BUY,2025-09-29 03:15:00+00:00,3774.03,3756.35,3809.390000000001,3791.7100000000005,3809.390000000001,3827.070000000001,1,90,"['H4 bullish context', 'H1 bullish trend', 'M15 bullish timing', 'Distance filter OK']",SWING_HIGH price=3791.13 zone=(3791.13-3791.13) touches=1 strength=1,SWING_HIGH price=3785.43 zone=(3785.43-3785.43) touches=1 strength=1,None,SWING_LOW price=3756.35 zone=(3756.35-3756.35) touches=1 strength=1,True,2025-09-29 05:15:00+00:00,True,2025-09-29 05:15:00+00:00,True,2025-09-29 08:00:00+00:00,True,2025-09-29 14:30:00+00:00,2,51,0.0,,2025-09-29 16:00:00+00:00,3809.390000000001,PROFIT LOCK TP2,2.0,2.0,11378.248556325281,11605.813527451786
BUY,2025-09-29 16:15:00+00:00,3816.94,3806.39,3817.04,3827.4900000000002,3838.0400000000004,3848.5900000000006,1,75,"['H4 bullish context', 'H1 bullish trend', 'H1 bullish structure', 'Distance filter OK']",SWING_HIGH price=3831.38 zone=(3831.38-3831.38) touches=1 strength=1,SWING_HIGH price=3819.87 zone=(3819.87-3819.87) touches=1 strength=1,None,SWING_LOW price=3806.39 zone=(3806.39-3806.39) touches=1 strength=1,True,2025-09-29 16:30:00+00:00,True,2025-09-29 16:30:00+00:00,False,,False,,0,4,0.0,,2025-09-29 17:15:00+00:00,3817.04,BREAKEVEN,0.009478672985773207,0.009478672985773207,11605.813527451786,11606.913604563391
BUY,2025-09-29 18:15:00+00:00,3824.06,3808.94,3854.2999999999997,3839.18,3854.2999999999997,3869.4199999999996,1,75,"['H4 bullish context', 'H1 bullish trend', 'H1 bullish structure', 'Distance filter OK']",SWING_HIGH price=3831.38 zone=(3831.38-3831.38) touches=1 strength=1,SWING_HIGH price=3819.87 zone=(3819.87-3819.87) touches=1 strength=1,None,SWING_LOW price=3808.94 zone=(3808.94-3808.94) touches=1 strength=1,True,2025-09-30 03:00:00+00:00,True,2025-09-30 03:00:00+00:00,True,2025-09-30 06:00:00+00:00,True,2025-09-30 08:00:00+00:00,2,59,0.0,,2025-09-30 10:00:00+00:00,3854.2999999999997,PROFIT LOCK TP2,2.0,2.0,11606.913604563391,11839.05187665466
BUY,2025-09-30 11:00:00+00:00,3843.56,3822.43,3822.43,3864.69,3885.82,3906.9500000000003,1,75,"['H4 bullish context', 'H1 bullish trend', 'H1 bullish structure', 'Distance filter OK']",None,SWING_HIGH price=3834.02 zone=(3834.02-3834.02) touches=1 strength=1,None,SWING_LOW price=3822.43 zone=(3822.43-3822.43) touches=1 strength=1,False,,False,,False,,False,,0,1,0.0,,2025-09-30 11:15:00+00:00,3822.43,STOP LOSS,-1.0,-1.0,11839.05187665466,11720.661357888113
BUY,2025-10-01 08:15:00+00:00,3864.09,3855.37,3855.37,3872.8100000000004,3881.5300000000007,3890.250000000001,1,75,"['H4 bullish context', 'H1 bullish trend', 'H1 bullish structure', 'Distance filter OK']",SWING_HIGH price=3871.47 zone=(3871.47-3871.47) touches=1 strength=1,SWING_HIGH price=3854.33 zone=(3854.33-3854.33) touches=1 strength=1,None,SWING_LOW price=3855.37 zone=(3855.37-3855.37) touches=1 strength=1,False,,False,,False,,False,,0,4,0.9999999999999983,,2025-10-01 09:15:00+00:00,3855.37,STOP LOSS,-1.0,-1.0,11720.661357888113,11603.454744309232
BUY,2025-10-01 09:30:00+00:00,3861.65,3855.37,3874.2100000000005,3867.9300000000003,3874.2100000000005,3880.4900000000007,1,75,"['H4 bullish context', 'H1 bullish trend', 'H1 bullish structure', 'Distance filter OK']",SWING_HIGH price=3871.47 zone=(3871.47-3871.47) touches=1 strength=1,SWING_HIGH price=3854.33 zone=(3854.33-3854.33) touches=1 strength=1,None,SWING_LOW price=3855.37 zone=(3855.37-3855.37) touches=1 strength=1,True,2025-10-01 10:15:00+00:00,True,2025-10-01 10:15:00+00:00,True,2025-10-01 10:45:00+00:00,True,2025-10-01 11:00:00+00:00,2,24,0.0,,2025-10-01 15:30:00+00:00,3874.2100000000005,PROFIT LOCK TP2,2.0,2.0,11603.454744309232,11835.523839195417
BUY,2025-10-02 09:15:00+00:00,3871.63,3852.68,3852.68,3890.5800000000004,3909.5300000000007,3928.480000000001,1,90,"['H4 bullish context', 'H1 bullish trend', 'M15 bullish timing', 'Distance filter OK']",SWING_HIGH price=3869.79 zone=(3869.79-3869.79) touches=1 strength=1,SWING_HIGH price=3854.33 zone=(3854.33-3854.33) touches=1 strength=1,None,SWING_LOW price=3855.73 zone=(3855.73-3855.73) touches=1 strength=1,False,,False,,False,,False,,0,5,0.31451187335091596,,2025-10-02 10:30:00+00:00,3865.67,EXIT SIGNAL,-0.3145118733509209,-0.3145118733509209,11835.523839195417,11798.29971144787
BUY,2025-10-02 12:15:00+00:00,3875.38,3861.49,3875.48,3889.2700000000004,3903.1600000000008,3917.050000000001,1,90,"['H4 bullish context', 'H1 bullish trend', 'M15 bullish timing', 'Distance filter OK']",SWING_HIGH price=3891.25 zone=(3891.25-3891.25) touches=1 strength=1,SWING_HIGH price=3875.43 zone=(3875.43-3875.43) touches=1 strength=1,None,SWING_LOW price=3861.49 zone=(3861.49-3861.49) touches=1 strength=1,True,2025-10-02 15:00:00+00:00,True,2025-10-02 15:00:00+00:00,False,,False,,0,18,0.30733509234827117,,2025-10-02 16:45:00+00:00,3875.48,BREAKEVEN,0.007199424046069596,0.007199424046069596,11798.29971144787,11799.149121074324
BUY,2025-10-03 08:30:00+00:00,3853.79,3837.93,3869.65,3869.65,3885.51,3901.3700000000003,1,90,"['H4 bullish context', 'H1 bullish trend', 'M15 bullish timing', 'Distance filter OK']",SWING_HIGH price=3863.63 zone=(3863.63-3863.63) touches=1 strength=1,SWING_HIGH price=3854.33 zone=(3854.33-3854.33) touches=1 strength=1,SWING_LOW price=3855.37 zone=(3855.37-3855.37) touches=1 strength=1,SWING_LOW price=3854.66 zone=(3854.66-3854.66) touches=1 strength=1,True,2025-10-03 15:30:00+00:00,True,2025-10-03 15:30:00+00:00,True,2025-10-03 16:30:00+00:00,False,,1,34,0.0,,2025-10-03 17:00:00+00:00,3869.65,PROFIT LOCK TP1,1.0,1.0,11799.149121074324,11917.140612285068
BUY,2025-10-03 17:15:00+00:00,3866.99,3854.51,3891.949999999999,3879.4699999999993,3891.949999999999,3904.4299999999985,1,90,"['H4 bullish context', 'H1 bullish trend', 'M15 bullish timing', 'Distance filter OK']",SWING_HIGH price=3891.25 zone=(3891.25-3891.25) touches=1 strength=1,SWING_HIGH price=3875.43 zone=(3875.43-3875.43) touches=1 strength=1,None,SWING_LOW price=3861.49 zone=(3861.49-3861.49) touches=1 strength=1,True,2025-10-03 17:30:00+00:00,True,2025-10-03 17:30:00+00:00,True,2025-10-06 01:00:00+00:00,True,2025-10-06 02:00:00+00:00,2,150,0.4498505430761852,,2025-10-07 08:45:00+00:00,3964.47,EXIT SIGNAL,7.810897435897711,7.810897435897711,11917.140612285068,12847.976242802368
BUY,2025-10-07 12:45:00+00:00,3960.92,3955.62,3955.62,3966.2200000000003,3971.5200000000004,3976.8200000000006,1,90,"['H4 bullish context', 'H1 bullish trend', 'M15 bullish timing', 'Distance filter OK']",SWING_HIGH price=3969.67 zone=(3969.67-3969.67) touches=1 strength=1,SWING_HIGH price=3949.42 zone=(3949.42-3949.42) touches=1 strength=1,SWING_LOW price=3955.62 zone=(3955.62-3955.62) touches=1 strength=1,SWING_LOW price=3926.45 zone=(3926.45-3926.45) touches=1 strength=1,False,,False,,False,,False,,0,1,1.4453520376454227,,2025-10-07 13:00:00+00:00,3955.62,STOP LOSS,-1.0,-1.0,12847.976242802368,12719.496480374344
BUY,2025-10-07 13:45:00+00:00,3958.73,3940.73,3958.83,3976.73,3994.73,4012.73,1,90,"['H4 bullish context', 'H1 bullish trend', 'M15 bullish timing', 'Distance filter OK']",SWING_HIGH price=3969.67 zone=(3969.67-3969.67) touches=1 strength=1,SWING_HIGH price=3949.42 zone=(3949.42-3949.42) touches=1 strength=1,None,SWING_LOW price=3955.62 zone=(3955.62-3955.62) touches=1 strength=1,True,2025-10-07 15:45:00+00:00,True,2025-10-07 15:45:00+00:00,False,,False,,0,21,1.1168365444375625,,2025-10-07 19:00:00+00:00,3964.73,EXIT SIGNAL,0.3333333333333333,0.3333333333333333,12719.496480374344,12761.894801975594
BUY,2025-10-07 20:15:00+00:00,3981.62,3961.71,4021.4399999999996,4001.5299999999997,4021.4399999999996,4041.3499999999995,1,75,"['H4 bullish context', 'H1 bullish trend', 'H1 bullish structure', 'Distance filter OK']",SWING_HIGH price=3990.80 zone=(3990.80-3990.80) touches=1 strength=1,SWING_HIGH price=3977.31 zone=(3977.31-3977.31) touches=1 strength=1,None,SWING_LOW price=3961.71 zone=(3961.71-3961.71) touches=1 strength=1,True,2025-10-08 05:00:00+00:00,True,2025-10-08 05:00:00+00:00,True,2025-10-08 07:00:00+00:00,True,2025-10-08 12:45:00+00:00,2,102,0.0,,2025-10-08 22:45:00+00:00,4044.74,EXIT SIGNAL,3.170266197890525,3.170266197890525,12761.894801975594,13166.480839092972
BUY,2025-10-08 23:15:00+00:00,4041.89,4026.29,4026.29,4057.49,4073.0899999999997,4088.6899999999996,1,75,"['H4 bullish context', 'H1 bullish trend', 'H1 bullish structure', 'Distance filter OK']",SWING_HIGH price=4049.38 zone=(4049.38-4049.38) touches=1 strength=1,SWING_HIGH price=3990.80 zone=(3990.80-3990.80) touches=1 strength=1,None,SWING_LOW price=4026.29 zone=(4026.29-4026.29) touches=1 strength=1,False,,False,,False,,False,,0,3,0.0,,2025-10-09 01:00:00+00:00,4026.29,STOP LOSS,-1.0,-1.0,13166.480839092972,13034.816030702043
BUY,2025-10-09 03:30:00+00:00,4026.91,4026.29,4026.29,4027.5299999999997,4028.1499999999996,4028.7699999999995,1,75,"['H4 bullish context', 'H1 bullish trend', 'H1 bullish structure', 'Distance filter OK']",SWING_HIGH price=4049.38 zone=(4049.38-4049.38) touches=1 strength=1,SWING_HIGH price=3990.80 zone=(3990.80-3990.80) touches=1 strength=1,SWING_LOW price=4026.29 zone=(4026.29-4026.29) touches=1 strength=1,SWING_LOW price=3984.44 zone=(3984.44-3984.44) touches=1 strength=1,False,,False,,False,,False,,0,1,0.9525413627353273,,2025-10-09 03:45:00+00:00,4026.29,STOP LOSS,-1.0,-1.0,13034.816030702043,12904.467870395021
BUY,2025-10-09 04:45:00+00:00,4032.98,4001.08,4001.08,4064.88,4096.780000000001,4128.68,1,90,"['H4 bullish context', 'H1 bullish trend', 'M15 bullish timing', 'Distance filter OK']",SWING_HIGH price=4049.38 zone=(4049.38-4049.38) touches=1 strength=1,SWING_HIGH price=3990.80 zone=(3990.80-3990.80) touches=1 strength=1,SWING_LOW price=4026.29 zone=(4026.29-4026.29) touches=1 strength=1,SWING_LOW price=4001.08 zone=(4001.08-4001.08) touches=1 strength=1,False,,False,,False,,False,,0,3,1.43380644388818,,2025-10-09 05:30:00+00:00,4017.48,EXIT SIGNAL,-0.4858934169278983,-0.4858934169278983,12904.467870395021,12841.765910523196
BUY,2025-10-09 07:15:00+00:00,4032.66,4002.25,4002.25,4063.0699999999997,4093.4799999999996,4123.889999999999,1,90,"['H4 bullish context', 'H1 bullish trend', 'M15 bullish timing', 'Distance filter OK']",SWING_HIGH price=4049.38 zone=(4049.38-4049.38) touches=1 strength=1,SWING_HIGH price=4036.13 zone=(4036.13-4036.13) touches=1 strength=1,None,SWING_LOW price=4026.29 zone=(4026.29-4026.29) touches=1 strength=1,False,,False,,False,,False,,0,11,1.6107783007827379,,2025-10-09 10:00:00+00:00,4027.2,EXIT SIGNAL,-0.17954620190726941,-0.17954620190726941,12841.765910523196,12818.70900757303
BUY,2025-10-09 10:15:00+00:00,4027.2,4002.25,4027.2999999999997,4052.1499999999996,4077.0999999999995,4102.049999999999,1,75,"['H4 bullish context', 'H1 bullish trend', 'H1 bullish structure', 'Distance filter OK']",SWING_HIGH price=4036.13 zone=(4036.13-4036.13) touches=1 strength=1,SWING_HIGH price=3990.80 zone=(3990.80-3990.80) touches=1 strength=1,None,SWING_LOW price=4026.29 zone=(4026.29-4026.29) touches=1 strength=1,True,2025-10-09 15:45:00+00:00,True,2025-10-09 15:45:00+00:00,False,,False,,0,26,1.6068348450032035,,2025-10-09 16:45:00+00:00,4027.2999999999997,BREAKEVEN,0.004008016032060512,0.004008016032060512,12818.70900757303,12819.222783485158
BUY,2025-10-09 17:15:00+00:00,4023.56,4022.58,4022.58,4024.54,4025.52,4026.5,1,75,"['H4 bullish context', 'H1 bullish trend', 'H1 bullish structure', 'Distance filter OK']",SWING_HIGH price=4036.13 zone=(4036.13-4036.13) touches=1 strength=1,SWING_HIGH price=3990.80 zone=(3990.80-3990.80) touches=1 strength=1,SWING_LOW price=4026.29 zone=(4026.29-4026.29) touches=1 strength=1,SWING_LOW price=4022.58 zone=(4022.58-4022.58) touches=1 strength=1,False,,False,,False,,False,,0,1,2.590766496553175,,2025-10-09 17:30:00+00:00,4022.58,STOP LOSS,-1.0,-1.0,12819.222783485158,12691.030555650306
BUY,2025-10-09 18:00:00+00:00,4024.23,4022.58,4022.58,4025.88,4027.53,4029.1800000000003,1,75,"['H4 bullish context', 'H1 bullish trend', 'H1 bullish structure', 'Distance filter OK']",SWING_HIGH price=4036.13 zone=(4036.13-4036.13) touches=1 strength=1,SWING_HIGH price=3990.80 zone=(3990.80-3990.80) touches=1 strength=1,SWING_LOW price=4026.29 zone=(4026.29-4026.29) touches=1 strength=1,SWING_LOW price=4022.58 zone=(4022.58-4022.58) touches=1 strength=1,False,,False,,False,,False,,0,1,3.5648588315876415,,2025-10-09 18:15:00+00:00,4022.58,STOP LOSS,-1.0,-1.0,12691.030555650306,12564.120250093803
BUY,2025-10-10 09:15:00+00:00,3971.03,3946.63,3946.63,3995.4300000000003,4019.8300000000004,4044.2300000000005,1,75,"['H4 bullish context', 'H1 bullish trend', 'H1 bullish structure', 'Distance filter OK']",SWING_HIGH price=3969.67 zone=(3969.67-3969.67) touches=1 strength=1,SWING_HIGH price=3949.42 zone=(3949.42-3949.42) touches=1 strength=1,SWING_LOW price=3984.44 zone=(3984.44-3984.44) touches=1 strength=1,SWING_LOW price=3961.71 zone=(3961.71-3961.71) touches=1 strength=1,False,,False,,False,,False,,0,5,0.258606557377057,,2025-10-10 10:30:00+00:00,3964.72,EXIT SIGNAL,-0.2586065573770646,-0.2586065573770646,12564.120250093803,12531.628611250322
BUY,2025-10-10 10:45:00+00:00,3964.72,3946.63,3982.8099999999995,3982.8099999999995,4000.899999999999,4018.989999999999,1,75,"['H4 bullish context', 'H1 bullish trend', 'H1 bullish structure', 'Distance filter OK']",SWING_HIGH price=3976.71 zone=(3976.71-3976.71) touches=1 strength=1,SWING_HIGH price=3969.67 zone=(3969.67-3969.67) touches=1 strength=1,SWING_LOW price=3984.44 zone=(3984.44-3984.44) touches=1 strength=1,SWING_LOW price=3961.71 zone=(3961.71-3961.71) touches=1 strength=1,True,2025-10-10 11:00:00+00:00,True,2025-10-10 11:00:00+00:00,True,2025-10-10 12:00:00+00:00,False,,1,20,0.0,,2025-10-10 15:45:00+00:00,3982.8099999999995,PROFIT LOCK TP1,1.0,1.0,12531.628611250322,12656.944897362826
BUY,2025-10-10 16:15:00+00:00,3987.02,3952.4,3952.4,4021.64,4056.2599999999998,4090.8799999999997,1,75,"['H4 bullish context', 'H1 bullish trend', 'H1 bullish structure', 'Distance filter OK']",SWING_HIGH price=3982.02 zone=(3982.02-3982.02) touches=1 strength=1,SWING_HIGH price=3977.31 zone=(3977.31-3977.31) touches=1 strength=1,SWING_LOW price=3984.44 zone=(3984.44-3984.44) touches=1 strength=1,SWING_LOW price=3961.71 zone=(3961.71-3961.71) touches=1 strength=1,False,,False,,False,,False,,0,3,0.0,,2025-10-10 17:00:00+00:00,3980.48,EXIT SIGNAL,-0.1889081455805888,-0.1889081455805888,12656.944897362826,12633.034897470061
BUY,2025-10-10 17:15:00+00:00,3980.48,3952.4,3980.58,4008.56,4036.64,4064.72,1,75,"['H4 bullish context', 'H1 bullish trend', 'H1 bullish structure', 'Distance filter OK']",SWING_HIGH price=3990.80 zone=(3990.80-3990.80) touches=1 strength=1,SWING_HIGH price=3982.02 zone=(3982.02-3982.02) touches=1 strength=1,SWING_LOW price=4001.08 zone=(4001.08-4001.08) touches=1 strength=1,SWING_LOW price=3984.44 zone=(3984.44-3984.44) touches=1 strength=1,True,2025-10-10 18:00:00+00:00,True,2025-10-10 18:00:00+00:00,False,,False,,0,8,0.0,,2025-10-10 19:15:00+00:00,3980.58,BREAKEVEN,0.0035612535612503317,0.0035612535612503317,12633.034897470061,12633.48479187524
BUY,2025-10-10 21:15:00+00:00,3995.53,3970.44,4045.7100000000005,4020.6200000000003,4045.7100000000005,4070.8000000000006,1,75,"['H4 bullish context', 'H1 bullish trend', 'H1 bullish structure', 'Distance filter OK']",SWING_HIGH price=4006.57 zone=(4006.57-4006.57) touches=1 strength=1,SWING_HIGH price=3994.24 zone=(3994.24-3994.24) touches=1 strength=1,SWING_LOW price=4001.08 zone=(4001.08-4001.08) touches=1 strength=1,SWING_LOW price=3984.44 zone=(3984.44-3984.44) touches=1 strength=1,True,2025-10-10 22:45:00+00:00,True,2025-10-10 22:45:00+00:00,True,2025-10-13 02:00:00+00:00,True,2025-10-13 08:15:00+00:00,2,134,0.0,,2025-10-14 08:45:00+00:00,4120.92,EXIT SIGNAL,4.997608609007539,4.997608609007539,12633.48479187524,13264.856915451654
BUY,2025-10-14 09:00:00+00:00,4120.92,4090.52,4090.52,4151.32,4181.72,4212.120000000001,1,75,"['H4 bullish context', 'H1 bullish trend', 'H1 bullish structure', 'Distance filter OK']",None,SWING_HIGH price=4116.81 zone=(4116.81-4116.81) touches=1 strength=1,None,SWING_LOW price=4090.52 zone=(4090.52-4090.52) touches=1 strength=1,False,,False,,False,,False,,0,1,0.6927736992811238,,2025-10-14 09:15:00+00:00,4090.52,STOP LOSS,-1.0,-1.0,13264.856915451654,13132.208346297137
BUY,2025-10-14 10:15:00+00:00,4112.14,4090.52,4112.240000000001,4133.76,4155.380000000001,4177.000000000002,1,75,"['H4 bullish context', 'H1 bullish trend', 'H1 bullish structure', 'Distance filter OK']",SWING_HIGH price=4179.47 zone=(4179.47-4179.47) touches=1 strength=1,SWING_HIGH price=4116.81 zone=(4116.81-4116.81) touches=1 strength=1,None,SWING_LOW price=4090.52 zone=(4090.52-4090.52) touches=1 strength=1,True,2025-10-14 11:00:00+00:00,True,2025-10-14 11:00:00+00:00,False,,False,,0,3,0.0,,2025-10-14 11:00:00+00:00,4140.72,EXIT SIGNAL,1.3219241443107987,1.3219241443107987,13132.208346297137,13305.806179108038
BUY,2025-10-14 11:45:00+00:00,4132.29,4090.44,4090.44,4174.139999999999,4215.99,4257.84,1,90,"['H4 bullish context', 'H1 bullish trend', 'M15 bullish timing', 'Distance filter OK']",SWING_HIGH price=4179.47 zone=(4179.47-4179.47) touches=1 strength=1,SWING_HIGH price=4116.81 zone=(4116.81-4116.81) touches=1 strength=1,None,SWING_LOW price=4090.52 zone=(4090.52-4090.52) touches=1 strength=1,False,,False,,False,,False,,0,10,0.0,,2025-10-14 14:15:00+00:00,4132.07,EXIT SIGNAL,-0.005256869773004901,-0.005256869773004901,13305.806179108038,13305.106710204953
BUY,2025-10-14 17:30:00+00:00,4133.03,4090.44,4133.13,4175.619999999999,4218.209999999999,4260.799999999999,1,90,"['H4 bullish context', 'H1 bullish trend', 'M15 bullish timing', 'Distance filter OK']",SWING_HIGH price=4144.85 zone=(4144.85-4144.85) touches=1 strength=1,SWING_HIGH price=4116.81 zone=(4116.81-4116.81) touches=1 strength=1,None,SWING_LOW price=4090.52 zone=(4090.52-4090.52) touches=1 strength=1,True,2025-10-15 04:00:00+00:00,True,2025-10-15 04:00:00+00:00,False,,False,,0,84,0.0,,2025-10-15 15:30:00+00:00,4185.14,EXIT SIGNAL,1.2235266494482497,1.2235266494482497,13305.106710204953,13467.898236541838
BUY,2025-10-15 15:45:00+00:00,4185.14,4164.34,4185.240000000001,4205.9400000000005,4226.740000000001,4247.540000000001,1,75,"['H4 bullish context', 'H1 bullish trend', 'H1 bullish structure', 'Distance filter OK']",SWING_HIGH price=4217.92 zone=(4217.92-4217.92) touches=1 strength=1,SWING_HIGH price=4179.47 zone=(4179.47-4179.47) touches=1 strength=1,None,SWING_LOW price=4164.34 zone=(4164.34-4164.34) touches=1 strength=1,True,2025-10-15 17:00:00+00:00,True,2025-10-15 17:00:00+00:00,False,,False,,0,11,0.0,,2025-10-15 18:30:00+00:00,4185.240000000001,BREAKEVEN,0.004807692307709756,0.004807692307709756,13467.898236541838,13468.545731649367
BUY,2025-10-15 18:45:00+00:00,4194.84,4176.12,4176.12,4213.56,4232.280000000001,4251.000000000001,1,75,"['H4 bullish context', 'H1 bullish trend', 'H1 bullish structure', 'Distance filter OK']",SWING_HIGH price=4217.92 zone=(4217.92-4217.92) touches=1 strength=1,SWING_HIGH price=4179.47 zone=(4179.47-4179.47) touches=1 strength=1,None,SWING_LOW price=4176.12 zone=(4176.12-4176.12) touches=1 strength=1,False,,False,,False,,False,,0,6,0.0,,2025-10-15 20:15:00+00:00,4188.24,EXIT SIGNAL,-0.3525641025641172,-0.3525641025641172,13468.545731649367,13421.06047426214
BUY,2025-10-15 21:15:00+00:00,4199.79,4179.45,4220.13,4220.13,4240.47,4260.81,1,90,"['H4 bullish context', 'H1 bullish trend', 'M15 bullish timing', 'Distance filter OK']",SWING_HIGH price=4212.14 zone=(4212.14-4212.14) touches=1 strength=1,SWING_HIGH price=4179.47 zone=(4179.47-4179.47) touches=1 strength=1,None,SWING_LOW price=4179.45 zone=(4179.45-4179.45) touches=1 strength=1,True,2025-10-16 03:15:00+00:00,True,2025-10-16 03:15:00+00:00,True,2025-10-16 06:00:00+00:00,False,,1,41,0.0,,2025-10-16 08:30:00+00:00,4220.13,PROFIT LOCK TP1,1.0,1.0,13421.06047426214,13555.271079004762
BUY,2025-10-16 09:15:00+00:00,4221.55,4199.47,4265.71,4243.63,4265.71,4287.79,1,75,"['H4 bullish context', 'H1 bullish trend', 'H1 bullish structure', 'Distance filter OK']",SWING_HIGH price=4241.97 zone=(4241.97-4241.97) touches=1 strength=1,SWING_HIGH price=4217.92 zone=(4217.92-4217.92) touches=1 strength=1,None,SWING_LOW price=4199.47 zone=(4199.47-4199.47) touches=1 strength=1,True,2025-10-16 13:45:00+00:00,True,2025-10-16 13:45:00+00:00,True,2025-10-16 17:30:00+00:00,True,2025-10-16 19:15:00+00:00,2,41,0.0,,2025-10-16 19:30:00+00:00,4265.71,PROFIT LOCK TP2,2.0,2.0,13555.271079004762,13826.376500584858
BUY,2025-10-20 08:15:00+00:00,4261.29,4218.85,4218.85,4303.73,4346.169999999999,4388.609999999999,1,90,"['H4 bullish context', 'H1 bullish trend', 'M15 bullish timing', 'Distance filter OK']",SWING_HIGH price=4241.97 zone=(4241.97-4241.97) touches=1 strength=1,SWING_HIGH price=4217.92 zone=(4217.92-4217.92) touches=1 strength=1,SWING_LOW price=4278.55 zone=(4278.55-4278.55) touches=1 strength=1,SWING_LOW price=4227.64 zone=(4227.64-4227.64) touches=1 strength=1,False,,False,,False,,False,,0,3,0.4172950047125325,,2025-10-20 09:00:00+00:00,4243.58,EXIT SIGNAL,-0.41729500471254016,-0.41729500471254016,13826.376500584858,13768.67972211517
BUY,2025-10-20 11:00:00+00:00,4254.96,4218.85,4218.85,4291.07,4327.179999999999,4363.289999999999,1,90,"['H4 bullish context', 'H1 bullish trend', 'M15 bullish timing', 'Distance filter OK']",SWING_HIGH price=4270.99 zone=(4270.99-4270.99) touches=1 strength=1,SWING_HIGH price=4241.97 zone=(4241.97-4241.97) touches=1 strength=1,SWING_LOW price=4278.55 zone=(4278.55-4278.55) touches=1 strength=1,SWING_LOW price=4227.64 zone=(4227.64-4227.64) touches=1 strength=1,False,,False,,False,,False,,0,13,0.20853259075121364,,2025-10-20 14:15:00+00:00,4262.53,EXIT SIGNAL,0.20963721960675097,0.20963721960675097,13768.67972211517,13797.543999461172
BUY,2025-10-20 14:30:00+00:00,4262.53,4221.45,4303.61,4303.61,4344.69,4385.7699999999995,1,90,"['H4 bullish context', 'H1 bullish trend', 'M15 bullish timing', 'Distance filter OK']",SWING_HIGH price=4378.52 zone=(4378.52-4378.52) touches=1 strength=1,SWING_HIGH price=4274.37 zone=(4274.37-4274.37) touches=1 strength=1,SWING_LOW price=4311.56 zone=(4311.56-4311.56) touches=1 strength=1,SWING_LOW price=4278.55 zone=(4278.55-4278.55) touches=1 strength=1,True,2025-10-20 15:30:00+00:00,True,2025-10-20 15:30:00+00:00,True,2025-10-20 18:00:00+00:00,False,,1,57,0.546416916820548,,2025-10-21 05:45:00+00:00,4338.95,EXIT SIGNAL,1.8602726387536566,1.8602726387536566,13797.543999461172,14054.215935303146
BUY,2025-10-21 10:00:00+00:00,4343.25,4333.07,4333.07,4353.43,4363.610000000001,4373.790000000001,1,90,"['H4 bullish context', 'H1 bullish trend', 'M15 bullish timing', 'Distance filter OK']",SWING_HIGH price=4355.53 zone=(4355.53-4355.53) touches=1 strength=1,SWING_HIGH price=4274.37 zone=(4274.37-4274.37) touches=1 strength=1,None,SWING_LOW price=4333.07 zone=(4333.07-4333.07) touches=1 strength=1,False,,False,,False,,False,,0,1,1.5409527476523452,,2025-10-21 10:15:00+00:00,4333.07,STOP LOSS,-1.0,-1.0,14054.215935303146,13913.673775950114
BUY,2025-10-22 16:15:00+00:00,4064.11,4014.91,4014.91,4113.31,4162.51,4211.710000000001,1,75,"['H4 bullish context', 'H1 bullish trend', 'H1 bullish structure', 'Distance filter OK']",SWING_HIGH price=4132.42 zone=(4132.42-4132.42) touches=1 strength=1,None,SWING_LOW price=4080.37 zone=(4080.37-4080.37) touches=1 strength=1,SWING_LOW price=4014.91 zone=(4014.91-4014.91) touches=1 strength=1,False,,False,,False,,False,,0,6,1.0000000000000029,,2025-10-22 17:45:00+00:00,4014.91,STOP LOSS,-1.0,-1.0,13913.673775950114,13774.537038190612
SELL,2025-10-24 21:15:00+00:00,4104.32,4138.31,4104.219999999999,4070.329999999999,4036.3399999999983,4002.3499999999976,1,80,"['H1 bearish trend', 'H1 bearish structure', 'M15 bearish timing', 'Distance filter OK']",SWING_HIGH price=4116.31 zone=(4116.31-4116.31) touches=1 strength=1,SWING_HIGH price=4085.03 zone=(4085.03-4085.03) touches=1 strength=1,SWING_LOW price=4186.25 zone=(4186.25-4186.25) touches=1 strength=1,SWING_LOW price=4105.72 zone=(4105.72-4105.72) touches=1 strength=1,True,2025-10-27 00:00:00+00:00,True,2025-10-27 00:00:00+00:00,False,,False,,0,12,0.0,,2025-10-27 00:15:00+00:00,4104.219999999999,BREAKEVEN,0.0029420417770038764,0.0029420417770038764,13774.537038190612,13774.942290824863
SELL,2025-10-27 10:15:00+00:00,4066.36,4084.37,4048.3500000000004,4048.3500000000004,4030.3400000000006,4012.330000000001,1,80,"['H1 bearish trend', 'H1 bearish structure', 'M15 bearish timing', 'Distance filter OK']",SWING_HIGH price=4084.37 zone=(4084.37-4084.37) touches=1 strength=1,None,SWING_LOW price=4043.96 zone=(4043.96-4043.96) touches=1 strength=1,SWING_LOW price=4014.91 zone=(4014.91-4014.91) touches=1 strength=1,True,2025-10-27 10:45:00+00:00,True,2025-10-27 10:45:00+00:00,True,2025-10-27 10:45:00+00:00,False,,1,3,0.0,,2025-10-27 11:00:00+00:00,4048.3500000000004,PROFIT LOCK TP1,1.0,1.0,13774.942290824863,13912.691713733113
SELL,2025-10-30 05:30:00+00:00,3932.75,3966.24,3966.24,3899.26,3865.7700000000004,3832.2800000000007,1,80,"['H1 bearish trend', 'H1 bearish structure', 'M15 bearish timing', 'Distance filter OK']",SWING_HIGH price=3966.24 zone=(3966.24-3966.24) touches=1 strength=1,None,SWING_LOW price=3944.33 zone=(3944.33-3944.33) touches=1 strength=1,SWING_LOW price=3915.71 zone=(3915.71-3915.71) touches=1 strength=1,False,,False,,False,,False,,0,4,1.0000000000000024,,2025-10-30 06:30:00+00:00,3966.24,STOP LOSS,-1.0,-1.0,13912.691713733113,13773.564796595781
SELL,2025-11-03 18:30:00+00:00,3998.0,4027.46,4027.46,3968.54,3939.08,3909.62,1,80,"['H1 bearish trend', 'H1 bearish structure', 'M15 bearish timing', 'Distance filter OK']",SWING_HIGH price=4009.97 zone=(4009.97-4009.97) touches=1 strength=1,SWING_HIGH price=4007.00 zone=(4007.00-4007.00) touches=1 strength=1,SWING_LOW price=4024.36 zone=(4024.36-4024.36) touches=1 strength=1,SWING_LOW price=3998.70 zone=(3998.70-3998.70) touches=1 strength=1,False,,False,,False,,False,,0,15,0.45281737949762507,,2025-11-03 22:15:00+00:00,4011.34,EXIT SIGNAL,-0.4528173794976283,-0.4528173794976283,13773.564796595781,13711.195701420429
SELL,2025-11-04 01:15:00+00:00,3988.02,4014.59,4014.59,3961.45,3934.8799999999997,3908.3099999999995,1,80,"['H1 bearish trend', 'H1 bearish structure', 'M15 bearish timing', 'Distance filter OK']",SWING_HIGH price=4007.00 zone=(4007.00-4007.00) touches=1 strength=1,SWING_HIGH price=3982.02 zone=(3982.02-3982.02) touches=1 strength=1,SWING_LOW price=3997.43 zone=(3997.43-3997.43) touches=1 strength=1,SWING_LOW price=3994.95 zone=(3994.95-3994.95) touches=1 strength=1,False,,False,,False,,False,,0,33,0.130222054949192,,2025-11-04 09:30:00+00:00,3991.48,EXIT SIGNAL,-0.1302220549491914,-0.1302220549491914,13711.195701420429,13693.340700619934
SELL,2025-11-04 15:30:00+00:00,3983.6,4000.06,3950.68,3967.14,3950.68,3934.22,1,80,"['H1 bearish trend', 'H1 bearish structure', 'M15 bearish timing', 'Distance filter OK']",SWING_HIGH price=3981.95 zone=(3981.95-3981.95) touches=1 strength=1,SWING_HIGH price=3970.09 zone=(3970.09-3970.09) touches=1 strength=1,SWING_LOW price=3978.92 zone=(3978.92-3978.92) touches=1 strength=1,SWING_LOW price=3975.43 zone=(3975.43-3975.43) touches=1 strength=1,True,2025-11-04 16:00:00+00:00,True,2025-11-04 16:00:00+00:00,True,2025-11-04 16:30:00+00:00,True,2025-11-04 16:30:00+00:00,2,5,0.0,,2025-11-04 16:45:00+00:00,3950.68,PROFIT LOCK TP2,2.0,2.0,13693.340700619934,13967.207514632333
SELL,2025-11-04 17:45:00+00:00,3964.96,4000.06,3964.86,3929.86,3894.76,3859.6600000000003,1,80,"['H1 bearish trend', 'H1 bearish structure', 'M15 bearish timing', 'Distance filter OK']",SWING_HIGH price=3966.24 zone=(3966.24-3966.24) touches=1 strength=1,None,SWING_LOW price=3959.94 zone=(3959.94-3959.94) touches=1 strength=1,SWING_LOW price=3950.42 zone=(3950.42-3950.42) touches=1 strength=1,True,2025-11-05 02:30:00+00:00,True,2025-11-05 02:30:00+00:00,False,,False,,0,42,0.48878893359251185,,2025-11-05 05:15:00+00:00,3952.9,EXIT SIGNAL,0.3435897435897429,0.3435897435897429,13967.207514632333,14015.197407118507
SELL,2025-11-07 01:15:00+00:00,3981.05,3995.02,3995.02,3967.0800000000004,3953.1100000000006,3939.140000000001,1,80,"['H1 bearish trend', 'H1 bearish structure', 'M15 bearish timing', 'Distance filter OK']",SWING_HIGH price=3990.15 zone=(3990.15-3990.15) touches=1 strength=1,SWING_HIGH price=3987.24 zone=(3987.24-3987.24) touches=1 strength=1,SWING_LOW price=3993.17 zone=(3993.17-3993.17) touches=1 strength=1,SWING_LOW price=3988.72 zone=(3988.72-3988.72) touches=1 strength=1,False,,False,,False,,False,,0,3,0.4294917680744503,,2025-11-07 02:00:00+00:00,3987.05,EXIT SIGNAL,-0.4294917680744514,-0.4294917680744514,14015.197407118507,13955.003287975549
BUY,2025-11-10 14:45:00+00:00,4094.65,4071.56,4117.74,4117.74,4140.83,4163.92,1,85,"['H4 bullish context', 'H1 bullish trend', 'H1 bullish structure', 'M15 bullish timing']",None,SWING_HIGH price=4085.88 zone=(4085.88-4085.88) touches=1 strength=1,None,SWING_LOW price=4071.56 zone=(4071.56-4071.56) touches=1 strength=1,True,2025-11-11 01:00:00+00:00,True,2025-11-11 01:00:00+00:00,True,2025-11-11 03:30:00+00:00,False,,1,99,0.0,,2025-11-11 16:30:00+00:00,4132.5,EXIT SIGNAL,1.6392377652663348,1.6392377652663348,13955.003287975549,14183.758972016203
BUY,2025-11-12 09:30:00+00:00,4123.71,4098.8,4173.53,4148.62,4173.53,4198.44,1,90,"['H4 bullish context', 'H1 bullish trend', 'M15 bullish timing', 'Distance filter OK']",SWING_HIGH price=4145.22 zone=(4145.22-4145.22) touches=1 strength=1,SWING_HIGH price=4105.77 zone=(4105.77-4105.77) touches=1 strength=1,SWING_LOW price=4123.98 zone=(4123.98-4123.98) touches=1 strength=1,SWING_LOW price=4098.80 zone=(4098.80-4098.80) touches=1 strength=1,True,2025-11-12 17:00:00+00:00,True,2025-11-12 17:00:00+00:00,True,2025-11-12 17:30:00+00:00,True,2025-11-12 19:00:00+00:00,2,120,0.42244245001033043,,2025-11-13 16:30:00+00:00,4187.9,EXIT SIGNAL,2.576876756322761,2.576876756322761,14183.758972016203,14549.256960138933
BUY,2025-11-17 10:00:00+00:00,4087.98,4049.5,4049.5,4126.46,4164.9400000000005,4203.42,1,90,"['H4 bullish context', 'H1 bullish trend', 'M15 bullish timing', 'Distance filter OK']",SWING_HIGH price=4105.77 zone=(4105.77-4105.77) touches=1 strength=1,SWING_HIGH price=4085.88 zone=(4085.88-4085.88) touches=1 strength=1,SWING_LOW price=4096.92 zone=(4096.92-4096.92) touches=1 strength=1,SWING_LOW price=4074.70 zone=(4074.70-4074.70) touches=1 strength=1,False,,False,,False,,False,,0,12,0.5158523908523903,,2025-11-17 13:00:00+00:00,4068.13,EXIT SIGNAL,-0.5158523908523882,-0.5158523908523882,14549.256960138933,14474.204270258799
SELL,2025-11-18 05:45:00+00:00,4022.06,4055.35,4055.35,3988.77,3955.48,3922.19,1,80,"['H1 bearish trend', 'H1 bearish structure', 'M15 bearish timing', 'Distance filter OK']",SWING_HIGH price=4053.12 zone=(4053.12-4053.12) touches=1 strength=1,None,SWING_LOW price=4031.88 zone=(4031.88-4031.88) touches=1 strength=1,SWING_LOW price=4006.81 zone=(4006.81-4006.81) touches=1 strength=1,False,,False,,False,,False,,0,20,0.43526584559929193,,2025-11-18 10:45:00+00:00,4036.55,EXIT SIGNAL,-0.43526584559928666,-0.43526584559928666,14474.204270258799,14411.203002648088
SELL,2025-11-20 21:15:00+00:00,4069.04,4107.05,4107.05,4031.0299999999997,3993.0199999999995,3955.0099999999993,1,80,"['H1 bearish trend', 'H1 bearish structure', 'M15 bearish timing', 'Distance filter OK']",SWING_HIGH price=4091.99 zone=(4091.99-4091.99) touches=1 strength=1,SWING_HIGH price=4082.00 zone=(4082.00-4082.00) touches=1 strength=1,SWING_LOW price=4122.79 zone=(4122.79-4122.79) touches=1 strength=1,SWING_LOW price=4077.96 zone=(4077.96-4077.96) touches=1 strength=1,False,,False,,False,,False,,0,3,0.20363062352012845,,2025-11-20 22:00:00+00:00,4076.78,EXIT SIGNAL,-0.20363062352013134,-0.20363062352013134,14411.203002648088,14381.857380117044
SELL,2025-11-21 10:15:00+00:00,4036.79,4064.32,4064.32,4009.2599999999998,3981.7299999999996,3954.1999999999994,1,80,"['H1 bearish trend', 'H1 bearish structure', 'M15 bearish timing', 'Distance filter OK']",SWING_HIGH price=4050.24 zone=(4050.24-4050.24) touches=1 strength=1,None,SWING_LOW price=4041.11 zone=(4041.11-4041.11) touches=1 strength=1,SWING_LOW price=4040.33 zone=(4040.33-4040.33) touches=1 strength=1,False,,False,,False,,False,,0,4,0.7123138394478801,,2025-11-21 11:15:00+00:00,4056.4,EXIT SIGNAL,-0.7123138394478745,-0.7123138394478745,14381.857380117044,14279.413419628814
BUY,2025-11-25 05:15:00+00:00,4145.95,4122.47,4122.47,4169.429999999999,4192.909999999999,4216.3899999999985,1,75,"['H4 bullish context', 'H1 bullish trend', 'M15 bullish timing']",None,SWING_HIGH price=4132.33 zone=(4132.33-4132.33) touches=1 strength=1,None,SWING_LOW price=4122.47 zone=(4122.47-4122.47) touches=1 strength=1,False,,False,,False,,False,,0,21,1.000000000000004,,2025-11-25 10:30:00+00:00,4122.47,STOP LOSS,-1.0,-1.0,14279.413419628814,14136.619285432525
BUY,2025-11-25 13:15:00+00:00,4134.51,4108.72,4108.72,4160.3,4186.09,4211.88,1,90,"['H4 bullish context', 'H1 bullish trend', 'M15 bullish timing', 'Distance filter OK']",SWING_HIGH price=4151.93 zone=(4151.93-4151.93) touches=1 strength=1,SWING_HIGH price=4132.33 zone=(4132.33-4132.33) touches=1 strength=1,None,SWING_LOW price=4122.47 zone=(4122.47-4122.47) touches=1 strength=1,False,,False,,False,,False,,0,6,1.1823381155486645,,2025-11-25 14:45:00+00:00,4129.76,EXIT SIGNAL,-0.18417991469561873,-0.18417991469561873,14136.619285432525,14110.582472091772
BUY,2025-11-25 15:15:00+00:00,4138.23,4108.72,4108.72,4167.739999999999,4197.249999999998,4226.7599999999975,1,90,"['H4 bullish context', 'H1 bullish trend', 'M15 bullish timing', 'Distance filter OK']",SWING_HIGH price=4151.93 zone=(4151.93-4151.93) touches=1 strength=1,SWING_HIGH price=4132.33 zone=(4132.33-4132.33) touches=1 strength=1,None,SWING_LOW price=4122.47 zone=(4122.47-4122.47) touches=1 strength=1,False,,False,,False,,False,,0,6,1.6347361541995964,,2025-11-25 16:45:00+00:00,4124.72,EXIT SIGNAL,-0.4578109115553923,-0.4578109115553923,14110.582472091772,14045.982685850513
BUY,2025-11-25 18:30:00+00:00,4140.04,4111.02,4111.02,4169.0599999999995,4198.079999999999,4227.0999999999985,1,90,"['H4 bullish context', 'H1 bullish trend', 'M15 bullish timing', 'Distance filter OK']",SWING_HIGH price=4150.70 zone=(4150.70-4150.70) touches=1 strength=1,SWING_HIGH price=4132.33 zone=(4132.33-4132.33) touches=1 strength=1,None,SWING_LOW price=4122.47 zone=(4122.47-4122.47) touches=1 strength=1,False,,False,,False,,False,,0,10,1.706594996154483,,2025-11-25 21:00:00+00:00,4137.92,EXIT SIGNAL,-0.0730530668504454,-0.0730530668504454,14045.982685850513,14035.721664729217
BUY,2025-11-25 21:15:00+00:00,4137.92,4111.02,4111.02,4164.82,4191.719999999999,4218.619999999999,1,75,"['H4 bullish context', 'H1 bullish trend', 'H1 bullish structure', 'Distance filter OK']",SWING_HIGH price=4150.70 zone=(4150.70-4150.70) touches=1 strength=1,SWING_HIGH price=4132.33 zone=(4132.33-4132.33) touches=1 strength=1,None,SWING_LOW price=4122.47 zone=(4122.47-4122.47) touches=1 strength=1,False,,False,,False,,False,,0,3,1.770905922848454,,2025-11-25 22:00:00+00:00,4136.16,EXIT SIGNAL,-0.06542750929368929,-0.06542750929368929,14035.721664729217,14026.53844163259
BUY,2025-11-25 22:15:00+00:00,4136.16,4111.02,4111.02,4161.299999999999,4186.439999999999,4211.579999999998,1,75,"['H4 bullish context', 'H1 bullish trend', 'H1 bullish structure', 'Distance filter OK']",SWING_HIGH price=4132.33 zone=(4132.33-4132.33) touches=1 strength=1,SWING_HIGH price=4110.23 zone=(4110.23-4110.23) touches=1 strength=1,None,SWING_LOW price=4122.47 zone=(4122.47-4122.47) touches=1 strength=1,False,,False,,False,,False,,0,3,1.949078026663794,,2025-11-25 23:00:00+00:00,4131.6,EXIT SIGNAL,-0.18138424821000781,-0.18138424821000781,14026.53844163259,14001.096510330348
BUY,2025-11-26 01:15:00+00:00,4132.59,4111.02,4111.02,4154.16,4175.73,4197.299999999999,1,75,"['H4 bullish context', 'H1 bullish trend', 'H1 bullish structure', 'Distance filter OK']",SWING_HIGH price=4150.70 zone=(4150.70-4150.70) touches=1 strength=1,SWING_HIGH price=4132.33 zone=(4132.33-4132.33) touches=1 strength=1,None,SWING_LOW price=4122.47 zone=(4122.47-4122.47) touches=1 strength=1,False,,False,,False,,False,,0,3,0.0,,2025-11-26 02:00:00+00:00,4138.26,EXIT SIGNAL,0.2628650904033449,0.2628650904033449,14001.096510330348,14037.900505329686
BUY,2025-11-26 08:45:00+00:00,4150.9,4127.47,4127.47,4174.329999999999,4197.759999999998,4221.189999999998,1,75,"['H4 bullish context', 'H1 bullish trend', 'H1 bullish structure', 'Distance filter OK']",SWING_HIGH price=4150.70 zone=(4150.70-4150.70) touches=1 strength=1,SWING_HIGH price=4132.33 zone=(4132.33-4132.33) touches=1 strength=1,None,SWING_LOW price=4127.47 zone=(4127.47-4127.47) touches=1 strength=1,False,,False,,False,,False,,0,25,0.0,,2025-11-26 15:00:00+00:00,4159.48,EXIT SIGNAL,0.3661971830985981,0.3661971830985981,14037.900505329686,14089.306901546388
BUY,2025-11-26 17:15:00+00:00,4152.11,4146.6,4163.129999999998,4157.619999999999,4163.129999999998,4168.639999999998,1,75,"['H4 bullish context', 'H1 bullish trend', 'H1 bullish structure', 'Distance filter OK']",SWING_HIGH price=4168.42 zone=(4168.42-4168.42) touches=1 strength=1,SWING_HIGH price=4159.15 zone=(4159.15-4159.15) touches=1 strength=1,None,SWING_LOW price=4146.60 zone=(4146.60-4146.60) touches=1 strength=1,True,2025-11-26 17:30:00+00:00,True,2025-11-26 17:30:00+00:00,True,2025-11-26 17:30:00+00:00,True,2025-11-26 19:15:00+00:00,2,13,0.0,,2025-11-26 20:30:00+00:00,4163.129999999998,PROFIT LOCK TP2,2.0,2.0,14089.306901546388,14371.093039577316
BUY,2025-11-27 09:15:00+00:00,4160.82,4142.64,4142.64,4178.999999999999,4197.1799999999985,4215.359999999998,1,90,"['H4 bullish context', 'H1 bullish trend', 'M15 bullish timing', 'Distance filter OK']",SWING_HIGH price=4168.42 zone=(4168.42-4168.42) touches=1 strength=1,SWING_HIGH price=4159.15 zone=(4159.15-4159.15) touches=1 strength=1,None,SWING_LOW price=4158.01 zone=(4158.01-4158.01) touches=1 strength=1,False,,False,,False,,False,,0,12,0.43674367436743655,,2025-11-27 12:15:00+00:00,4152.88,EXIT SIGNAL,-0.4367436743674296,-0.4367436743674296,14371.093039577316,14308.328199789503
BUY,2025-11-27 13:45:00+00:00,4160.79,4148.26,4148.26,4173.32,4185.849999999999,4198.379999999999,1,90,"['H4 bullish context', 'H1 bullish trend', 'M15 bullish timing', 'Distance filter OK']",SWING_HIGH price=4159.15 zone=(4159.15-4159.15) touches=1 strength=1,SWING_HIGH price=4155.69 zone=(4155.69-4155.69) touches=1 strength=1,SWING_LOW price=4158.01 zone=(4158.01-4158.01) touches=1 strength=1,SWING_LOW price=4148.26 zone=(4148.26-4148.26) touches=1 strength=1,False,,False,,False,,False,,0,3,0.8356323788803157,,2025-11-27 14:30:00+00:00,4155.77,EXIT SIGNAL,-0.40063846767754424,-0.40063846767754424,14308.328199789503,14251.003532939592
BUY,2025-11-27 16:30:00+00:00,4157.13,4148.26,4148.26,4166.0,4174.87,4183.74,1,90,"['H4 bullish context', 'H1 bullish trend', 'M15 bullish timing', 'Distance filter OK']",SWING_HIGH price=4155.69 zone=(4155.69-4155.69) touches=1 strength=1,SWING_HIGH price=4151.93 zone=(4151.93-4151.93) touches=1 strength=1,SWING_LOW price=4158.01 zone=(4158.01-4158.01) touches=1 strength=1,SWING_LOW price=4148.26 zone=(4148.26-4148.26) touches=1 strength=1,False,,False,,False,,False,,0,8,1.0636992446605624,,2025-11-27 18:30:00+00:00,4155.09,EXIT SIGNAL,-0.22998872604283976,-0.22998872604283976,14251.003532939592,14218.227831465865
BUY,2025-11-28 01:15:00+00:00,4162.62,4151.38,4173.86,4173.86,4185.099999999999,4196.339999999999,1,90,"['H4 bullish context', 'H1 bullish trend', 'M15 bullish timing', 'Distance filter OK']",SWING_HIGH price=4167.08 zone=(4167.08-4167.08) touches=1 strength=1,SWING_HIGH price=4161.66 zone=(4161.66-4161.66) touches=1 strength=1,None,SWING_LOW price=4158.01 zone=(4158.01-4158.01) touches=1 strength=1,True,2025-11-28 02:30:00+00:00,True,2025-11-28 02:30:00+00:00,True,2025-11-28 03:00:00+00:00,False,,1,35,0.0,,2025-11-28 10:00:00+00:00,4173.86,PROFIT LOCK TP1,1.0,1.0,14218.227831465865,14360.410109780523
BUY,2025-11-28 10:30:00+00:00,4163.05,4151.38,4151.38,4174.72,4186.39,4198.06,1,75,"['H4 bullish context', 'H1 bullish trend', 'H1 bullish structure', 'Distance filter OK']",SWING_HIGH price=4171.49 zone=(4171.49-4171.49) touches=1 strength=1,SWING_HIGH price=4169.24 zone=(4169.24-4169.24) touches=1 strength=1,None,SWING_LOW price=4158.01 zone=(4158.01-4158.01) touches=1 strength=1,False,,False,,False,,False,,0,3,0.0,,2025-11-28 11:15:00+00:00,4160.07,EXIT SIGNAL,-0.25535561268212975,-0.25535561268212975,14360.410109780523,14323.739996561028
BUY,2025-11-28 12:15:00+00:00,4172.86,4153.79,4153.79,4191.929999999999,4210.999999999999,4230.069999999999,1,75,"['H4 bullish context', 'H1 bullish trend', 'H1 bullish structure', 'Distance filter OK']",SWING_HIGH price=4167.08 zone=(4167.08-4167.08) touches=1 strength=1,SWING_HIGH price=4161.66 zone=(4161.66-4161.66) touches=1 strength=1,None,SWING_LOW price=4158.01 zone=(4158.01-4158.01) touches=1 strength=1,False,,False,,False,,False,,0,3,0.0,,2025-11-28 13:00:00+00:00,4171.8,EXIT SIGNAL,-0.055584687991583996,-0.055584687991583996,14323.739996561028,14315.778190375213
BUY,2025-11-28 15:15:00+00:00,4172.82,4153.79,4210.879999999999,4191.849999999999,4210.879999999999,4229.909999999999,1,75,"['H4 bullish context', 'H1 bullish trend', 'H1 bullish structure', 'Distance filter OK']",SWING_HIGH price=4193.00 zone=(4193.00-4193.00) touches=1 strength=1,SWING_HIGH price=4173.26 zone=(4173.26-4173.26) touches=1 strength=1,None,SWING_LOW price=4158.01 zone=(4158.01-4158.01) touches=1 strength=1,True,2025-11-28 16:15:00+00:00,True,2025-11-28 16:15:00+00:00,True,2025-11-28 18:30:00+00:00,True,2025-12-01 01:00:00+00:00,2,52,0.0,,2025-12-01 07:30:00+00:00,4224.18,EXIT SIGNAL,2.6988964792433667,2.6988964792433667,14315.778190375213,14702.14622393154
BUY,2025-12-01 07:45:00+00:00,4224.18,4205.78,4242.580000000001,4242.580000000001,4260.980000000001,4279.380000000002,1,75,"['H4 bullish context', 'H1 bullish trend', 'H1 bullish structure', 'Distance filter OK']",SWING_HIGH price=4256.24 zone=(4256.24-4256.24) touches=1 strength=1,SWING_HIGH price=4193.00 zone=(4193.00-4193.00) touches=1 strength=1,None,SWING_LOW price=4205.78 zone=(4205.78-4205.78) touches=1 strength=1,True,2025-12-01 09:30:00+00:00,True,2025-12-01 09:30:00+00:00,True,2025-12-01 12:00:00+00:00,False,,1,33,0.0,,2025-12-01 16:00:00+00:00,4242.580000000001,PROFIT LOCK TP1,1.0,1.0,14702.14622393154,14849.167686170857
BUY,2025-12-01 16:15:00+00:00,4247.1,4215.79,4215.79,4278.410000000001,4309.720000000001,4341.030000000002,1,75,"['H4 bullish context', 'H1 bullish trend', 'H1 bullish structure', 'Distance filter OK']",SWING_HIGH price=4256.24 zone=(4256.24-4256.24) touches=1 strength=1,SWING_HIGH price=4193.00 zone=(4193.00-4193.00) touches=1 strength=1,None,SWING_LOW price=4215.79 zone=(4215.79-4215.79) touches=1 strength=1,False,,False,,False,,False,,0,3,0.0,,2025-12-01 17:00:00+00:00,4231.45,EXIT SIGNAL,-0.49984030661131734,-0.49984030661131734,14849.167686170857,14774.94556087907
BUY,2025-12-01 17:15:00+00:00,4231.45,4215.79,4215.79,4247.11,4262.7699999999995,4278.429999999999,1,75,"['H4 bullish context', 'H1 bullish trend', 'H1 bullish structure', 'Distance filter OK']",SWING_HIGH price=4256.24 zone=(4256.24-4256.24) touches=1 strength=1,SWING_HIGH price=4193.00 zone=(4193.00-4193.00) touches=1 strength=1,None,SWING_LOW price=4215.79 zone=(4215.79-4215.79) touches=1 strength=1,False,,False,,False,,False,,0,3,0.0,,2025-12-01 18:00:00+00:00,4237.16,EXIT SIGNAL,0.36462324393359447,0.36462324393359447,14774.94556087907,14828.818446672572
BUY,2025-12-01 18:15:00+00:00,4237.16,4215.79,4215.79,4258.53,4279.9,4301.2699999999995,1,75,"['H4 bullish context', 'H1 bullish trend', 'H1 bullish structure', 'Distance filter OK']",SWING_HIGH price=4256.24 zone=(4256.24-4256.24) touches=1 strength=1,SWING_HIGH price=4193.00 zone=(4193.00-4193.00) touches=1 strength=1,None,SWING_LOW price=4215.79 zone=(4215.79-4215.79) touches=1 strength=1,False,,False,,False,,False,,0,3,0.0,,2025-12-01 19:00:00+00:00,4229.9,EXIT SIGNAL,-0.3397285914833999,-0.3397285914833999,14828.818446672572,14778.44071063006
BUY,2025-12-01 19:15:00+00:00,4229.9,4219.56,4219.56,4240.239999999999,4250.579999999998,4260.919999999997,1,75,"['H4 bullish context', 'H1 bullish trend', 'H1 bullish structure', 'Distance filter OK']",SWING_HIGH price=4256.24 zone=(4256.24-4256.24) touches=1 strength=1,SWING_HIGH price=4193.00 zone=(4193.00-4193.00) touches=1 strength=1,None,SWING_LOW price=4219.56 zone=(4219.56-4219.56) touches=1 strength=1,False,,False,,False,,False,,0,3,0.0,,2025-12-01 20:00:00+00:00,4236.38,EXIT SIGNAL,0.6266924564797826,0.6266924564797826,14778.44071063006,14871.056083748914
BUY,2025-12-01 20:15:00+00:00,4236.38,4219.56,4219.56,4253.2,4270.0199999999995,4286.839999999999,1,75,"['H4 bullish context', 'H1 bullish trend', 'H1 bullish structure', 'Distance filter OK']",SWING_HIGH price=4256.24 zone=(4256.24-4256.24) touches=1 strength=1,SWING_HIGH price=4193.00 zone=(4193.00-4193.00) touches=1 strength=1,None,SWING_LOW price=4219.56 zone=(4219.56-4219.56) touches=1 strength=1,False,,False,,False,,False,,0,15,0.0,,2025-12-02 01:00:00+00:00,4233.09,EXIT SIGNAL,-0.19560047562425806,-0.19560047562425806,14871.056083748914,14841.96822731875
BUY,2025-12-03 14:15:00+00:00,4207.44,4194.53,4220.349999999999,4220.349999999999,4233.259999999999,4246.169999999999,1,90,"['H4 bullish context', 'H1 bullish trend', 'M15 bullish timing', 'Distance filter OK']",SWING_HIGH price=4226.15 zone=(4226.15-4226.15) touches=1 strength=1,SWING_HIGH price=4193.00 zone=(4193.00-4193.00) touches=1 strength=1,SWING_LOW price=4215.79 zone=(4215.79-4215.79) touches=1 strength=1,SWING_LOW price=4205.78 zone=(4205.78-4205.78) touches=1 strength=1,True,2025-12-03 15:15:00+00:00,True,2025-12-03 15:15:00+00:00,True,2025-12-03 15:45:00+00:00,False,,1,7,0.0,,2025-12-03 16:00:00+00:00,4220.349999999999,PROFIT LOCK TP1,1.0,1.0,14841.96822731875,14990.387909591938
BUY,2025-12-03 17:00:00+00:00,4212.52,4194.53,4194.53,4230.510000000001,4248.500000000002,4266.4900000000025,1,90,"['H4 bullish context', 'H1 bullish trend', 'M15 bullish timing', 'Distance filter OK']",SWING_HIGH price=4226.15 zone=(4226.15-4226.15) touches=1 strength=1,SWING_HIGH price=4193.00 zone=(4193.00-4193.00) touches=1 strength=1,SWING_LOW price=4215.79 zone=(4215.79-4215.79) touches=1 strength=1,SWING_LOW price=4205.78 zone=(4205.78-4205.78) touches=1 strength=1,False,,False,,False,,False,,0,8,0.0,,2025-12-03 19:00:00+00:00,4211.02,EXIT SIGNAL,-0.08337965536408795,-0.08337965536408795,14990.387909591938,14977.88897581518
BUY,2025-12-03 19:15:00+00:00,4211.02,4194.53,4194.53,4227.510000000001,4244.000000000002,4260.4900000000025,1,75,"['H4 bullish context', 'H1 bullish trend', 'H1 bullish structure', 'Distance filter OK']",SWING_HIGH price=4226.15 zone=(4226.15-4226.15) touches=1 strength=1,SWING_HIGH price=4193.00 zone=(4193.00-4193.00) touches=1 strength=1,SWING_LOW price=4215.79 zone=(4215.79-4215.79) touches=1 strength=1,SWING_LOW price=4205.78 zone=(4205.78-4205.78) touches=1 strength=1,False,,False,,False,,False,,0,3,0.0,,2025-12-03 20:00:00+00:00,4204.5,EXIT SIGNAL,-0.39539114614919124,-0.39539114614919124,14977.88897581518,14918.667728924751
BUY,2025-12-03 20:15:00+00:00,4204.5,4194.53,4194.53,4214.47,4224.4400000000005,4234.410000000001,1,75,"['H4 bullish context', 'H1 bullish trend', 'H1 bullish structure', 'Distance filter OK']",SWING_HIGH price=4226.15 zone=(4226.15-4226.15) touches=1 strength=1,SWING_HIGH price=4193.00 zone=(4193.00-4193.00) touches=1 strength=1,SWING_LOW price=4199.29 zone=(4199.29-4199.29) touches=1 strength=1,SWING_LOW price=4194.53 zone=(4194.53-4194.53) touches=1 strength=1,False,,False,,False,,False,,0,3,0.0,,2025-12-03 21:00:00+00:00,4201.1,EXIT SIGNAL,-0.3410230692075777,-0.3410230692075777,14918.667728924751,14867.791630350692
BUY,2025-12-03 21:15:00+00:00,4201.1,4194.53,4201.200000000001,4207.670000000001,4214.240000000002,4220.810000000002,1,75,"['H4 bullish context', 'H1 bullish trend', 'H1 bullish structure', 'Distance filter OK']",SWING_HIGH price=4226.15 zone=(4226.15-4226.15) touches=1 strength=1,SWING_HIGH price=4193.00 zone=(4193.00-4193.00) touches=1 strength=1,SWING_LOW price=4215.79 zone=(4215.79-4215.79) touches=1 strength=1,SWING_LOW price=4205.78 zone=(4205.78-4205.78) touches=1 strength=1,True,2025-12-03 21:30:00+00:00,True,2025-12-03 21:30:00+00:00,False,,False,,0,1,0.0,,2025-12-03 21:30:00+00:00,4208.9,EXIT SIGNAL,1.1872146118719236,1.1872146118719236,14867.791630350692,15044.304225048885
BUY,2025-12-03 21:45:00+00:00,4208.9,4194.53,4194.53,4223.2699999999995,4237.639999999999,4252.009999999999,1,75,"['H4 bullish context', 'H1 bullish trend', 'H1 bullish structure', 'Distance filter OK']",SWING_HIGH price=4226.15 zone=(4226.15-4226.15) touches=1 strength=1,SWING_HIGH price=4193.00 zone=(4193.00-4193.00) touches=1 strength=1,SWING_LOW price=4215.79 zone=(4215.79-4215.79) touches=1 strength=1,SWING_LOW price=4205.78 zone=(4205.78-4205.78) touches=1 strength=1,False,,False,,False,,False,,0,23,0.3499208844215688,,2025-12-04 04:30:00+00:00,4201.49,EXIT SIGNAL,-0.5156576200417474,-0.5156576200417474,15044.304225048885,14966.727123930159
BUY,2025-12-04 12:00:00+00:00,4199.81,4175.25,4175.25,4224.370000000001,4248.930000000001,4273.490000000002,1,90,"['H4 bullish context', 'H1 bullish trend', 'M15 bullish timing', 'Distance filter OK']",SWING_HIGH price=4212.70 zone=(4212.70-4212.70) touches=1 strength=1,SWING_HIGH price=4193.00 zone=(4193.00-4193.00) touches=1 strength=1,SWING_LOW price=4202.57 zone=(4202.57-4202.57) touches=1 strength=1,SWING_LOW price=4199.29 zone=(4199.29-4199.29) touches=1 strength=1,False,,False,,False,,False,,0,11,0.7329407324879762,,2025-12-04 14:45:00+00:00,4190.37,EXIT SIGNAL,-0.38436482084692003,-0.38436482084692003,14966.727123930159,14909.200290033617
BUY,2025-12-04 16:30:00+00:00,4208.1,4183.43,4183.43,4232.77,4257.4400000000005,4282.110000000001,1,90,"['H4 bullish context', 'H1 bullish trend', 'M15 bullish timing', 'Distance filter OK']",SWING_HIGH price=4206.45 zone=(4206.45-4206.45) touches=1 strength=1,SWING_HIGH price=4193.00 zone=(4193.00-4193.00) touches=1 strength=1,SWING_LOW price=4202.57 zone=(4202.57-4202.57) touches=1 strength=1,SWING_LOW price=4199.29 zone=(4199.29-4199.29) touches=1 strength=1,False,,False,,False,,False,,0,19,0.861299840336946,,2025-12-04 21:15:00+00:00,4204.91,EXIT SIGNAL,-0.12930685042563841,-0.12930685042563841,14909.200290033617,14889.921672714925
BUY,2025-12-04 21:30:00+00:00,4204.91,4185.5,4185.5,4224.32,4243.73,4263.139999999999,1,75,"['H4 bullish context', 'H1 bullish trend', 'H1 bullish structure', 'Distance filter OK']",SWING_HIGH price=4212.70 zone=(4212.70-4212.70) touches=1 strength=1,SWING_HIGH price=4206.45 zone=(4206.45-4206.45) touches=1 strength=1,SWING_LOW price=4215.79 zone=(4215.79-4215.79) touches=1 strength=1,SWING_LOW price=4205.78 zone=(4205.78-4205.78) touches=1 strength=1,False,,False,,False,,False,,0,15,0.15535458913344116,,2025-12-05 02:30:00+00:00,4204.83,EXIT SIGNAL,-0.004121586810918488,-0.004121586810918488,14889.921672714925,14889.307971667105
BUY,2025-12-05 13:30:00+00:00,4221.25,4215.91,4226.59,4226.59,4231.93,4237.27,1,75,"['H4 bullish context', 'H1 bullish trend', 'H1 bullish structure', 'Distance filter OK']",SWING_HIGH price=4226.15 zone=(4226.15-4226.15) touches=1 strength=1,SWING_HIGH price=4219.42 zone=(4219.42-4219.42) touches=1 strength=1,None,SWING_LOW price=4219.56 zone=(4219.56-4219.56) touches=1 strength=1,True,2025-12-05 14:00:00+00:00,True,2025-12-05 14:00:00+00:00,True,2025-12-05 15:00:00+00:00,False,,1,7,0.0,,2025-12-05 15:15:00+00:00,4226.59,PROFIT LOCK TP1,1.0,1.0,14889.307971667105,15038.201051383776
BUY,2025-12-05 15:30:00+00:00,4232.88,4215.91,4232.9800000000005,4249.85,4266.820000000001,4283.790000000001,1,85,"['H4 bullish context', 'H1 bullish trend', 'H1 bullish structure', 'M15 bullish timing']",SWING_HIGH price=4241.42 zone=(4241.42-4241.42) touches=1 strength=1,SWING_HIGH price=4230.77 zone=(4230.77-4230.77) touches=1 strength=1,None,SWING_LOW price=4219.56 zone=(4219.56-4219.56) touches=1 strength=1,True,2025-12-05 17:30:00+00:00,True,2025-12-05 17:30:00+00:00,False,,False,,0,10,0.0,,2025-12-05 18:00:00+00:00,4232.9800000000005,BREAKEVEN,0.005892751915165722,0.005892751915165722,15038.201051383776,15039.087215264237
BUY,2025-12-08 06:45:00+00:00,4210.47,4191.95,4191.95,4228.990000000001,4247.510000000001,4266.030000000002,1,90,"['H4 bullish context', 'H1 bullish trend', 'M15 bullish timing', 'Distance filter OK']",SWING_HIGH price=4210.27 zone=(4210.27-4210.27) touches=1 strength=1,SWING_HIGH price=4206.45 zone=(4206.45-4206.45) touches=1 strength=1,SWING_LOW price=4215.79 zone=(4215.79-4215.79) touches=1 strength=1,SWING_LOW price=4205.78 zone=(4205.78-4205.78) touches=1 strength=1,False,,False,,False,,False,,0,12,0.20140388768900855,,2025-12-08 09:45:00+00:00,4206.74,EXIT SIGNAL,-0.20140388768900566,-0.20140388768900566,15039.087215264237,15008.797908939754
BUY,2025-12-08 13:45:00+00:00,4213.37,4204.49,4204.49,4222.25,4231.13,4240.01,1,90,"['H4 bullish context', 'H1 bullish trend', 'M15 bullish timing', 'Distance filter OK']",SWING_HIGH price=4210.27 zone=(4210.27-4210.27) touches=1 strength=1,SWING_HIGH price=4206.45 zone=(4206.45-4206.45) touches=1 strength=1,SWING_LOW price=4215.79 zone=(4215.79-4215.79) touches=1 strength=1,SWING_LOW price=4205.78 zone=(4205.78-4205.78) touches=1 strength=1,False,,False,,False,,False,,0,6,1.1993898488121202,,2025-12-08 15:15:00+00:00,4204.49,STOP LOSS,-1.0,-1.0,15008.797908939754,14858.709929850356
BUY,2025-12-09 03:15:00+00:00,4196.19,4184.17,4184.17,4208.209999999999,4220.229999999999,4232.249999999998,1,90,"['H4 bullish context', 'H1 bullish trend', 'M15 bullish timing', 'Distance filter OK']",SWING_HIGH price=4206.45 zone=(4206.45-4206.45) touches=1 strength=1,None,SWING_LOW price=4198.59 zone=(4198.59-4198.59) touches=1 strength=1,SWING_LOW price=4195.14 zone=(4195.14-4195.14) touches=1 strength=1,False,,False,,False,,False,,0,6,0.5274542429284048,,2025-12-09 04:45:00+00:00,4189.85,EXIT SIGNAL,-0.5274542429284098,-0.5274542429284098,14858.709929850356,14780.337033880936
BUY,2025-12-09 05:30:00+00:00,4197.85,4184.17,4184.17,4211.530000000001,4225.210000000001,4238.890000000001,1,90,"['H4 bullish context', 'H1 bullish trend', 'M15 bullish timing', 'Distance filter OK']",SWING_HIGH price=4206.45 zone=(4206.45-4206.45) touches=1 strength=1,None,SWING_LOW price=4194.53 zone=(4194.53-4194.53) touches=1 strength=1,SWING_LOW price=4191.95 zone=(4191.95-4191.95) touches=1 strength=1,False,,False,,False,,False,,0,5,1.3258523075575517,,2025-12-09 06:45:00+00:00,4186.87,EXIT SIGNAL,-0.8026315789473859,-0.8026315789473859,14780.337033880936,14661.705381372152
BUY,2025-12-09 10:45:00+00:00,4190.72,4169.98,4190.820000000001,4211.460000000001,4232.200000000002,4252.940000000002,1,90,"['H4 bullish context', 'H1 bullish trend', 'M15 bullish timing', 'Distance filter OK']",SWING_HIGH price=4198.62 zone=(4198.62-4198.62) touches=1 strength=1,None,SWING_LOW price=4191.95 zone=(4191.95-4191.95) touches=1 strength=1,SWING_LOW price=4185.50 zone=(4185.50-4185.50) touches=1 strength=1,True,2025-12-09 11:15:00+00:00,True,2025-12-09 11:15:00+00:00,False,,False,,0,21,1.32109463409117,,2025-12-09 16:00:00+00:00,4190.820000000001,BREAKEVEN,0.004821600771473504,0.004821600771473504,14661.705381372152,14662.412310271931
BUY,2025-12-09 19:45:00+00:00,4207.07,4189.46,4189.46,4224.679999999999,4242.289999999999,4259.899999999999,1,75,"['H4 bullish context', 'H1 bullish trend', 'H1 bullish structure', 'Distance filter OK']",SWING_HIGH price=4206.45 zone=(4206.45-4206.45) touches=1 strength=1,SWING_HIGH price=4198.62 zone=(4198.62-4198.62) touches=1 strength=1,SWING_LOW price=4203.24 zone=(4203.24-4203.24) touches=1 strength=1,SWING_LOW price=4202.57 zone=(4202.57-4202.57) touches=1 strength=1,False,,False,,False,,False,,0,35,0.07830275932114773,,2025-12-10 05:30:00+00:00,4207.08,EXIT SIGNAL,0.0005678591709380161,0.0005678591709380161,14662.412310271931,14662.495572124915
BUY,2025-12-10 07:15:00+00:00,4203.56,4201.24,4208.200000000002,4205.880000000001,4208.200000000002,4210.520000000002,1,75,"['H4 bullish context', 'H1 bullish trend', 'H1 bullish structure', 'Distance filter OK']",SWING_HIGH price=4212.70 zone=(4212.70-4212.70) touches=1 strength=1,SWING_HIGH price=4210.27 zone=(4210.27-4210.27) touches=1 strength=1,SWING_LOW price=4215.91 zone=(4215.91-4215.91) touches=1 strength=1,SWING_LOW price=4204.49 zone=(4204.49-4204.49) touches=1 strength=1,True,2025-12-10 07:30:00+00:00,True,2025-12-10 07:30:00+00:00,True,2025-12-10 07:30:00+00:00,True,2025-12-10 07:30:00+00:00,2,1,0.0,,2025-12-10 07:30:00+00:00,4211.96,EXIT SIGNAL,3.620689655171292,3.620689655171292,14662.495572124915,15193.37903249479
BUY,2025-12-10 09:30:00+00:00,4207.29,4201.68,4201.68,4212.9,4218.509999999999,4224.119999999999,1,75,"['H4 bullish context', 'H1 bullish trend', 'H1 bullish structure', 'Distance filter OK']",SWING_HIGH price=4206.45 zone=(4206.45-4206.45) touches=1 strength=1,SWING_HIGH price=4198.62 zone=(4198.62-4198.62) touches=1 strength=1,SWING_LOW price=4203.24 zone=(4203.24-4203.24) touches=1 strength=1,SWING_LOW price=4202.57 zone=(4202.57-4202.57) touches=1 strength=1,False,,False,,False,,False,,0,2,0.0,,2025-12-10 10:00:00+00:00,4201.68,STOP LOSS,-1.0,-1.0,15193.37903249479,15041.44524216984
BUY,2025-12-10 10:15:00+00:00,4202.36,4201.68,4201.68,4203.039999999999,4203.719999999998,4204.399999999998,1,75,"['H4 bullish context', 'H1 bullish trend', 'H1 bullish structure', 'Distance filter OK']",SWING_HIGH price=4198.62 zone=(4198.62-4198.62) touches=1 strength=1,None,SWING_LOW price=4198.59 zone=(4198.59-4198.59) touches=1 strength=1,SWING_LOW price=4195.14 zone=(4195.14-4195.14) touches=1 strength=1,False,,False,,False,,False,,0,1,0.0,,2025-12-10 10:30:00+00:00,4201.68,STOP LOSS,-1.0,-1.0,15041.44524216984,14891.030789748142
BUY,2025-12-10 16:15:00+00:00,4205.11,4187.72,4187.72,4222.499999999999,4239.8899999999985,4257.279999999998,1,90,"['H4 bullish context', 'H1 bullish trend', 'M15 bullish timing', 'Distance filter OK']",SWING_HIGH price=4198.62 zone=(4198.62-4198.62) touches=1 strength=1,None,SWING_LOW price=4194.53 zone=(4194.53-4194.53) touches=1 strength=1,SWING_LOW price=4191.95 zone=(4191.95-4191.95) touches=1 strength=1,False,,False,,False,,False,,0,4,0.0,,2025-12-10 17:15:00+00:00,4196.52,EXIT SIGNAL,-0.4939620471535091,-0.4939620471535091,14891.030789748142,14817.474749216843
BUY,2025-12-10 18:30:00+00:00,4200.59,4187.72,4187.72,4213.46,4226.33,4239.2,1,90,"['H4 bullish context', 'H1 bullish trend', 'M15 bullish timing', 'Distance filter OK']",SWING_HIGH price=4206.45 zone=(4206.45-4206.45) touches=1 strength=1,SWING_HIGH price=4198.62 zone=(4198.62-4198.62) touches=1 strength=1,SWING_LOW price=4215.91 zone=(4215.91-4215.91) touches=1 strength=1,SWING_LOW price=4204.49 zone=(4204.49-4204.49) touches=1 strength=1,False,,False,,False,,False,,0,9,0.0,,2025-12-10 20:45:00+00:00,4194.47,EXIT SIGNAL,-0.4755244755244711,-0.4755244755244711,14817.474749216843,14747.014030129658
BUY,2025-12-11 11:15:00+00:00,4211.85,4204.23,4211.950000000001,4219.470000000001,4227.090000000002,4234.710000000003,1,75,"['H4 bullish context', 'H1 bullish trend', 'H1 bullish structure', 'Distance filter OK']",SWING_HIGH price=4218.68 zone=(4218.68-4218.68) touches=1 strength=1,SWING_HIGH price=4216.80 zone=(4216.80-4216.80) touches=1 strength=1,None,SWING_LOW price=4215.91 zone=(4215.91-4215.91) touches=1 strength=1,True,2025-12-11 11:45:00+00:00,True,2025-12-11 11:45:00+00:00,False,,False,,0,5,0.0,,2025-12-11 12:30:00+00:00,4211.950000000001,BREAKEVEN,0.013123359580098857,0.013123359580098857,14747.014030129658,14748.94933380816
BUY,2025-12-11 13:15:00+00:00,4215.16,4204.23,4204.23,4226.09,4237.02,4247.950000000001,1,75,"['H4 bullish context', 'H1 bullish trend', 'H1 bullish structure', 'Distance filter OK']",SWING_HIGH price=4212.70 zone=(4212.70-4212.70) touches=1 strength=1,SWING_HIGH price=4210.27 zone=(4210.27-4210.27) touches=1 strength=1,SWING_LOW price=4215.91 zone=(4215.91-4215.91) touches=1 strength=1,SWING_LOW price=4204.49 zone=(4204.49-4204.49) touches=1 strength=1,False,,False,,False,,False,,0,3,0.22661532587469196,,2025-12-11 14:00:00+00:00,4212.54,EXIT SIGNAL,-0.23970722781334136,-0.23970722781334136,14748.94933380816,14713.595036228493
BUY,2025-12-12 01:45:00+00:00,4275.19,4263.17,4299.229999999999,4287.209999999999,4299.229999999999,4311.249999999998,1,75,"['H4 bullish context', 'H1 bullish trend', 'H1 bullish structure', 'Distance filter OK']",SWING_HIGH price=4285.84 zone=(4285.84-4285.84) touches=1 strength=1,SWING_HIGH price=4259.16 zone=(4259.16-4259.16) touches=1 strength=1,None,SWING_LOW price=4263.17 zone=(4263.17-4263.17) touches=1 strength=1,True,2025-12-12 09:00:00+00:00,True,2025-12-12 09:00:00+00:00,True,2025-12-12 10:30:00+00:00,True,2025-12-12 11:00:00+00:00,2,62,0.0,,2025-12-12 17:15:00+00:00,4299.229999999999,PROFIT LOCK TP2,2.0,2.0,14713.595036228493,15007.866936953063
BUY,2025-12-12 18:30:00+00:00,4289.97,4266.01,4266.01,4313.93,4337.89,4361.85,1,75,"['H4 bullish context', 'H1 bullish trend', 'H1 bullish structure', 'Distance filter OK']",SWING_HIGH price=4283.67 zone=(4283.67-4283.67) touches=1 strength=1,SWING_HIGH price=4259.16 zone=(4259.16-4259.16) touches=1 strength=1,None,SWING_LOW price=4266.01 zone=(4266.01-4266.01) touches=1 strength=1,False,,False,,False,,False,,0,3,0.0,,2025-12-12 19:15:00+00:00,4282.17,EXIT SIGNAL,-0.32554257095159306,-0.32554257095159306,15007.866936953063,14959.009941081511
BUY,2025-12-12 19:30:00+00:00,4282.17,4266.01,4282.27,4298.33,4314.49,4330.65,1,75,"['H4 bullish context', 'H1 bullish trend', 'H1 bullish structure', 'Distance filter OK']",SWING_HIGH price=4353.35 zone=(4353.35-4353.35) touches=1 strength=1,SWING_HIGH price=4285.84 zone=(4285.84-4285.84) touches=1 strength=1,None,SWING_LOW price=4266.01 zone=(4266.01-4266.01) touches=1 strength=1,True,2025-12-12 20:00:00+00:00,True,2025-12-12 20:00:00+00:00,False,,False,,0,2,0.0,,2025-12-12 20:00:00+00:00,4300.81,EXIT SIGNAL,1.153465346534684,1.153465346534684,14959.009941081511,15131.556936936566
BUY,2025-12-15 01:30:00+00:00,4304.83,4288.49,4321.17,4321.17,4337.51,4353.85,1,90,"['H4 bullish context', 'H1 bullish trend', 'M15 bullish timing', 'Distance filter OK']",SWING_HIGH price=4303.49 zone=(4303.49-4303.49) touches=1 strength=1,SWING_HIGH price=4285.84 zone=(4285.84-4285.84) touches=1 strength=1,None,SWING_LOW price=4288.49 zone=(4288.49-4288.49) touches=1 strength=1,True,2025-12-15 03:30:00+00:00,True,2025-12-15 03:30:00+00:00,True,2025-12-15 07:30:00+00:00,False,,1,58,0.0,,2025-12-15 16:00:00+00:00,4328.93,EXIT SIGNAL,1.4749082007344032,1.4749082007344032,15131.556936936566,15354.733511098237
BUY,2025-12-16 14:30:00+00:00,4291.56,4271.67,4311.450000000001,4311.450000000001,4331.340000000001,4351.230000000001,1,90,"['H4 bullish context', 'H1 bullish trend', 'M15 bullish timing', 'Distance filter OK']",SWING_HIGH price=4303.49 zone=(4303.49-4303.49) touches=1 strength=1,SWING_HIGH price=4285.84 zone=(4285.84-4285.84) touches=1 strength=1,SWING_LOW price=4299.61 zone=(4299.61-4299.61) touches=1 strength=1,SWING_LOW price=4288.49 zone=(4288.49-4288.49) touches=1 strength=1,True,2025-12-16 15:30:00+00:00,True,2025-12-16 15:30:00+00:00,True,2025-12-16 16:30:00+00:00,False,,1,15,0.0,,2025-12-16 18:15:00+00:00,4311.450000000001,PROFIT LOCK TP1,1.0,1.0,15354.733511098237,15508.28084620922
BUY,2025-12-16 18:45:00+00:00,4294.6,4273.8,4294.700000000001,4315.400000000001,4336.200000000001,4357.000000000001,1,75,"['H4 bullish context', 'H1 bullish trend', 'H1 bullish structure', 'Distance filter OK']",SWING_HIGH price=4303.49 zone=(4303.49-4303.49) touches=1 strength=1,SWING_HIGH price=4285.84 zone=(4285.84-4285.84) touches=1 strength=1,None,SWING_LOW price=4299.61 zone=(4299.61-4299.61) touches=1 strength=1,True,2025-12-16 21:45:00+00:00,True,2025-12-16 21:45:00+00:00,False,,False,,0,18,0.0,,2025-12-16 23:15:00+00:00,4302.27,EXIT SIGNAL,0.3687500000000003,0.3687500000000003,15508.28084620922,15565.467631829617
BUY,2025-12-17 03:15:00+00:00,4317.78,4297.28,4317.88,4338.28,4358.78,4379.28,1,90,"['H4 bullish context', 'H1 bullish trend', 'M15 bullish timing', 'Distance filter OK']",SWING_HIGH price=4334.89 zone=(4334.89-4334.89) touches=1 strength=1,SWING_HIGH price=4317.76 zone=(4317.76-4317.76) touches=1 strength=1,None,SWING_LOW price=4299.61 zone=(4299.61-4299.61) touches=1 strength=1,True,2025-12-17 07:30:00+00:00,True,2025-12-17 07:30:00+00:00,False,,False,,0,25,0.0,,2025-12-17 09:30:00+00:00,4317.88,BREAKEVEN,0.004878048780505551,0.004878048780505551,15565.467631829617,15566.226922933613
BUY,2025-12-17 09:45:00+00:00,4316.04,4297.28,4297.28,4334.8,4353.56,4372.320000000001,1,75,"['H4 bullish context', 'H1 bullish trend', 'H1 bullish structure', 'Distance filter OK']",SWING_HIGH price=4334.89 zone=(4334.89-4334.89) touches=1 strength=1,SWING_HIGH price=4317.76 zone=(4317.76-4317.76) touches=1 strength=1,None,SWING_LOW price=4299.61 zone=(4299.61-4299.61) touches=1 strength=1,False,,False,,False,,False,,0,3,0.04416485516665016,,2025-12-17 10:30:00+00:00,4315.12,EXIT SIGNAL,-0.0490405117270822,-0.0490405117270822,15566.226922933613,15558.593165594008
BUY,2025-12-17 10:45:00+00:00,4315.12,4297.28,4297.28,4332.96,4350.8,4368.64,1,75,"['H4 bullish context', 'H1 bullish trend', 'H1 bullish structure', 'Distance filter OK']",SWING_HIGH price=4334.89 zone=(4334.89-4334.89) touches=1 strength=1,SWING_HIGH price=4317.76 zone=(4317.76-4317.76) touches=1 strength=1,None,SWING_LOW price=4299.61 zone=(4299.61-4299.61) touches=1 strength=1,False,,False,,False,,False,,0,5,0.0,,2025-12-17 12:00:00+00:00,4319.37,EXIT SIGNAL,0.23822869955156756,0.23822869955156756,15558.593165594008,15595.658199760921
BUY,2025-12-17 12:15:00+00:00,4319.37,4297.28,4297.28,4341.46,4363.55,4385.64,1,75,"['H4 bullish context', 'H1 bullish trend', 'H1 bullish structure', 'Distance filter OK']",SWING_HIGH price=4317.64 zone=(4317.64-4317.64) touches=1 strength=1,SWING_HIGH price=4315.76 zone=(4315.76-4315.76) touches=1 strength=1,None,SWING_LOW price=4299.61 zone=(4299.61-4299.61) touches=1 strength=1,False,,False,,False,,False,,0,3,0.0,,2025-12-17 13:00:00+00:00,4317.75,EXIT SIGNAL,-0.07333635129017113,-0.07333635129017113,15595.658199760921,15584.22091307753
BUY,2025-12-17 13:15:00+00:00,4317.75,4297.28,4297.28,4338.22,4358.6900000000005,4379.160000000001,1,75,"['H4 bullish context', 'H1 bullish trend', 'H1 bullish structure', 'Distance filter OK']",SWING_HIGH price=4317.64 zone=(4317.64-4317.64) touches=1 strength=1,SWING_HIGH price=4315.76 zone=(4315.76-4315.76) touches=1 strength=1,None,SWING_LOW price=4299.61 zone=(4299.61-4299.61) touches=1 strength=1,False,,False,,False,,False,,0,3,0.0,,2025-12-17 14:00:00+00:00,4316.56,EXIT SIGNAL,-0.058133854421083785,-0.058133854421083785,15584.22091307753,15575.161204779262
BUY,2025-12-17 18:30:00+00:00,4326.6,4306.67,4306.67,4346.530000000001,4366.460000000001,4386.390000000001,1,75,"['H4 bullish context', 'H1 bullish trend', 'H1 bullish structure', 'Distance filter OK']",SWING_HIGH price=4334.89 zone=(4334.89-4334.89) touches=1 strength=1,SWING_HIGH price=4317.76 zone=(4317.76-4317.76) touches=1 strength=1,None,SWING_LOW price=4306.67 zone=(4306.67-4306.67) touches=1 strength=1,False,,False,,False,,False,,0,31,0.5558579840284391,,2025-12-18 03:15:00+00:00,4324.78,EXIT SIGNAL,-0.09131961866535834,-0.09131961866535834,15575.161204779262,15560.938026960544
BUY,2025-12-18 07:15:00+00:00,4337.15,4324.45,4324.45,4349.849999999999,4362.549999999999,4375.249999999999,1,90,"['H4 bullish context', 'H1 bullish trend', 'M15 bullish timing', 'Distance filter OK']",SWING_HIGH price=4334.89 zone=(4334.89-4334.89) touches=1 strength=1,SWING_HIGH price=4317.76 zone=(4317.76-4317.76) touches=1 strength=1,None,SWING_LOW price=4324.45 zone=(4324.45-4324.45) touches=1 strength=1,False,,False,,False,,False,,0,11,1.2582311760624683,,2025-12-18 10:00:00+00:00,4328.18,EXIT SIGNAL,-0.7062992125983838,-0.7062992125983838,15560.938026960544,15451.0312442032
BUY,2025-12-18 16:15:00+00:00,4336.22,4320.83,4320.83,4351.610000000001,4367.000000000001,4382.390000000001,1,90,"['H4 bullish context', 'H1 bullish trend', 'M15 bullish timing', 'Distance filter OK']",SWING_HIGH price=4334.89 zone=(4334.89-4334.89) touches=1 strength=1,SWING_HIGH price=4317.76 zone=(4317.76-4317.76) touches=1 strength=1,SWING_LOW price=4328.58 zone=(4328.58-4328.58) touches=1 strength=1,SWING_LOW price=4324.45 zone=(4324.45-4324.45) touches=1 strength=1,False,,False,,False,,False,,0,1,2.2456488643018497,,2025-12-18 16:30:00+00:00,4320.83,STOP LOSS,-1.0,-1.0,15451.0312442032,15296.520931761166
BUY,2025-12-18 17:00:00+00:00,4328.42,4320.83,4343.6,4336.01,4343.6,4351.1900000000005,1,90,"['H4 bullish context', 'H1 bullish trend', 'M15 bullish timing', 'Distance filter OK']",SWING_HIGH price=4334.89 zone=(4334.89-4334.89) touches=1 strength=1,SWING_HIGH price=4317.76 zone=(4317.76-4317.76) touches=1 strength=1,SWING_LOW price=4328.58 zone=(4328.58-4328.58) touches=1 strength=1,SWING_LOW price=4324.45 zone=(4324.45-4324.45) touches=1 strength=1,True,2025-12-18 17:30:00+00:00,True,2025-12-18 17:30:00+00:00,True,2025-12-18 18:00:00+00:00,True,2025-12-18 18:00:00+00:00,2,8,0.29056184158788395,,2025-12-18 19:00:00+00:00,4343.6,PROFIT LOCK TP2,2.0,2.0,15296.520931761166,15602.45135039639
BUY,2025-12-18 22:00:00+00:00,4324.85,4322.15,4330.250000000002,4327.550000000001,4330.250000000002,4332.950000000003,1,75,"['H4 bullish context', 'H1 bullish trend', 'H1 bullish structure', 'Distance filter OK']",SWING_HIGH price=4334.89 zone=(4334.89-4334.89) touches=1 strength=1,SWING_HIGH price=4317.76 zone=(4317.76-4317.76) touches=1 strength=1,SWING_LOW price=4328.58 zone=(4328.58-4328.58) touches=1 strength=1,SWING_LOW price=4324.45 zone=(4324.45-4324.45) touches=1 strength=1,True,2025-12-18 22:15:00+00:00,True,2025-12-18 22:15:00+00:00,True,2025-12-18 22:15:00+00:00,True,2025-12-18 22:15:00+00:00,2,2,0.0,,2025-12-18 22:30:00+00:00,4335.98,EXIT SIGNAL,4.122222222220815,4.122222222220815,15602.45135039639,16245.61906717362
BUY,2025-12-18 22:45:00+00:00,4335.98,4322.15,4322.15,4349.8099999999995,4363.639999999999,4377.469999999999,1,75,"['H4 bullish context', 'H1 bullish trend', 'H1 bullish structure', 'Distance filter OK']",SWING_HIGH price=4334.89 zone=(4334.89-4334.89) touches=1 strength=1,SWING_HIGH price=4317.76 zone=(4317.76-4317.76) touches=1 strength=1,None,SWING_LOW price=4328.58 zone=(4328.58-4328.58) touches=1 strength=1,False,,False,,False,,False,,0,3,0.0,,2025-12-18 23:30:00+00:00,4330.74,EXIT SIGNAL,-0.3788864786695451,-0.3788864786695451,16245.61906717362,16184.066613151937
BUY,2025-12-19 03:00:00+00:00,4325.97,4322.15,4322.15,4329.790000000001,4333.6100000000015,4337.430000000002,1,75,"['H4 bullish context', 'H1 bullish trend', 'H1 bullish structure', 'Distance filter OK']",SWING_HIGH price=4334.89 zone=(4334.89-4334.89) touches=1 strength=1,SWING_HIGH price=4317.76 zone=(4317.76-4317.76) touches=1 strength=1,SWING_LOW price=4328.58 zone=(4328.58-4328.58) touches=1 strength=1,SWING_LOW price=4324.45 zone=(4324.45-4324.45) touches=1 strength=1,False,,False,,False,,False,,0,1,1.0000000000000056,,2025-12-19 03:15:00+00:00,4322.15,STOP LOSS,-1.0,-1.0,16184.066613151937,16022.225947020417
BUY,2025-12-19 04:00:00+00:00,4323.23,4322.15,4322.15,4324.3099999999995,4325.389999999999,4326.469999999999,1,75,"['H4 bullish context', 'H1 bullish trend', 'H1 bullish structure', 'Distance filter OK']",SWING_HIGH price=4334.89 zone=(4334.89-4334.89) touches=1 strength=1,SWING_HIGH price=4317.76 zone=(4317.76-4317.76) touches=1 strength=1,SWING_LOW price=4324.45 zone=(4324.45-4324.45) touches=1 strength=1,SWING_LOW price=4322.15 zone=(4322.15-4322.15) touches=1 strength=1,False,,False,,False,,False,,0,1,1.9900000000000009,,2025-12-19 04:15:00+00:00,4322.15,STOP LOSS,-1.0,-1.0,16022.225947020417,15862.003687550214
BUY,2025-12-19 04:30:00+00:00,4324.45,4322.15,4322.15,4326.75,4329.05,4331.35,1,75,"['H4 bullish context', 'H1 bullish trend', 'H1 bullish structure', 'Distance filter OK']",SWING_HIGH price=4317.64 zone=(4317.64-4317.64) touches=1 strength=1,SWING_HIGH price=4315.76 zone=(4315.76-4315.76) touches=1 strength=1,SWING_LOW price=4320.27 zone=(4320.27-4320.27) touches=1 strength=1,SWING_LOW price=4308.69 zone=(4308.69-4308.69) touches=1 strength=1,False,,False,,False,,False,,0,1,2.970099999999998,,2025-12-19 04:45:00+00:00,4322.15,STOP LOSS,-1.0,-1.0,15862.003687550214,15703.383650674712
BUY,2025-12-19 08:15:00+00:00,4327.32,4309.18,4309.18,4345.459999999999,4363.5999999999985,4381.739999999998,1,90,"['H4 bullish context', 'H1 bullish trend', 'M15 bullish timing', 'Distance filter OK']",SWING_HIGH price=4334.89 zone=(4334.89-4334.89) touches=1 strength=1,SWING_HIGH price=4317.76 zone=(4317.76-4317.76) touches=1 strength=1,SWING_LOW price=4328.58 zone=(4328.58-4328.58) touches=1 strength=1,SWING_LOW price=4324.45 zone=(4324.45-4324.45) touches=1 strength=1,False,,False,,False,,False,,0,24,3.0642414685776935,,2025-12-19 14:15:00+00:00,4325.56,EXIT SIGNAL,-0.09702315325244572,-0.09702315325244572,15703.383650674712,15688.147732689498
BUY,2025-12-22 15:15:00+00:00,4425.42,4406.06,4464.139999999999,4444.78,4464.139999999999,4483.499999999999,1,85,"['H4 bullish context', 'H1 bullish trend', 'H1 bullish structure', 'M15 bullish timing']",None,SWING_HIGH price=4420.28 zone=(4420.28-4420.28) touches=1 strength=1,None,SWING_LOW price=4406.06 zone=(4406.06-4406.06) touches=1 strength=1,True,2025-12-22 23:15:00+00:00,True,2025-12-22 23:15:00+00:00,True,2025-12-23 02:00:00+00:00,True,2025-12-23 03:00:00+00:00,2,95,0.0,,2025-12-23 16:00:00+00:00,4464.139999999999,PROFIT LOCK TP2,2.0,2.0,15688.147732689498,16001.910687343288
BUY,2025-12-24 03:15:00+00:00,4511.91,4483.39,4483.39,4540.429999999999,4568.949999999999,4597.469999999998,1,85,"['H4 bullish context', 'H1 bullish trend', 'H1 bullish structure', 'M15 bullish timing']",None,SWING_HIGH price=4497.65 zone=(4497.65-4497.65) touches=1 strength=1,None,SWING_LOW price=4483.39 zone=(4483.39-4483.39) touches=1 strength=1,False,,False,,False,,False,,0,6,1.0000000000000004,,2025-12-24 04:45:00+00:00,4483.39,STOP LOSS,-1.0,-1.0,16001.910687343288,15841.891580469855
BUY,2025-12-24 05:15:00+00:00,4485.12,4483.39,4488.579999999999,4486.849999999999,4488.579999999999,4490.309999999999,1,75,"['H4 bullish context', 'H1 bullish trend', 'H1 bullish structure', 'Distance filter OK']",SWING_HIGH price=4497.23 zone=(4497.23-4497.23) touches=1 strength=1,SWING_HIGH price=4442.03 zone=(4442.03-4442.03) touches=1 strength=1,None,SWING_LOW price=4483.39 zone=(4483.39-4483.39) touches=1 strength=1,True,2025-12-24 05:30:00+00:00,True,2025-12-24 05:30:00+00:00,True,2025-12-24 05:30:00+00:00,True,2025-12-24 05:30:00+00:00,2,1,0.0,,2025-12-24 05:30:00+00:00,4495.04,EXIT SIGNAL,5.734104046244264,5.734104046244264,15841.891580469855,16750.282126587204
BUY,2025-12-24 06:15:00+00:00,4494.12,4483.39,4483.39,4504.849999999999,4515.579999999999,4526.309999999999,1,75,"['H4 bullish context', 'H1 bullish trend', 'H1 bullish structure', 'Distance filter OK']",SWING_HIGH price=4525.66 zone=(4525.66-4525.66) touches=1 strength=1,SWING_HIGH price=4497.65 zone=(4497.65-4497.65) touches=1 strength=1,None,SWING_LOW price=4483.39 zone=(4483.39-4483.39) touches=1 strength=1,False,,False,,False,,False,,0,4,0.0,,2025-12-24 07:15:00+00:00,4492.33,EXIT SIGNAL,-0.1668219944082047,-0.1668219944082047,16750.282126587204,16722.33897187463
BUY,2025-12-24 14:15:00+00:00,4495.2,4478.13,4478.13,4512.2699999999995,4529.339999999999,4546.409999999999,1,90,"['H4 bullish context', 'H1 bullish trend', 'M15 bullish timing', 'Distance filter OK']",SWING_HIGH price=4493.14 zone=(4493.14-4493.14) touches=1 strength=1,SWING_HIGH price=4442.03 zone=(4442.03-4442.03) touches=1 strength=1,None,SWING_LOW price=4483.39 zone=(4483.39-4483.39) touches=1 strength=1,False,,False,,False,,False,,0,4,0.0,,2025-12-24 15:15:00+00:00,4478.13,STOP LOSS,-1.0,-1.0,16722.33897187463,16555.115582155882
BUY,2025-12-26 15:15:00+00:00,4514.54,4503.07,4514.64,4526.01,4537.4800000000005,4548.950000000001,1,75,"['H4 bullish context', 'H1 bullish trend', 'H1 bullish structure', 'Distance filter OK']",SWING_HIGH price=4525.66 zone=(4525.66-4525.66) touches=1 strength=1,SWING_HIGH price=4523.53 zone=(4523.53-4523.53) touches=1 strength=1,None,SWING_LOW price=4503.07 zone=(4503.07-4503.07) touches=1 strength=1,True,2025-12-26 15:30:00+00:00,True,2025-12-26 15:30:00+00:00,False,,False,,0,6,0.0,,2025-12-26 16:45:00+00:00,4514.64,BREAKEVEN,0.008718395815201533,0.008718395815201533,16555.115582155882,16556.55892266
BUY,2025-12-26 20:15:00+00:00,4517.66,4503.07,4532.25,4532.25,4546.84,4561.43,1,75,"['H4 bullish context', 'H1 bullish trend', 'H1 bullish structure', 'Distance filter OK']",SWING_HIGH price=4549.86 zone=(4549.86-4549.86) touches=1 strength=1,SWING_HIGH price=4530.87 zone=(4530.87-4530.87) touches=1 strength=1,None,SWING_LOW price=4503.07 zone=(4503.07-4503.07) touches=1 strength=1,True,2025-12-26 20:45:00+00:00,True,2025-12-26 20:45:00+00:00,True,2025-12-29 01:00:00+00:00,False,,1,17,0.09897969560354442,,2025-12-29 01:30:00+00:00,4532.25,PROFIT LOCK TP1,1.0,1.0,16556.55892266,16722.1245118866
BUY,2025-12-29 02:15:00+00:00,4523.93,4510.12,4510.12,4537.740000000001,4551.550000000001,4565.3600000000015,1,75,"['H4 bullish context', 'H1 bullish trend', 'H1 bullish structure', 'Distance filter OK']",SWING_HIGH price=4497.65 zone=(4497.65-4497.65) touches=1 strength=1,SWING_HIGH price=4497.23 zone=(4497.23-4497.23) touches=1 strength=1,SWING_LOW price=4503.07 zone=(4503.07-4503.07) touches=1 strength=1,SWING_LOW price=4483.39 zone=(4483.39-4483.39) touches=1 strength=1,False,,False,,False,,False,,0,1,1.0979898986475207,,2025-12-29 02:30:00+00:00,4510.12,STOP LOSS,-1.0,-1.0,16722.1245118866,16554.90326676773
BUY,2025-12-30 06:30:00+00:00,4362.99,4323.6,4323.6,4402.379999999999,4441.769999999999,4481.159999999998,1,90,"['H4 bullish context', 'H1 bullish trend', 'M15 bullish timing', 'Distance filter OK']",SWING_HIGH price=4374.41 zone=(4374.41-4374.41) touches=1 strength=1,SWING_HIGH price=4356.45 zone=(4356.45-4356.45) touches=1 strength=1,SWING_LOW price=4406.06 zone=(4406.06-4406.06) touches=1 strength=1,SWING_LOW price=4336.59 zone=(4336.59-4336.59) touches=1 strength=1,False,,False,,False,,False,,0,9,0.0,,2025-12-30 08:45:00+00:00,4364.68,EXIT SIGNAL,0.04290429042905647,0.04290429042905647,16554.90326676773,16562.006030545555
BUY,2025-12-30 12:15:00+00:00,4375.82,4350.16,4375.92,4401.48,4427.139999999999,4452.799999999999,1,90,"['H4 bullish context', 'H1 bullish trend', 'M15 bullish timing', 'Distance filter OK']",SWING_HIGH price=4420.28 zone=(4420.28-4420.28) touches=1 strength=1,SWING_HIGH price=4383.31 zone=(4383.31-4383.31) touches=1 strength=1,SWING_LOW price=4406.06 zone=(4406.06-4406.06) touches=1 strength=1,SWING_LOW price=4350.16 zone=(4350.16-4350.16) touches=1 strength=1,True,2025-12-30 14:30:00+00:00,True,2025-12-30 14:30:00+00:00,False,,False,,0,17,0.0,,2025-12-30 16:30:00+00:00,4375.92,BREAKEVEN,0.0038971161340749945,0.0038971161340749945,16562.006030545555,16562.651471154695
BUY,2025-12-30 17:15:00+00:00,4369.14,4350.16,4350.16,4388.120000000001,4407.100000000001,4426.080000000002,1,75,"['H4 bullish context', 'H1 bullish trend', 'H1 bullish structure', 'Distance filter OK']",SWING_HIGH price=4383.31 zone=(4383.31-4383.31) touches=1 strength=1,SWING_HIGH price=4356.45 zone=(4356.45-4356.45) touches=1 strength=1,SWING_LOW price=4406.06 zone=(4406.06-4406.06) touches=1 strength=1,SWING_LOW price=4350.16 zone=(4350.16-4350.16) touches=1 strength=1,False,,False,,False,,False,,0,3,0.5177392085363126,,2025-12-30 18:00:00+00:00,4358.43,EXIT SIGNAL,-0.5642781875658467,-0.5642781875658467,16562.651471154695,16469.192041620416
BUY,2025-12-30 18:15:00+00:00,4358.43,4350.16,4358.530000000001,4366.700000000001,4374.970000000001,4383.240000000002,1,75,"['H4 bullish context', 'H1 bullish trend', 'H1 bullish structure', 'Distance filter OK']",SWING_HIGH price=4383.31 zone=(4383.31-4383.31) touches=1 strength=1,SWING_HIGH price=4356.45 zone=(4356.45-4356.45) touches=1 strength=1,SWING_LOW price=4406.06 zone=(4406.06-4406.06) touches=1 strength=1,SWING_LOW price=4350.16 zone=(4350.16-4350.16) touches=1 strength=1,True,2025-12-30 18:30:00+00:00,True,2025-12-30 18:30:00+00:00,False,,False,,0,1,0.0,,2025-12-30 18:30:00+00:00,4367.14,EXIT SIGNAL,1.053204353083383,1.053204353083383,16469.192041620416,16642.646289120425
BUY,2025-12-30 18:45:00+00:00,4367.14,4350.16,4350.16,4384.120000000001,4401.100000000001,4418.080000000002,1,75,"['H4 bullish context', 'H1 bullish trend', 'H1 bullish structure', 'Distance filter OK']",SWING_HIGH price=4383.31 zone=(4383.31-4383.31) touches=1 strength=1,SWING_HIGH price=4356.45 zone=(4356.45-4356.45) touches=1 strength=1,SWING_LOW price=4406.06 zone=(4406.06-4406.06) touches=1 strength=1,SWING_LOW price=4350.16 zone=(4350.16-4350.16) touches=1 strength=1,False,,False,,False,,False,,0,4,0.0,,2025-12-30 19:45:00+00:00,4370.14,EXIT SIGNAL,0.17667844522967704,0.17667844522967704,16642.646289120425,16672.05025782912
BUY,2025-12-30 20:00:00+00:00,4370.14,4350.16,4350.16,4390.120000000001,4410.100000000001,4430.080000000002,1,75,"['H4 bullish context', 'H1 bullish trend', 'H1 bullish structure', 'Distance filter OK']",SWING_HIGH price=4383.31 zone=(4383.31-4383.31) touches=1 strength=1,SWING_HIGH price=4356.45 zone=(4356.45-4356.45) touches=1 strength=1,SWING_LOW price=4406.06 zone=(4406.06-4406.06) touches=1 strength=1,SWING_LOW price=4350.16 zone=(4350.16-4350.16) touches=1 strength=1,False,,False,,False,,False,,0,3,0.0,,2025-12-30 20:45:00+00:00,4364.65,EXIT SIGNAL,-0.2747747747748029,-0.2747747747748029,16672.05025782912,16626.23966928283
BUY,2025-12-30 21:00:00+00:00,4364.65,4354.77,4354.77,4374.529999999999,4384.409999999998,4394.289999999997,1,75,"['H4 bullish context', 'H1 bullish trend', 'H1 bullish structure', 'Distance filter OK']",SWING_HIGH price=4383.31 zone=(4383.31-4383.31) touches=1 strength=1,SWING_HIGH price=4356.45 zone=(4356.45-4356.45) touches=1 strength=1,SWING_LOW price=4406.06 zone=(4406.06-4406.06) touches=1 strength=1,SWING_LOW price=4354.77 zone=(4354.77-4354.77) touches=1 strength=1,False,,False,,False,,False,,0,3,0.5734010803209287,,2025-12-30 21:45:00+00:00,4354.77,STOP LOSS,-1.0,-1.0,16626.23966928283,16459.97727259
SELL,2025-12-31 06:15:00+00:00,4348.22,4373.2,4323.240000000001,4323.240000000001,4298.260000000001,4273.280000000002,1,80,"['H1 bearish trend', 'H1 bearish structure', 'M15 bearish timing', 'Distance filter OK']",SWING_HIGH price=4356.45 zone=(4356.45-4356.45) touches=1 strength=1,None,SWING_LOW price=4336.59 zone=(4336.59-4336.59) touches=1 strength=1,SWING_LOW price=4328.84 zone=(4328.84-4328.84) touches=1 strength=1,True,2025-12-31 07:30:00+00:00,True,2025-12-31 07:30:00+00:00,True,2025-12-31 07:45:00+00:00,False,,1,10,0.0,,2025-12-31 08:45:00+00:00,4323.240000000001,PROFIT LOCK TP1,1.0,1.0,16459.97727259,16624.577045315902
BUY,2026-01-05 21:15:00+00:00,4439.92,4432.52,4447.32,4447.32,4454.719999999999,4462.119999999999,1,75,"['H4 bullish context', 'H1 bullish trend', 'H1 bullish structure', 'Distance filter OK']",SWING_HIGH price=4439.71 zone=(4439.71-4439.71) touches=1 strength=1,SWING_HIGH price=4419.88 zone=(4419.88-4419.88) touches=1 strength=1,SWING_LOW price=4447.21 zone=(4447.21-4447.21) touches=1 strength=1,SWING_LOW price=4432.52 zone=(4432.52-4432.52) touches=1 strength=1,True,2026-01-05 23:00:00+00:00,True,2026-01-05 23:00:00+00:00,True,2026-01-06 01:00:00+00:00,False,,1,13,0.5482222695337555,,2026-01-06 01:30:00+00:00,4447.32,PROFIT LOCK TP1,1.0,1.0,16624.577045315902,16790.82281576906
BUY,2026-01-06 01:45:00+00:00,4442.88,4432.52,4432.52,4453.24,4463.599999999999,4473.959999999999,1,75,"['H4 bullish context', 'H1 bullish trend', 'H1 bullish structure', 'Distance filter OK']",SWING_HIGH price=4455.58 zone=(4455.58-4455.58) touches=1 strength=1,SWING_HIGH price=4439.71 zone=(4439.71-4439.71) touches=1 strength=1,SWING_LOW price=4447.21 zone=(4447.21-4447.21) touches=1 strength=1,SWING_LOW price=4432.52 zone=(4432.52-4432.52) touches=1 strength=1,False,,False,,False,,False,,0,3,1.5427400468384267,,2026-01-06 02:30:00+00:00,4432.52,STOP LOSS,-1.0,-1.0,16790.82281576906,16622.91458761137
BUY,2026-01-06 03:15:00+00:00,4441.73,4432.52,4450.939999999999,4450.939999999999,4460.149999999998,4469.359999999997,1,75,"['H4 bullish context', 'H1 bullish trend', 'H1 bullish structure', 'Distance filter OK']",SWING_HIGH price=4455.58 zone=(4455.58-4455.58) touches=1 strength=1,SWING_HIGH price=4439.71 zone=(4439.71-4439.71) touches=1 strength=1,SWING_LOW price=4472.63 zone=(4472.63-4472.63) touches=1 strength=1,SWING_LOW price=4448.31 zone=(4448.31-4448.31) touches=1 strength=1,True,2026-01-06 03:45:00+00:00,True,2026-01-06 03:45:00+00:00,True,2026-01-06 04:00:00+00:00,False,,1,5,0.5581674473068103,,2026-01-06 04:30:00+00:00,4450.939999999999,PROFIT LOCK TP1,1.0,1.0,16622.91458761137,16789.143733487483
BUY,2026-01-06 09:15:00+00:00,4468.46,4449.38,4449.38,4487.54,4506.62,4525.7,1,75,"['H4 bullish context', 'H1 bullish trend', 'H1 bullish structure', 'Distance filter OK']",SWING_HIGH price=4459.87 zone=(4459.87-4459.87) touches=1 strength=1,SWING_HIGH price=4455.58 zone=(4455.58-4455.58) touches=1 strength=1,SWING_LOW price=4472.63 zone=(4472.63-4472.63) touches=1 strength=1,SWING_LOW price=4449.38 zone=(4449.38-4449.38) touches=1 strength=1,False,,False,,False,,False,,0,10,1.5525857728337393,,2026-01-06 11:45:00+00:00,4449.38,STOP LOSS,-1.0,-1.0,16789.143733487483,16621.25229615261
BUY,2026-01-06 13:15:00+00:00,4450.77,4449.38,4453.550000000001,4452.160000000001,4453.550000000001,4454.940000000001,1,75,"['H4 bullish context', 'H1 bullish trend', 'H1 bullish structure', 'Distance filter OK']",SWING_HIGH price=4474.06 zone=(4474.06-4474.06) touches=1 strength=1,SWING_HIGH price=4459.87 zone=(4459.87-4459.87) touches=1 strength=1,SWING_LOW price=4472.63 zone=(4472.63-4472.63) touches=1 strength=1,SWING_LOW price=4449.38 zone=(4449.38-4449.38) touches=1 strength=1,True,2026-01-06 13:30:00+00:00,True,2026-01-06 13:30:00+00:00,True,2026-01-06 13:30:00+00:00,True,2026-01-06 13:30:00+00:00,2,49,4.499999999999882,DAILY HARD STOP,2026-01-07 02:30:00+00:00,4488.9320499999985,DAILY HARD STOP,27.454712230207985,27.454712230207985,16621.25229615261,21184.569283118144
BUY,2026-01-08 01:15:00+00:00,4459.68,4445.34,4445.34,4474.02,4488.360000000001,4502.700000000001,1,90,"['H4 bullish context', 'H1 bullish trend', 'M15 bullish timing', 'Distance filter OK']",SWING_HIGH price=4468.24 zone=(4468.24-4468.24) touches=1 strength=1,SWING_HIGH price=4459.87 zone=(4459.87-4459.87) touches=1 strength=1,SWING_LOW price=4477.30 zone=(4477.30-4477.30) touches=1 strength=1,SWING_LOW price=4459.70 zone=(4459.70-4459.70) touches=1 strength=1,False,,False,,False,,False,,0,6,0.6652719665271989,,2026-01-08 02:45:00+00:00,4450.14,EXIT SIGNAL,-0.6652719665271873,-0.6652719665271873,21184.569283118144,21043.634282448027
BUY,2026-01-08 23:30:00+00:00,4475.02,4444.69,4444.69,4505.350000000001,4535.680000000002,4566.010000000003,1,85,"['H4 bullish context', 'H1 bullish trend', 'H1 bullish structure', 'M15 bullish timing']",SWING_HIGH price=4500.42 zone=(4500.42-4500.42) touches=1 strength=1,SWING_HIGH price=4475.70 zone=(4475.70-4475.70) touches=1 strength=1,None,SWING_LOW price=4477.30 zone=(4477.30-4477.30) touches=1 strength=1,False,,False,,False,,False,,0,12,0.473188718600967,,2026-01-09 03:30:00+00:00,4462.39,EXIT SIGNAL,-0.4164193867457884,-0.4164193867457884,21043.634282448027,20956.00450962003
BUY,2026-01-09 03:45:00+00:00,4462.39,4444.69,4462.490000000001,4480.090000000001,4497.790000000002,4515.4900000000025,1,75,"['H4 bullish context', 'H1 bullish trend', 'H1 bullish structure', 'Distance filter OK']",SWING_HIGH price=4474.06 zone=(4474.06-4474.06) touches=1 strength=1,SWING_HIGH price=4468.24 zone=(4468.24-4468.24) touches=1 strength=1,SWING_LOW price=4477.30 zone=(4477.30-4477.30) touches=1 strength=1,SWING_LOW price=4459.70 zone=(4459.70-4459.70) touches=1 strength=1,True,2026-01-09 14:00:00+00:00,True,2026-01-09 14:00:00+00:00,False,,False,,0,43,0.46756573491271963,,2026-01-09 14:30:00+00:00,4462.490000000001,BREAKEVEN,0.005649717514144615,0.005649717514144615,20956.00450962003,20957.188464677078
BUY,2026-01-09 15:15:00+00:00,4467.37,4464.07,4464.07,4470.67,4473.97,4477.27,1,75,"['H4 bullish context', 'H1 bullish trend', 'H1 bullish structure', 'Distance filter OK']",SWING_HIGH price=4483.88 zone=(4483.88-4483.88) touches=1 strength=1,SWING_HIGH price=4477.44 zone=(4477.44-4477.44) touches=1 strength=1,None,SWING_LOW price=4477.30 zone=(4477.30-4477.30) touches=1 strength=1,False,,False,,False,,False,,0,1,1.4628900775635967,,2026-01-09 15:30:00+00:00,4464.07,STOP LOSS,-1.0,-1.0,20957.188464677078,20747.616580030306
BUY,2026-01-09 15:45:00+00:00,4486.5,4464.07,4486.6,4508.93,4531.360000000001,4553.790000000001,1,85,"['H4 bullish context', 'H1 bullish trend', 'H1 bullish structure', 'M15 bullish timing']",SWING_HIGH price=4483.88 zone=(4483.88-4483.88) touches=1 strength=1,SWING_HIGH price=4477.44 zone=(4477.44-4477.44) touches=1 strength=1,None,SWING_LOW price=4477.30 zone=(4477.30-4477.30) touches=1 strength=1,True,2026-01-09 17:15:00+00:00,True,2026-01-09 17:15:00+00:00,False,,False,,0,16,1.4584969830507617,,2026-01-09 19:45:00+00:00,4486.6,BREAKEVEN,0.0044583147570380075,0.0044583147570380075,20747.616580030306,20748.541574082028
BUY,2026-01-09 22:15:00+00:00,4506.7,4481.97,4556.159999999999,4531.429999999999,4556.159999999999,4580.8899999999985,1,75,"['H4 bullish context', 'H1 bullish trend', 'H1 bullish structure', 'Distance filter OK']",SWING_HIGH price=4517.01 zone=(4517.01-4517.01) touches=1 strength=1,SWING_HIGH price=4500.42 zone=(4500.42-4500.42) touches=1 strength=1,None,SWING_LOW price=4481.97 zone=(4481.97-4481.97) touches=1 strength=1,True,2026-01-12 01:15:00+00:00,True,2026-01-12 01:15:00+00:00,True,2026-01-12 02:15:00+00:00,True,2026-01-12 02:30:00+00:00,2,94,0.0,,2026-01-12 22:45:00+00:00,4593.43,EXIT SIGNAL,3.507076425394339,3.507076425394339,20748.541574082028,21476.208784239803
BUY,2026-01-12 23:45:00+00:00,4590.21,4578.46,4578.46,4601.96,4613.71,4625.46,1,75,"['H4 bullish context', 'H1 bullish trend', 'H1 bullish structure', 'Distance filter OK']",SWING_HIGH price=4599.18 zone=(4599.18-4599.18) touches=1 strength=1,SWING_HIGH price=4517.01 zone=(4517.01-4517.01) touches=1 strength=1,None,SWING_LOW price=4578.46 zone=(4578.46-4578.46) touches=1 strength=1,False,,False,,False,,False,,0,1,0.05498801433127447,,2026-01-13 01:00:00+00:00,4578.46,STOP LOSS,-1.0,-1.0,21476.208784239803,21261.446696397405
BUY,2026-01-13 01:15:00+00:00,4579.1,4578.46,4580.380000000001,4579.740000000001,4580.380000000001,4581.020000000001,1,75,"['H4 bullish context', 'H1 bullish trend', 'H1 bullish structure', 'Distance filter OK']",SWING_HIGH price=4599.18 zone=(4599.18-4599.18) touches=1 strength=1,SWING_HIGH price=4517.01 zone=(4517.01-4517.01) touches=1 strength=1,None,SWING_LOW price=4578.46 zone=(4578.46-4578.46) touches=1 strength=1,True,2026-01-13 01:30:00+00:00,True,2026-01-13 01:30:00+00:00,True,2026-01-13 01:30:00+00:00,True,2026-01-13 01:30:00+00:00,2,1,0.0,,2026-01-13 01:30:00+00:00,4585.9,EXIT SIGNAL,10.624999999993427,10.624999999993427,21261.446696397405,23520.47540788823
BUY,2026-01-13 01:45:00+00:00,4585.9,4578.46,4586.0,4593.339999999999,4600.779999999999,4608.219999999998,1,75,"['H4 bullish context', 'H1 bullish trend', 'H1 bullish structure', 'Distance filter OK']",SWING_HIGH price=4599.18 zone=(4599.18-4599.18) touches=1 strength=1,SWING_HIGH price=4517.01 zone=(4517.01-4517.01) touches=1 strength=1,None,SWING_LOW price=4578.46 zone=(4578.46-4578.46) touches=1 strength=1,True,2026-01-13 02:00:00+00:00,True,2026-01-13 02:00:00+00:00,False,,False,,0,2,0.0,,2026-01-13 02:15:00+00:00,4588.27,EXIT SIGNAL,0.3185483870968989,0.3185483870968989,23520.47540788823,23595.39950293758
BUY,2026-01-13 02:30:00+00:00,4588.27,4578.46,4578.46,4598.080000000001,4607.890000000001,4617.700000000002,1,75,"['H4 bullish context', 'H1 bullish trend', 'H1 bullish structure', 'Distance filter OK']",SWING_HIGH price=4599.18 zone=(4599.18-4599.18) touches=1 strength=1,SWING_HIGH price=4517.01 zone=(4517.01-4517.01) touches=1 strength=1,None,SWING_LOW price=4578.46 zone=(4578.46-4578.46) touches=1 strength=1,False,,False,,False,,False,,0,3,0.0,,2026-01-13 03:15:00+00:00,4581.65,EXIT SIGNAL,-0.6748216106014812,-0.6748216106014812,23595.39950293758,23436.172647984004
BUY,2026-01-13 03:30:00+00:00,4581.65,4578.46,4578.46,4584.839999999999,4588.029999999999,4591.219999999998,1,75,"['H4 bullish context', 'H1 bullish trend', 'H1 bullish structure', 'Distance filter OK']",SWING_HIGH price=4599.18 zone=(4599.18-4599.18) touches=1 strength=1,SWING_HIGH price=4517.01 zone=(4517.01-4517.01) touches=1 strength=1,SWING_LOW price=4578.46 zone=(4578.46-4578.46) touches=1 strength=1,SWING_LOW price=4481.97 zone=(4481.97-4481.97) touches=1 strength=1,False,,False,,False,,False,,0,1,0.0,,2026-01-13 03:45:00+00:00,4578.46,STOP LOSS,-1.0,-1.0,23436.172647984004,23201.810921504162
BUY,2026-01-13 04:15:00+00:00,4586.49,4578.46,4586.59,4594.5199999999995,4602.549999999999,4610.579999999999,1,75,"['H4 bullish context', 'H1 bullish trend', 'H1 bullish structure', 'Distance filter OK']",SWING_HIGH price=4599.18 zone=(4599.18-4599.18) touches=1 strength=1,SWING_HIGH price=4517.01 zone=(4517.01-4517.01) touches=1 strength=1,None,SWING_LOW price=4578.46 zone=(4578.46-4578.46) touches=1 strength=1,True,2026-01-13 04:45:00+00:00,True,2026-01-13 04:45:00+00:00,False,,False,,0,13,0.0,,2026-01-13 07:30:00+00:00,4586.59,BREAKEVEN,0.0124533001245787,0.0124533001245787,23201.810921504162,23204.700312652556
BUY,2026-01-13 15:15:00+00:00,4602.56,4573.6,4602.660000000001,4631.52,4660.4800000000005,4689.4400000000005,1,90,"['H4 bullish context', 'H1 bullish trend', 'M15 bullish timing', 'Distance filter OK']",SWING_HIGH price=4630.09 zone=(4630.09-4630.09) touches=1 strength=1,SWING_HIGH price=4602.03 zone=(4602.03-4602.03) touches=1 strength=1,None,SWING_LOW price=4578.46 zone=(4578.46-4578.46) touches=1 strength=1,True,2026-01-13 16:45:00+00:00,True,2026-01-13 16:45:00+00:00,False,,False,,0,8,0.0,,2026-01-13 17:15:00+00:00,4602.660000000001,BREAKEVEN,0.003453038674045707,0.003453038674045707,23204.700312652556,23205.501579928547
BUY,2026-01-13 17:30:00+00:00,4608.8,4577.72,4577.72,4639.88,4670.96,4702.04,1,90,"['H4 bullish context', 'H1 bullish trend', 'M15 bullish timing', 'Distance filter OK']",SWING_HIGH price=4630.09 zone=(4630.09-4630.09) touches=1 strength=1,SWING_HIGH price=4602.03 zone=(4602.03-4602.03) touches=1 strength=1,None,SWING_LOW price=4578.46 zone=(4578.46-4578.46) touches=1 strength=1,False,,False,,False,,False,,0,4,0.0,,2026-01-13 18:30:00+00:00,4608.75,EXIT SIGNAL,-0.001608751608757465,-0.001608751608757465,23205.501579928547,23205.128261048558
BUY,2026-01-13 18:45:00+00:00,4608.75,4577.72,4577.72,4639.78,4670.8099999999995,4701.839999999999,1,75,"['H4 bullish context', 'H1 bullish trend', 'H1 bullish structure', 'Distance filter OK']",SWING_HIGH price=4630.09 zone=(4630.09-4630.09) touches=1 strength=1,SWING_HIGH price=4602.03 zone=(4602.03-4602.03) touches=1 strength=1,None,SWING_LOW price=4578.46 zone=(4578.46-4578.46) touches=1 strength=1,False,,False,,False,,False,,0,5,0.0,,2026-01-13 20:00:00+00:00,4594.24,EXIT SIGNAL,-0.46761198839833507,-0.46761198839833507,23205.128261048558,23096.618299376685
BUY,2026-01-13 20:45:00+00:00,4600.35,4577.72,4577.72,4622.9800000000005,4645.610000000001,4668.240000000001,1,75,"['H4 bullish context', 'H1 bullish trend', 'H1 bullish structure', 'Distance filter OK']",SWING_HIGH price=4596.99 zone=(4596.99-4596.99) touches=1 strength=1,SWING_HIGH price=4517.01 zone=(4517.01-4517.01) touches=1 strength=1,None,SWING_LOW price=4578.46 zone=(4578.46-4578.46) touches=1 strength=1,False,,False,,False,,False,,0,3,0.0,,2026-01-13 21:30:00+00:00,4595.9,EXIT SIGNAL,-0.19664162615999586,-0.19664162615999586,23096.618299376685,23051.200733564823
BUY,2026-01-13 22:45:00+00:00,4585.02,4577.72,4577.72,4592.320000000001,4599.620000000001,4606.920000000001,1,75,"['H4 bullish context', 'H1 bullish trend', 'H1 bullish structure', 'Distance filter OK']",SWING_HIGH price=4596.99 zone=(4596.99-4596.99) touches=1 strength=1,SWING_HIGH price=4517.01 zone=(4517.01-4517.01) touches=1 strength=1,None,SWING_LOW price=4578.46 zone=(4578.46-4578.46) touches=1 strength=1,False,,False,,False,,False,,0,3,0.0,,2026-01-13 23:30:00+00:00,4589.01,EXIT SIGNAL,0.5465753424657099,0.5465753424657099,23051.200733564823,23177.192912916766
BUY,2026-01-14 01:00:00+00:00,4586.42,4577.72,4586.52,4595.12,4603.82,4612.5199999999995,1,75,"['H4 bullish context', 'H1 bullish trend', 'H1 bullish structure', 'Distance filter OK']",SWING_HIGH price=4596.99 zone=(4596.99-4596.99) touches=1 strength=1,SWING_HIGH price=4517.01 zone=(4517.01-4517.01) touches=1 strength=1,None,SWING_LOW price=4578.46 zone=(4578.46-4578.46) touches=1 strength=1,True,2026-01-14 01:15:00+00:00,True,2026-01-14 01:15:00+00:00,False,,False,,0,1,0.0,,2026-01-14 01:15:00+00:00,4597.16,EXIT SIGNAL,1.2344827586206903,1.2344827586206903,23177.192912916766,23463.31136335898
BUY,2026-01-14 02:15:00+00:00,4605.06,4569.8,4605.160000000001,4640.320000000001,4675.580000000001,4710.840000000001,1,90,"['H4 bullish context', 'H1 bullish trend', 'M15 bullish timing', 'Distance filter OK']",SWING_HIGH price=4630.09 zone=(4630.09-4630.09) touches=1 strength=1,SWING_HIGH price=4602.03 zone=(4602.03-4602.03) touches=1 strength=1,None,SWING_LOW price=4578.46 zone=(4578.46-4578.46) touches=1 strength=1,True,2026-01-14 14:45:00+00:00,True,2026-01-14 14:45:00+00:00,False,,False,,0,58,0.0,,2026-01-14 16:45:00+00:00,4617.53,EXIT SIGNAL,0.3536585365853451,0.3536585365853451,23463.31136335898,23546.2913669611
BUY,2026-01-14 19:15:00+00:00,4615.59,4599.36,4599.36,4631.820000000001,4648.050000000001,4664.280000000002,1,75,"['H4 bullish context', 'H1 bullish trend', 'H1 bullish structure', 'Distance filter OK']",SWING_HIGH price=4630.09 zone=(4630.09-4630.09) touches=1 strength=1,SWING_HIGH price=4602.03 zone=(4602.03-4602.03) touches=1 strength=1,None,SWING_LOW price=4599.36 zone=(4599.36-4599.36) touches=1 strength=1,False,,False,,False,,False,,0,3,0.0,,2026-01-14 20:00:00+00:00,4623.49,EXIT SIGNAL,0.4867529266789529,0.4867529266789529,23546.2913669611,23660.903629314136
BUY,2026-01-14 23:45:00+00:00,4621.0,4599.36,4599.36,4642.64,4664.280000000001,4685.920000000001,1,75,"['H4 bullish context', 'H1 bullish trend', 'H1 bullish structure', 'Distance filter OK']",SWING_HIGH price=4630.09 zone=(4630.09-4630.09) touches=1 strength=1,SWING_HIGH price=4602.03 zone=(4602.03-4602.03) touches=1 strength=1,None,SWING_LOW price=4599.36 zone=(4599.36-4599.36) touches=1 strength=1,False,,False,,False,,False,,0,3,0.480163727959688,,2026-01-15 01:30:00+00:00,4606.31,EXIT SIGNAL,-0.6788354898336126,-0.6788354898336126,23660.903629314136,23500.28501826302
BUY,2026-01-15 01:45:00+00:00,4606.31,4599.36,4606.410000000001,4613.260000000001,4620.210000000002,4627.160000000003,1,75,"['H4 bullish context', 'H1 bullish trend', 'H1 bullish structure', 'Distance filter OK']",SWING_HIGH price=4630.09 zone=(4630.09-4630.09) touches=1 strength=1,SWING_HIGH price=4602.03 zone=(4602.03-4602.03) touches=1 strength=1,None,SWING_LOW price=4599.36 zone=(4599.36-4599.36) touches=1 strength=1,True,2026-01-15 02:00:00+00:00,True,2026-01-15 02:00:00+00:00,False,,False,,0,1,0.0,,2026-01-15 02:00:00+00:00,4616.52,EXIT SIGNAL,1.4690647482012902,1.4690647482012902,23500.28501826302,23845.519421193156
BUY,2026-01-15 02:15:00+00:00,4616.52,4599.36,4599.36,4633.680000000001,4650.840000000002,4668.000000000003,1,75,"['H4 bullish context', 'H1 bullish trend', 'H1 bullish structure', 'Distance filter OK']",SWING_HIGH price=4630.09 zone=(4630.09-4630.09) touches=1 strength=1,SWING_HIGH price=4602.03 zone=(4602.03-4602.03) touches=1 strength=1,None,SWING_LOW price=4599.36 zone=(4599.36-4599.36) touches=1 strength=1,False,,False,,False,,False,,0,3,0.0,,2026-01-15 03:00:00+00:00,4608.99,EXIT SIGNAL,-0.43881118881120745,-0.43881118881120745,23845.519421193156,23740.882613942813
BUY,2026-01-15 03:15:00+00:00,4608.99,4599.36,4599.36,4618.62,4628.25,4637.88,1,75,"['H4 bullish context', 'H1 bullish trend', 'H1 bullish structure', 'Distance filter OK']",SWING_HIGH price=4600.99 zone=(4600.99-4600.99) touches=1 strength=1,SWING_HIGH price=4599.18 zone=(4599.18-4599.18) touches=1 strength=1,None,SWING_LOW price=4599.36 zone=(4599.36-4599.36) touches=1 strength=1,False,,False,,False,,False,,0,1,0.46665981418503977,,2026-01-15 03:30:00+00:00,4599.36,STOP LOSS,-1.0,-1.0,23740.882613942813,23503.473787803385
BUY,2026-01-15 03:45:00+00:00,4602.52,4599.36,4599.36,4605.680000000001,4608.840000000002,4612.000000000003,1,75,"['H4 bullish context', 'H1 bullish trend', 'H1 bullish structure', 'Distance filter OK']",SWING_HIGH price=4600.99 zone=(4600.99-4600.99) touches=1 strength=1,SWING_HIGH price=4599.18 zone=(4599.18-4599.18) touches=1 strength=1,None,SWING_LOW price=4599.36 zone=(4599.36-4599.36) touches=1 strength=1,False,,False,,False,,False,,0,1,1.4619932160431952,,2026-01-15 04:00:00+00:00,4599.36,STOP LOSS,-1.0,-1.0,23503.473787803385,23268.43904992535
BUY,2026-01-15 04:15:00+00:00,4613.88,4599.36,4599.36,4628.400000000001,4642.920000000001,4657.440000000001,1,75,"['H4 bullish context', 'H1 bullish trend', 'H1 bullish structure', 'Distance filter OK']",SWING_HIGH price=4630.09 zone=(4630.09-4630.09) touches=1 strength=1,SWING_HIGH price=4602.03 zone=(4602.03-4602.03) touches=1 strength=1,None,SWING_LOW price=4599.36 zone=(4599.36-4599.36) touches=1 strength=1,False,,False,,False,,False,,0,2,2.447373283882761,,2026-01-15 04:45:00+00:00,4599.36,STOP LOSS,-1.0,-1.0,23268.43904992535,23035.754659426097
BUY,2026-01-15 05:00:00+00:00,4602.74,4599.36,4599.36,4606.12,4609.5,4612.88,1,75,"['H4 bullish context', 'H1 bullish trend', 'H1 bullish structure', 'Distance filter OK']",SWING_HIGH price=4630.09 zone=(4630.09-4630.09) touches=1 strength=1,SWING_HIGH price=4602.03 zone=(4602.03-4602.03) touches=1 strength=1,None,SWING_LOW price=4599.36 zone=(4599.36-4599.36) touches=1 strength=1,False,,False,,False,,False,,0,1,3.422899551043927,,2026-01-15 05:15:00+00:00,4599.36,STOP LOSS,-1.0,-1.0,23035.754659426097,22805.397112831837
BUY,2026-01-16 01:15:00+00:00,4614.08,4600.81,4600.81,4627.349999999999,4640.619999999999,4653.8899999999985,1,90,"['H4 bullish context', 'H1 bullish trend', 'M15 bullish timing', 'Distance filter OK']",SWING_HIGH price=4613.44 zone=(4613.44-4613.44) touches=1 strength=1,SWING_HIGH price=4602.03 zone=(4602.03-4602.03) touches=1 strength=1,None,SWING_LOW price=4600.81 zone=(4600.81-4600.81) touches=1 strength=1,False,,False,,False,,False,,0,3,0.629238884702391,,2026-01-16 02:00:00+00:00,4605.73,EXIT SIGNAL,-0.629238884702386,-0.629238884702386,22805.397112831837,22661.896686387103
BUY,2026-01-16 09:30:00+00:00,4605.87,4591.31,4591.31,4620.429999999999,4634.989999999999,4649.549999999998,1,90,"['H4 bullish context', 'H1 bullish trend', 'M15 bullish timing', 'Distance filter OK']",SWING_HIGH price=4613.44 zone=(4613.44-4613.44) touches=1 strength=1,SWING_HIGH price=4602.03 zone=(4602.03-4602.03) touches=1 strength=1,None,SWING_LOW price=4600.81 zone=(4600.81-4600.81) touches=1 strength=1,False,,False,,False,,False,,0,8,0.8012267404788429,,2026-01-16 11:30:00+00:00,4603.35,EXIT SIGNAL,-0.17307692307689665,-0.17307692307689665,22661.896686387103,22622.67417289144
BUY,2026-01-16 12:15:00+00:00,4606.9,4594.1,4594.1,4619.699999999999,4632.499999999998,4645.299999999997,1,90,"['H4 bullish context', 'H1 bullish trend', 'M15 bullish timing', 'Distance filter OK']",SWING_HIGH price=4600.99 zone=(4600.99-4600.99) touches=1 strength=1,SWING_HIGH price=4599.18 zone=(4599.18-4599.18) touches=1 strength=1,SWING_LOW price=4600.81 zone=(4600.81-4600.81) touches=1 strength=1,SWING_LOW price=4599.36 zone=(4599.36-4599.36) touches=1 strength=1,False,,False,,False,,False,,0,3,0.8345513283706557,,2026-01-16 13:00:00+00:00,4606.47,EXIT SIGNAL,-0.03359374999995359,-0.03359374999995359,22622.67417289144,22615.074368286496
BUY,2026-01-16 13:45:00+00:00,4615.45,4594.1,4594.1,4636.799999999999,4658.149999999999,4679.499999999998,1,90,"['H4 bullish context', 'H1 bullish trend', 'M15 bullish timing', 'Distance filter OK']",SWING_HIGH price=4613.44 zone=(4613.44-4613.44) touches=1 strength=1,SWING_HIGH price=4602.03 zone=(4602.03-4602.03) touches=1 strength=1,None,SWING_LOW price=4600.81 zone=(4600.81-4600.81) touches=1 strength=1,False,,False,,False,,False,,0,4,1.4671665091236465,,2026-01-16 14:45:00+00:00,4601.83,EXIT SIGNAL,-0.6379391100702688,-0.6379391100702688,22615.074368286496,22470.803964119717
BUY,2026-01-16 17:15:00+00:00,4615.86,4594.1,4594.1,4637.619999999999,4659.379999999998,4681.139999999998,1,90,"['H4 bullish context', 'H1 bullish trend', 'M15 bullish timing', 'Distance filter OK']",SWING_HIGH price=4596.99 zone=(4596.99-4596.99) touches=1 strength=1,SWING_HIGH price=4517.01 zone=(4517.01-4517.01) touches=1 strength=1,SWING_LOW price=4573.60 zone=(4573.60-4573.60) touches=1 strength=1,SWING_LOW price=4569.80 zone=(4569.80-4569.80) touches=1 strength=1,False,,False,,False,,False,,0,1,2.4524948440324152,,2026-01-16 17:30:00+00:00,4594.1,STOP LOSS,-1.0,-1.0,22470.803964119717,22246.09592447852
BUY,2026-01-19 07:45:00+00:00,4664.1,4653.11,4664.200000000001,4675.090000000001,4686.080000000002,4697.070000000002,1,75,"['H4 bullish context', 'H1 bullish trend', 'H1 bullish structure', 'Distance filter OK']",SWING_HIGH price=4690.36 zone=(4690.36-4690.36) touches=1 strength=1,SWING_HIGH price=4642.71 zone=(4642.71-4642.71) touches=1 strength=1,None,SWING_LOW price=4653.11 zone=(4653.11-4653.11) touches=1 strength=1,True,2026-01-19 08:30:00+00:00,True,2026-01-19 08:30:00+00:00,False,,False,,0,6,0.0,,2026-01-19 09:15:00+00:00,4664.200000000001,BREAKEVEN,0.009099181073735897,0.009099181073735897,22246.09592447852,22248.120137028527
BUY,2026-01-19 09:30:00+00:00,4667.37,4653.11,4653.11,4681.63,4695.89,4710.150000000001,1,75,"['H4 bullish context', 'H1 bullish trend', 'H1 bullish structure', 'Distance filter OK']",SWING_HIGH price=4690.36 zone=(4690.36-4690.36) touches=1 strength=1,SWING_HIGH price=4642.71 zone=(4642.71-4642.71) touches=1 strength=1,None,SWING_LOW price=4653.11 zone=(4653.11-4653.11) touches=1 strength=1,False,,False,,False,,False,,0,50,0.3365071813850858,,2026-01-20 01:30:00+00:00,4665.95,EXIT SIGNAL,-0.09957924263674972,-0.09957924263674972,22248.120137028527,22225.96562749516
BUY,2026-01-20 01:45:00+00:00,4665.95,4659.72,4659.72,4672.179999999999,4678.409999999999,4684.6399999999985,1,75,"['H4 bullish context', 'H1 bullish trend', 'H1 bullish structure', 'Distance filter OK']",SWING_HIGH price=4673.65 zone=(4673.65-4673.65) touches=1 strength=1,SWING_HIGH price=4642.71 zone=(4642.71-4642.71) touches=1 strength=1,None,SWING_LOW price=4659.72 zone=(4659.72-4659.72) touches=1 strength=1,False,,False,,False,,False,,0,2,1.333142109571242,,2026-01-20 02:15:00+00:00,4659.72,STOP LOSS,-1.0,-1.0,22225.96562749516,22003.705971220206
BUY,2026-01-20 02:45:00+00:00,4663.03,4659.72,4669.649999999999,4666.339999999999,4669.649999999999,4672.959999999998,1,75,"['H4 bullish context', 'H1 bullish trend', 'H1 bullish structure', 'Distance filter OK']",SWING_HIGH price=4673.65 zone=(4673.65-4673.65) touches=1 strength=1,SWING_HIGH price=4642.71 zone=(4642.71-4642.71) touches=1 strength=1,None,SWING_LOW price=4659.72 zone=(4659.72-4659.72) touches=1 strength=1,True,2026-01-20 03:00:00+00:00,True,2026-01-20 03:00:00+00:00,True,2026-01-20 03:00:00+00:00,True,2026-01-20 03:00:00+00:00,2,1,0.0,,2026-01-20 03:00:00+00:00,4670.14,EXIT SIGNAL,2.1480362537769415,2.1480362537769415,22003.705971220206,22476.3535526565
BUY,2026-01-20 04:45:00+00:00,4673.96,4659.47,4702.94,4688.45,4702.94,4717.429999999999,1,90,"['H4 bullish context', 'H1 bullish trend', 'M15 bullish timing', 'Distance filter OK']",SWING_HIGH price=4673.65 zone=(4673.65-4673.65) touches=1 strength=1,SWING_HIGH price=4642.71 zone=(4642.71-4642.71) touches=1 strength=1,None,SWING_LOW price=4659.72 zone=(4659.72-4659.72) touches=1 strength=1,True,2026-01-20 06:30:00+00:00,True,2026-01-20 06:30:00+00:00,True,2026-01-20 07:30:00+00:00,True,2026-01-20 09:00:00+00:00,2,138,0.0,,2026-01-21 16:15:00+00:00,4860.48,EXIT SIGNAL,12.872325741891121,12.872325741891121,22476.3535526565,25369.58299685356
BUY,2026-01-21 18:15:00+00:00,4846.93,4832.52,4832.52,4861.34,4875.75,4890.16,1,75,"['H4 bullish context', 'H1 bullish trend', 'H1 bullish structure', 'Distance filter OK']",SWING_HIGH price=4877.05 zone=(4877.05-4877.05) touches=1 strength=1,SWING_HIGH price=4766.17 zone=(4766.17-4766.17) touches=1 strength=1,None,SWING_LOW price=4832.52 zone=(4832.52-4832.52) touches=1 strength=1,False,,False,,False,,False,,0,2,0.0,,2026-01-21 18:45:00+00:00,4832.52,STOP LOSS,-1.0,-1.0,25369.58299685356,25115.887166885026
BUY,2026-01-21 19:00:00+00:00,4833.41,4832.52,4832.52,4834.299999999999,4835.189999999999,4836.079999999998,1,75,"['H4 bullish context', 'H1 bullish trend', 'H1 bullish structure', 'Distance filter OK']",SWING_HIGH price=4877.05 zone=(4877.05-4877.05) touches=1 strength=1,SWING_HIGH price=4766.17 zone=(4766.17-4766.17) touches=1 strength=1,None,SWING_LOW price=4832.52 zone=(4832.52-4832.52) touches=1 strength=1,False,,False,,False,,False,,0,1,0.0,,2026-01-21 19:15:00+00:00,4832.52,STOP LOSS,-1.0,-1.0,25115.887166885026,24864.728295216177
BUY,2026-01-21 20:30:00+00:00,4833.83,4832.52,4836.449999999999,4835.139999999999,4836.449999999999,4837.759999999998,1,75,"['H4 bullish context', 'H1 bullish trend', 'H1 bullish structure', 'Distance filter OK']",SWING_HIGH price=4877.05 zone=(4877.05-4877.05) touches=1 strength=1,SWING_HIGH price=4766.17 zone=(4766.17-4766.17) touches=1 strength=1,None,SWING_LOW price=4832.52 zone=(4832.52-4832.52) touches=1 strength=1,True,2026-01-21 20:45:00+00:00,True,2026-01-21 20:45:00+00:00,True,2026-01-21 20:45:00+00:00,True,2026-01-21 20:45:00+00:00,2,1,0.0,,2026-01-21 20:45:00+00:00,4850.15,EXIT SIGNAL,12.458015267180194,12.458015267180194,24864.728295216177,27962.379942377083
BUY,2026-01-22 08:00:00+00:00,4821.18,4772.34,4772.34,4870.02,4918.860000000001,4967.700000000001,1,90,"['H4 bullish context', 'H1 bullish trend', 'M15 bullish timing', 'Distance filter OK']",SWING_HIGH price=4853.77 zone=(4853.77-4853.77) touches=1 strength=1,SWING_HIGH price=4766.17 zone=(4766.17-4766.17) touches=1 strength=1,SWING_LOW price=4832.52 zone=(4832.52-4832.52) touches=1 strength=1,SWING_LOW price=4772.34 zone=(4772.34-4772.34) touches=1 strength=1,False,,False,,False,,False,,0,15,0.0,,2026-01-22 11:45:00+00:00,4823.02,EXIT SIGNAL,0.03767403767404054,0.03767403767404054,27962.379942377083,27972.914499931136
BUY,2026-01-22 16:45:00+00:00,4845.51,4814.01,4908.51,4877.01,4908.51,4940.01,1,90,"['H4 bullish context', 'H1 bullish trend', 'M15 bullish timing', 'Distance filter OK']",SWING_HIGH price=4838.15 zone=(4838.15-4838.15) touches=1 strength=1,SWING_HIGH price=4766.17 zone=(4766.17-4766.17) touches=1 strength=1,None,SWING_LOW price=4832.52 zone=(4832.52-4832.52) touches=1 strength=1,True,2026-01-22 18:15:00+00:00,True,2026-01-22 18:15:00+00:00,True,2026-01-22 20:00:00+00:00,True,2026-01-22 23:30:00+00:00,2,66,1.0586996286236838,,2026-01-23 10:15:00+00:00,4908.51,PROFIT LOCK TP2,2.0,2.0,27972.914499931136,28532.37278992976
BUY,2026-01-23 13:15:00+00:00,4918.41,4899.76,4955.709999999999,4937.0599999999995,4955.709999999999,4974.359999999999,1,75,"['H4 bullish context', 'H1 bullish trend', 'H1 bullish structure', 'Distance filter OK']",SWING_HIGH price=4967.12 zone=(4967.12-4967.12) touches=1 strength=1,SWING_HIGH price=4888.25 zone=(4888.25-4888.25) touches=1 strength=1,None,SWING_LOW price=4899.76 zone=(4899.76-4899.76) touches=1 strength=1,True,2026-01-23 14:30:00+00:00,True,2026-01-23 14:30:00+00:00,True,2026-01-23 16:45:00+00:00,True,2026-01-23 18:00:00+00:00,2,103,0.0,,2026-01-26 16:00:00+00:00,5071.23,EXIT SIGNAL,8.194101876675747,8.194101876675747,28532.37278992976,30870.344484169516
BUY,2026-01-26 17:15:00+00:00,5095.26,5054.67,5054.67,5135.85,5176.4400000000005,5217.030000000001,1,90,"['H4 bullish context', 'H1 bullish trend', 'M15 bullish timing', 'Distance filter OK']",SWING_HIGH price=5092.78 zone=(5092.78-5092.78) touches=1 strength=1,SWING_HIGH price=4989.69 zone=(4989.69-4989.69) touches=1 strength=1,None,SWING_LOW price=5054.67 zone=(5054.67-5054.67) touches=1 strength=1,False,,False,,False,,False,,0,14,0.0,,2026-01-26 20:45:00+00:00,5068.88,EXIT SIGNAL,-0.6499137718649918,-0.6499137718649918,30870.344484169516,30669.713863944733
BUY,2026-01-26 21:15:00+00:00,5060.43,5054.67,5054.67,5066.1900000000005,5071.950000000001,5077.710000000001,1,75,"['H4 bullish context', 'H1 bullish trend', 'H1 bullish structure', 'Distance filter OK']",SWING_HIGH price=5092.78 zone=(5092.78-5092.78) touches=1 strength=1,SWING_HIGH price=4989.69 zone=(4989.69-4989.69) touches=1 strength=1,SWING_LOW price=5052.27 zone=(5052.27-5052.27) touches=1 strength=1,SWING_LOW price=4958.49 zone=(4958.49-4958.49) touches=1 strength=1,False,,False,,False,,False,,0,1,0.0,,2026-01-26 21:30:00+00:00,5054.67,STOP LOSS,-1.0,-1.0,30669.713863944733,30363.016725305286
BUY,2026-01-26 22:30:00+00:00,5055.95,5054.67,5054.67,5057.23,5058.509999999999,5059.789999999999,1,75,"['H4 bullish context', 'H1 bullish trend', 'H1 bullish structure', 'Distance filter OK']",SWING_HIGH price=5092.78 zone=(5092.78-5092.78) touches=1 strength=1,SWING_HIGH price=4989.69 zone=(4989.69-4989.69) touches=1 strength=1,None,SWING_LOW price=5054.67 zone=(5054.67-5054.67) touches=1 strength=1,False,,False,,False,,False,,0,1,0.1711092318296013,,2026-01-26 22:45:00+00:00,5054.67,STOP LOSS,-1.0,-1.0,30363.016725305286,30059.386558052232
BUY,2026-01-26 23:00:00+00:00,5054.95,5054.67,5054.67,5055.23,5055.509999999999,5055.789999999999,1,75,"['H4 bullish context', 'H1 bullish trend', 'H1 bullish structure', 'Distance filter OK']",SWING_HIGH price=5092.78 zone=(5092.78-5092.78) touches=1 strength=1,SWING_HIGH price=4989.69 zone=(4989.69-4989.69) touches=1 strength=1,None,SWING_LOW price=5054.67 zone=(5054.67-5054.67) touches=1 strength=1,False,,False,,False,,False,,0,1,1.1693981395113044,,2026-01-26 23:15:00+00:00,5054.67,STOP LOSS,-1.0,-1.0,30059.386558052232,29758.79269247171
BUY,2026-01-27 01:45:00+00:00,5056.61,5054.67,5054.67,5058.549999999999,5060.489999999999,5062.4299999999985,1,75,"['H4 bullish context', 'H1 bullish trend', 'H1 bullish structure', 'Distance filter OK']",SWING_HIGH price=5092.78 zone=(5092.78-5092.78) touches=1 strength=1,SWING_HIGH price=4989.69 zone=(4989.69-4989.69) touches=1 strength=1,SWING_LOW price=5052.27 zone=(5052.27-5052.27) touches=1 strength=1,SWING_LOW price=4958.49 zone=(4958.49-4958.49) touches=1 strength=1,False,,False,,False,,False,,0,1,0.9999999999999969,,2026-01-27 02:00:00+00:00,5054.67,STOP LOSS,-1.0,-1.0,29758.79269247171,29461.204765546994
BUY,2026-01-27 04:00:00+00:00,5060.18,4990.04,4990.04,5130.320000000001,5200.460000000001,5270.600000000001,1,90,"['H4 bullish context', 'H1 bullish trend', 'M15 bullish timing', 'Distance filter OK']",SWING_HIGH price=5092.78 zone=(5092.78-5092.78) touches=1 strength=1,SWING_HIGH price=4989.69 zone=(4989.69-4989.69) touches=1 strength=1,None,SWING_LOW price=5054.67 zone=(5054.67-5054.67) touches=1 strength=1,False,,False,,False,,False,,0,40,0.7055688622754437,,2026-01-27 14:00:00+00:00,5081.04,EXIT SIGNAL,0.2974051896207524,0.2974051896207524,29461.204765546994,29548.82391744453
BUY,2026-01-27 14:30:00+00:00,5079.05,5073.31,5084.79,5084.79,5090.53,5096.2699999999995,1,75,"['H4 bullish context', 'H1 bullish trend', 'H1 bullish structure', 'Distance filter OK']",SWING_HIGH price=5092.78 zone=(5092.78-5092.78) touches=1 strength=1,SWING_HIGH price=5079.49 zone=(5079.49-5079.49) touches=1 strength=1,None,SWING_LOW price=5073.31 zone=(5073.31-5073.31) touches=1 strength=1,True,2026-01-27 14:45:00+00:00,True,2026-01-27 14:45:00+00:00,True,2026-01-27 14:45:00+00:00,False,,1,2,0.0,,2026-01-27 15:00:00+00:00,5084.79,PROFIT LOCK TP1,1.0,1.0,29548.82391744453,29844.312156618977
BUY,2026-01-27 18:15:00+00:00,5095.02,5046.71,5191.640000000001,5143.330000000001,5191.640000000001,5239.950000000002,1,90,"['H4 bullish context', 'H1 bullish trend', 'M15 bullish timing', 'Distance filter OK']",SWING_HIGH price=5092.70 zone=(5092.70-5092.70) touches=1 strength=1,SWING_HIGH price=5079.49 zone=(5079.49-5079.49) touches=1 strength=1,None,SWING_LOW price=5073.31 zone=(5073.31-5073.31) touches=1 strength=1,True,2026-01-27 22:15:00+00:00,True,2026-01-27 22:15:00+00:00,True,2026-01-28 03:00:00+00:00,True,2026-01-28 05:00:00+00:00,2,154,0.0,,2026-01-29 10:45:00+00:00,5509.78,EXIT SIGNAL,8.58538604843709,8.58538604843709,29844.312156618977,32406.561568765355
BUY,2026-01-29 14:15:00+00:00,5535.51,5474.65,5474.65,5596.370000000001,5657.230000000001,5718.090000000002,1,90,"['H4 bullish context', 'H1 bullish trend', 'M15 bullish timing', 'Distance filter OK']",SWING_HIGH price=5595.20 zone=(5595.20-5595.20) touches=1 strength=1,SWING_HIGH price=5311.43 zone=(5311.43-5311.43) touches=1 strength=1,None,SWING_LOW price=5474.65 zone=(5474.65-5474.65) touches=1 strength=1,False,,False,,False,,False,,0,11,0.32125665062075404,,2026-01-29 17:00:00+00:00,5474.65,STOP LOSS,-1.0,-1.0,32406.561568765355,32082.4959530777
BUY,2026-01-30 01:15:00+00:00,5421.73,5282.78,5282.78,5560.679999999999,5699.629999999999,5838.579999999999,1,90,"['H4 bullish context', 'H1 bullish trend', 'M15 bullish timing', 'Distance filter OK']",SWING_HIGH price=5549.32 zone=(5549.32-5549.32) touches=1 strength=1,SWING_HIGH price=5311.43 zone=(5311.43-5311.43) touches=1 strength=1,SWING_LOW price=5470.92 zone=(5470.92-5470.92) touches=1 strength=1,SWING_LOW price=5282.78 zone=(5282.78-5282.78) touches=1 strength=1,False,,False,,False,,False,,0,8,0.4637639438646906,,2026-01-30 03:15:00+00:00,5357.29,EXIT SIGNAL,-0.46376394386469727,-0.46376394386469727,32082.4959530777,31933.70890455548
SELL,2026-02-02 17:15:00+00:00,4710.69,4812.16,4710.589999999999,4609.219999999999,4507.749999999999,4406.279999999999,1,80,"['H1 bearish trend', 'H1 bearish structure', 'M15 bearish timing', 'Distance filter OK']",SWING_HIGH price=4812.16 zone=(4812.16-4812.16) touches=1 strength=1,None,SWING_LOW price=4692.11 zone=(4692.11-4692.11) touches=1 strength=1,SWING_LOW price=4583.91 zone=(4583.91-4583.91) touches=1 strength=1,True,2026-02-02 18:00:00+00:00,True,2026-02-02 18:00:00+00:00,False,,False,,0,7,0.0,,2026-02-02 19:00:00+00:00,4710.589999999999,BREAKEVEN,0.0009855129594990002,0.0009855129594990002,31933.70890455548,31934.023615395185
SELL,2026-02-02 19:15:00+00:00,4708.18,4812.16,4812.16,4604.200000000001,4500.220000000001,4396.240000000002,1,80,"['H1 bearish trend', 'H1 bearish structure', 'M15 bearish timing', 'Distance filter OK']",SWING_HIGH price=4812.16 zone=(4812.16-4812.16) touches=1 strength=1,None,SWING_LOW price=4692.11 zone=(4692.11-4692.11) touches=1 strength=1,SWING_LOW price=4583.91 zone=(4583.91-4583.91) touches=1 strength=1,False,,False,,False,,False,,0,10,0.0,,2026-02-02 21:45:00+00:00,4685.13,EXIT SIGNAL,0.22167724562416116,0.22167724562416116,31934.023615395185,32004.81407936276
SELL,2026-02-04 17:15:00+00:00,4993.4,5063.36,4923.44,4923.44,4853.48,4783.5199999999995,1,80,"['H1 bearish trend', 'H1 bearish structure', 'M15 bearish timing', 'Distance filter OK']",SWING_HIGH price=4948.61 zone=(4948.61-4948.61) touches=1 strength=1,SWING_HIGH price=4855.81 zone=(4855.81-4855.81) touches=1 strength=1,SWING_LOW price=4942.96 zone=(4942.96-4942.96) touches=1 strength=1,SWING_LOW price=4884.02 zone=(4884.02-4884.02) touches=1 strength=1,True,2026-02-04 17:30:00+00:00,True,2026-02-04 17:30:00+00:00,True,2026-02-04 18:45:00+00:00,False,,1,8,0.0,,2026-02-04 19:15:00+00:00,4923.44,PROFIT LOCK TP1,1.0,1.0,32004.81407936276,32324.86222015639
SELL,2026-02-05 04:15:00+00:00,4915.02,5023.56,4914.92,4806.4800000000005,4697.9400000000005,4589.400000000001,1,80,"['H1 bearish trend', 'H1 bearish structure', 'M15 bearish timing', 'Distance filter OK']",SWING_HIGH price=4812.16 zone=(4812.16-4812.16) touches=1 strength=1,None,SWING_LOW price=4851.72 zone=(4851.72-4851.72) touches=1 strength=1,SWING_LOW price=4745.40 zone=(4745.40-4745.40) touches=1 strength=1,True,2026-02-05 04:45:00+00:00,True,2026-02-05 04:45:00+00:00,False,,False,,0,15,0.0,,2026-02-05 08:00:00+00:00,4914.92,BREAKEVEN,0.0009213193292828803,0.0009213193292828803,32324.86222015639,32325.160035360183
SELL,2026-02-05 13:15:00+00:00,4887.07,4943.41,4886.969999999999,4830.73,4774.389999999999,4718.049999999999,1,80,"['H1 bearish trend', 'H1 bearish structure', 'M15 bearish timing', 'Distance filter OK']",SWING_HIGH price=4943.41 zone=(4943.41-4943.41) touches=1 strength=1,SWING_HIGH price=4855.81 zone=(4855.81-4855.81) touches=1 strength=1,SWING_LOW price=4880.81 zone=(4880.81-4880.81) touches=1 strength=1,SWING_LOW price=4851.72 zone=(4851.72-4851.72) touches=1 strength=1,True,2026-02-05 14:15:00+00:00,True,2026-02-05 14:15:00+00:00,False,,False,,0,22,0.0,,2026-02-05 18:45:00+00:00,4886.969999999999,BREAKEVEN,0.0017749378771807515,0.0017749378771807515,32325.160035360183,32325.73378686951
BUY,2026-02-09 16:15:00+00:00,5015.28,4982.56,5047.999999999999,5047.999999999999,5080.719999999998,5113.439999999998,1,90,"['H4 bullish context', 'H1 bullish trend', 'M15 bullish timing', 'Distance filter OK']",SWING_HIGH price=5040.52 zone=(5040.52-5040.52) touches=1 strength=1,SWING_HIGH price=5023.56 zone=(5023.56-5023.56) touches=1 strength=1,SWING_LOW price=5050.94 zone=(5050.94-5050.94) touches=1 strength=1,SWING_LOW price=5013.60 zone=(5013.60-5013.60) touches=1 strength=1,True,2026-02-09 17:30:00+00:00,True,2026-02-09 17:30:00+00:00,True,2026-02-09 22:15:00+00:00,False,,1,31,0.0,,2026-02-10 01:00:00+00:00,5047.999999999999,PROFIT LOCK TP1,1.0,1.0,32325.73378686951,32648.991124738204
BUY,2026-02-10 03:30:00+00:00,5017.35,4987.85,5017.450000000001,5046.85,5076.35,5105.85,1,75,"['H4 bullish context', 'H1 bullish trend', 'H1 bullish structure', 'Distance filter OK']",SWING_HIGH price=5040.52 zone=(5040.52-5040.52) touches=1 strength=1,SWING_HIGH price=5023.56 zone=(5023.56-5023.56) touches=1 strength=1,SWING_LOW price=5050.94 zone=(5050.94-5050.94) touches=1 strength=1,SWING_LOW price=5013.60 zone=(5013.60-5013.60) touches=1 strength=1,True,2026-02-10 04:15:00+00:00,True,2026-02-10 04:15:00+00:00,False,,False,,0,7,0.0,,2026-02-10 05:15:00+00:00,5017.450000000001,BREAKEVEN,0.0033898305084869083,0.0033898305084869083,32648.991124738204,32650.097870200065
BUY,2026-02-10 05:30:00+00:00,5021.67,4987.85,4987.85,5055.49,5089.3099999999995,5123.129999999999,1,75,"['H4 bullish context', 'H1 bullish trend', 'H1 bullish structure', 'Distance filter OK']",SWING_HIGH price=5040.52 zone=(5040.52-5040.52) touches=1 strength=1,SWING_HIGH price=5023.56 zone=(5023.56-5023.56) touches=1 strength=1,SWING_LOW price=5050.94 zone=(5050.94-5050.94) touches=1 strength=1,SWING_LOW price=5013.60 zone=(5013.60-5013.60) touches=1 strength=1,False,,False,,False,,False,,0,3,0.0,,2026-02-10 06:15:00+00:00,5027.19,EXIT SIGNAL,0.16321703134238838,0.16321703134238838,32650.097870200065,32703.38839067419
BUY,2026-02-10 10:45:00+00:00,5048.68,5011.22,5011.22,5086.14,5123.6,5161.06,1,90,"['H4 bullish context', 'H1 bullish trend', 'M15 bullish timing', 'Distance filter OK']",SWING_HIGH price=5045.22 zone=(5045.22-5045.22) touches=1 strength=1,SWING_HIGH price=5040.52 zone=(5040.52-5040.52) touches=1 strength=1,SWING_LOW price=5050.94 zone=(5050.94-5050.94) touches=1 strength=1,SWING_LOW price=5013.60 zone=(5013.60-5013.60) touches=1 strength=1,False,,False,,False,,False,,0,16,0.0,,2026-02-10 14:45:00+00:00,5032.31,EXIT SIGNAL,-0.436999466097167,-0.436999466097167,32703.38839067419,32560.474758011263
BUY,2026-02-10 15:30:00+00:00,5037.38,5011.22,5037.4800000000005,5063.54,5089.7,5115.86,1,75,"['H4 bullish context', 'H1 bullish trend', 'H1 bullish structure', 'Distance filter OK']",SWING_HIGH price=5055.93 zone=(5055.93-5055.93) touches=1 strength=1,SWING_HIGH price=5046.70 zone=(5046.70-5046.70) touches=1 strength=1,None,SWING_LOW price=5050.94 zone=(5050.94-5050.94) touches=1 strength=1,True,2026-02-10 16:15:00+00:00,True,2026-02-10 16:15:00+00:00,False,,False,,0,5,0.0,,2026-02-10 16:45:00+00:00,5037.4800000000005,BREAKEVEN,0.0038226299694328883,0.0038226299694328883,32560.474758011263,32561.719424477553
BUY,2026-02-10 17:15:00+00:00,5042.26,5019.74,5019.74,5064.780000000001,5087.300000000001,5109.8200000000015,1,75,"['H4 bullish context', 'H1 bullish trend', 'H1 bullish structure', 'Distance filter OK']",SWING_HIGH price=5023.56 zone=(5023.56-5023.56) touches=1 strength=1,SWING_HIGH price=4993.61 zone=(4993.61-4993.61) touches=1 strength=1,SWING_LOW price=5019.74 zone=(5019.74-5019.74) touches=1 strength=1,SWING_LOW price=5013.60 zone=(5013.60-5013.60) touches=1 strength=1,False,,False,,False,,False,,0,1,0.21018032568638667,,2026-02-10 17:30:00+00:00,5019.74,STOP LOSS,-1.0,-1.0,32561.719424477553,32236.102230232776
BUY,2026-02-10 18:15:00+00:00,5020.65,5019.74,5019.74,5021.5599999999995,5022.469999999999,5023.379999999999,1,75,"['H4 bullish context', 'H1 bullish trend', 'H1 bullish structure', 'Distance filter OK']",SWING_HIGH price=5040.52 zone=(5040.52-5040.52) touches=1 strength=1,SWING_HIGH price=5023.56 zone=(5023.56-5023.56) touches=1 strength=1,SWING_LOW price=5050.94 zone=(5050.94-5050.94) touches=1 strength=1,SWING_LOW price=5019.74 zone=(5019.74-5019.74) touches=1 strength=1,False,,False,,False,,False,,0,1,1.2080785224295232,,2026-02-10 18:30:00+00:00,5019.74,STOP LOSS,-1.0,-1.0,32236.102230232776,31913.74120793045
BUY,2026-02-10 18:45:00+00:00,5021.9,5019.74,5024.0599999999995,5024.0599999999995,5026.219999999999,5028.379999999999,1,75,"['H4 bullish context', 'H1 bullish trend', 'H1 bullish structure', 'Distance filter OK']",SWING_HIGH price=5040.52 zone=(5040.52-5040.52) touches=1 strength=1,SWING_HIGH price=5023.56 zone=(5023.56-5023.56) touches=1 strength=1,SWING_LOW price=5050.94 zone=(5050.94-5050.94) touches=1 strength=1,SWING_LOW price=5019.74 zone=(5019.74-5019.74) touches=1 strength=1,True,2026-02-10 19:00:00+00:00,True,2026-02-10 19:00:00+00:00,True,2026-02-10 19:00:00+00:00,False,,1,1,0.018916504643713406,,2026-02-10 19:00:00+00:00,5024.5,EXIT SIGNAL,1.2037037037039533,1.2037037037039533,31913.74120793045,32297.8880928408
BUY,2026-02-10 22:15:00+00:00,5026.02,5004.83,5047.210000000001,5047.210000000001,5068.4000000000015,5089.590000000002,1,75,"['H4 bullish context', 'H1 bullish trend', 'H1 bullish structure', 'Distance filter OK']",SWING_HIGH price=5040.52 zone=(5040.52-5040.52) touches=1 strength=1,SWING_HIGH price=5023.56 zone=(5023.56-5023.56) touches=1 strength=1,SWING_LOW price=5050.94 zone=(5050.94-5050.94) touches=1 strength=1,SWING_LOW price=5019.74 zone=(5019.74-5019.74) touches=1 strength=1,True,2026-02-11 01:15:00+00:00,True,2026-02-11 01:15:00+00:00,True,2026-02-11 09:00:00+00:00,False,,1,45,0.0,,2026-02-11 10:30:00+00:00,5047.210000000001,PROFIT LOCK TP1,1.0,1.0,32297.8880928408,32620.866973769207
BUY,2026-02-11 12:15:00+00:00,5069.01,5045.82,5092.200000000001,5092.200000000001,5115.390000000001,5138.580000000002,1,90,"['H4 bullish context', 'H1 bullish trend', 'M15 bullish timing', 'Distance filter OK']",None,SWING_HIGH price=5091.67 zone=(5091.67-5091.67) touches=1 strength=1,None,SWING_LOW price=5050.94 zone=(5050.94-5050.94) touches=1 strength=1,True,2026-02-11 12:30:00+00:00,True,2026-02-11 12:30:00+00:00,True,2026-02-11 13:45:00+00:00,False,,1,8,0.0,,2026-02-11 14:15:00+00:00,5092.200000000001,PROFIT LOCK TP1,1.0,1.0,32620.866973769207,32947.0756435069
BUY,2026-02-11 14:30:00+00:00,5094.93,5045.82,5045.82,5144.040000000001,5193.1500000000015,5242.260000000002,1,90,"['H4 bullish context', 'H1 bullish trend', 'M15 bullish timing', 'Distance filter OK']",SWING_HIGH price=5086.26 zone=(5086.26-5086.26) touches=1 strength=1,SWING_HIGH price=5080.66 zone=(5080.66-5080.66) touches=1 strength=1,None,SWING_LOW price=5050.94 zone=(5050.94-5050.94) touches=1 strength=1,False,,False,,False,,False,,0,4,0.0,,2026-02-11 15:30:00+00:00,5045.82,STOP LOSS,-1.0,-1.0,32947.0756435069,32617.60488707183
BUY,2026-02-11 16:15:00+00:00,5073.61,5045.82,5045.82,5101.4,5129.19,5156.98,1,75,"['H4 bullish context', 'H1 bullish trend', 'H1 bullish structure', 'Distance filter OK']",SWING_HIGH price=5062.96 zone=(5062.96-5062.96) touches=1 strength=1,SWING_HIGH price=5055.93 zone=(5055.93-5055.93) touches=1 strength=1,None,SWING_LOW price=5050.94 zone=(5050.94-5050.94) touches=1 strength=1,False,,False,,False,,False,,0,1,0.39463550543728043,,2026-02-11 16:30:00+00:00,5045.82,STOP LOSS,-1.0,-1.0,32617.60488707183,32291.42883820111
BUY,2026-02-12 05:15:00+00:00,5068.47,5044.97,5044.97,5091.97,5115.47,5138.97,1,75,"['H4 bullish context', 'H1 bullish trend', 'H1 bullish structure', 'Distance filter OK']",SWING_HIGH price=5062.96 zone=(5062.96-5062.96) touches=1 strength=1,SWING_HIGH price=5055.93 zone=(5055.93-5055.93) touches=1 strength=1,None,SWING_LOW price=5050.94 zone=(5050.94-5050.94) touches=1 strength=1,False,,False,,False,,False,,0,4,0.5208510638298238,,2026-02-12 06:15:00+00:00,5056.23,EXIT SIGNAL,-0.5208510638298166,-0.5208510638298166,32291.42883820111,32123.23858757149
BUY,2026-02-12 06:30:00+00:00,5056.23,5044.97,5056.33,5067.489999999999,5078.749999999998,5090.0099999999975,1,75,"['H4 bullish context', 'H1 bullish trend', 'H1 bullish structure', 'Distance filter OK']",SWING_HIGH price=5078.45 zone=(5078.45-5078.45) touches=1 strength=1,SWING_HIGH price=5063.36 zone=(5063.36-5063.36) touches=1 strength=1,None,SWING_LOW price=5050.94 zone=(5050.94-5050.94) touches=1 strength=1,True,2026-02-12 06:45:00+00:00,True,2026-02-12 06:45:00+00:00,False,,False,,0,1,0.0,,2026-02-12 06:45:00+00:00,5069.37,EXIT SIGNAL,1.166962699822481,1.166962699822481,32123.23858757149,32498.10479986343
BUY,2026-02-12 13:15:00+00:00,5060.9,5047.17,5047.17,5074.629999999999,5088.359999999999,5102.089999999998,1,75,"['H4 bullish context', 'H1 bullish trend', 'H1 bullish structure', 'Distance filter OK']",SWING_HIGH price=5078.02 zone=(5078.02-5078.02) touches=1 strength=1,SWING_HIGH price=5063.36 zone=(5063.36-5063.36) touches=1 strength=1,None,SWING_LOW price=5050.94 zone=(5050.94-5050.94) touches=1 strength=1,False,,False,,False,,False,,0,3,0.0,,2026-02-12 14:00:00+00:00,5062.26,EXIT SIGNAL,0.09905316824476514,0.09905316824476514,32498.10479986343,32530.2952022872
BUY,2026-02-12 14:15:00+00:00,5062.26,5047.17,5047.17,5077.35,5092.4400000000005,5107.530000000001,1,75,"['H4 bullish context', 'H1 bullish trend', 'H1 bullish structure', 'Distance filter OK']",SWING_HIGH price=5054.50 zone=(5054.50-5054.50) touches=1 strength=1,SWING_HIGH price=5046.70 zone=(5046.70-5046.70) touches=1 strength=1,None,SWING_LOW price=5050.94 zone=(5050.94-5050.94) touches=1 strength=1,False,,False,,False,,False,,0,3,0.0,,2026-02-12 15:00:00+00:00,5065.57,EXIT SIGNAL,0.21935056328690913,0.21935056328690913,32530.2952022872,32601.65058805231
BUY,2026-02-12 15:15:00+00:00,5065.57,5047.17,5047.17,5083.969999999999,5102.369999999999,5120.769999999999,1,75,"['H4 bullish context', 'H1 bullish trend', 'H1 bullish structure', 'Distance filter OK']",SWING_HIGH price=5078.02 zone=(5078.02-5078.02) touches=1 strength=1,SWING_HIGH price=5063.36 zone=(5063.36-5063.36) touches=1 strength=1,None,SWING_LOW price=5050.94 zone=(5050.94-5050.94) touches=1 strength=1,False,,False,,False,,False,,0,6,0.04891315311089518,,2026-02-12 16:45:00+00:00,5047.17,STOP LOSS,-1.0,-1.0,32601.65058805231,32275.634082171786
BUY,2026-02-12 17:15:00+00:00,5065.09,5047.17,5047.17,5083.01,5100.93,5118.85,1,75,"['H4 bullish context', 'H1 bullish trend', 'H1 bullish structure', 'Distance filter OK']",SWING_HIGH price=5062.96 zone=(5062.96-5062.96) touches=1 strength=1,SWING_HIGH price=5055.93 zone=(5055.93-5055.93) touches=1 strength=1,None,SWING_LOW price=5050.94 zone=(5050.94-5050.94) touches=1 strength=1,False,,False,,False,,False,,0,3,1.048424021579785,,2026-02-12 18:00:00+00:00,5047.17,STOP LOSS,-1.0,-1.0,32275.634082171786,31952.87774135007
BUY,2026-02-13 08:00:00+00:00,4945.95,4887.04,4887.04,5004.86,5063.7699999999995,5122.679999999999,1,75,"['H4 bullish context', 'H1 bullish trend', 'H1 bullish structure', 'Distance filter OK']",SWING_HIGH price=4971.14 zone=(4971.14-4971.14) touches=1 strength=1,SWING_HIGH price=4943.41 zone=(4943.41-4943.41) touches=1 strength=1,SWING_LOW price=4969.26 zone=(4969.26-4969.26) touches=1 strength=1,SWING_LOW price=4936.56 zone=(4936.56-4936.56) touches=1 strength=1,False,,False,,False,,False,,0,3,0.0,,2026-02-13 08:45:00+00:00,4967.09,EXIT SIGNAL,0.3588524868443453,0.3588524868443453,31952.87774135007,32067.54143774324
BUY,2026-02-13 10:15:00+00:00,4979.6,4944.78,4944.78,5014.420000000001,5049.240000000002,5084.060000000002,1,90,"['H4 bullish context', 'H1 bullish trend', 'M15 bullish timing', 'Distance filter OK']",SWING_HIGH price=4997.19 zone=(4997.19-4997.19) touches=1 strength=1,SWING_HIGH price=4971.14 zone=(4971.14-4971.14) touches=1 strength=1,SWING_LOW price=4982.56 zone=(4982.56-4982.56) touches=1 strength=1,SWING_LOW price=4969.26 zone=(4969.26-4969.26) touches=1 strength=1,False,,False,,False,,False,,0,6,0.0,,2026-02-13 11:45:00+00:00,4970.18,EXIT SIGNAL,-0.27053417576105415,-0.27053417576105415,32067.54143774324,31980.787778827806
BUY,2026-02-13 16:15:00+00:00,4997.43,4933.78,4933.78,5061.080000000001,5124.730000000001,5188.380000000002,1,90,"['H4 bullish context', 'H1 bullish trend', 'M15 bullish timing', 'Distance filter OK']",SWING_HIGH price=4997.19 zone=(4997.19-4997.19) touches=1 strength=1,SWING_HIGH price=4989.41 zone=(4989.41-4989.41) touches=1 strength=1,SWING_LOW price=4997.47 zone=(4997.47-4997.47) touches=1 strength=1,SWING_LOW price=4987.85 zone=(4987.85-4987.85) touches=1 strength=1,False,,False,,False,,False,,0,46,0.4344294748505155,,2026-02-16 04:45:00+00:00,4994.66,EXIT SIGNAL,-0.043519245875890226,-0.043519245875890226,31980.787778827806,31966.86998116129
BUY,2026-02-16 09:45:00+00:00,5001.27,4966.34,4966.34,5036.200000000001,5071.130000000001,5106.060000000001,1,90,"['H4 bullish context', 'H1 bullish trend', 'M15 bullish timing', 'Distance filter OK']",SWING_HIGH price=5031.10 zone=(5031.10-5031.10) touches=1 strength=1,SWING_HIGH price=4997.19 zone=(4997.19-4997.19) touches=1 strength=1,SWING_LOW price=5011.22 zone=(5011.22-5011.22) touches=1 strength=1,SWING_LOW price=5004.83 zone=(5004.83-5004.83) touches=1 strength=1,False,,False,,False,,False,,0,14,0.3417904527472344,,2026-02-16 13:15:00+00:00,5004.52,EXIT SIGNAL,0.09304322931577363,0.09304322931577363,31966.86998116129,31996.61298930294
SELL,2026-02-17 06:00:00+00:00,4956.69,5000.33,4913.049999999999,4913.049999999999,4869.409999999999,4825.769999999999,1,80,"['H1 bearish trend', 'H1 bearish structure', 'M15 bearish timing', 'Distance filter OK']",SWING_HIGH price=4971.14 zone=(4971.14-4971.14) touches=1 strength=1,None,SWING_LOW price=4966.34 zone=(4966.34-4966.34) touches=1 strength=1,SWING_LOW price=4944.78 zone=(4944.78-4944.78) touches=1 strength=1,True,2026-02-17 07:15:00+00:00,True,2026-02-17 07:15:00+00:00,True,2026-02-17 07:30:00+00:00,False,,1,10,0.0,,2026-02-17 08:30:00+00:00,4913.049999999999,PROFIT LOCK TP1,1.0,1.0,31996.61298930294,32316.57911919597
SELL,2026-02-18 02:00:00+00:00,4859.19,4910.1,4910.1,4808.279999999999,4757.369999999998,4706.459999999997,1,80,"['H1 bearish trend', 'H1 bearish structure', 'M15 bearish timing', 'Distance filter OK']",SWING_HIGH price=4910.10 zone=(4910.10-4910.10) touches=1 strength=1,None,SWING_LOW price=4862.36 zone=(4862.36-4862.36) touches=1 strength=1,SWING_LOW price=4843.12 zone=(4843.12-4843.12) touches=1 strength=1,False,,False,,False,,False,,0,8,0.7727362011392561,,2026-02-18 04:00:00+00:00,4898.53,EXIT SIGNAL,-0.7727362011392567,-0.7727362011392567,32316.57911919597,32066.85721337213
BUY,2026-02-20 02:15:00+00:00,4993.3,4975.18,4993.400000000001,5011.42,5029.54,5047.66,1,75,"['H4 bullish context', 'H1 bullish trend', 'H1 bullish structure', 'Distance filter OK']",SWING_HIGH price=5010.89 zone=(5010.89-5010.89) touches=1 strength=1,SWING_HIGH price=5000.33 zone=(5000.33-5000.33) touches=1 strength=1,SWING_LOW price=5019.64 zone=(5019.64-5019.64) touches=1 strength=1,SWING_LOW price=4975.18 zone=(4975.18-4975.18) touches=1 strength=1,True,2026-02-20 03:00:00+00:00,True,2026-02-20 03:00:00+00:00,False,,False,,0,7,0.0,,2026-02-20 04:00:00+00:00,4993.400000000001,BREAKEVEN,0.0055187637969296025,0.0055187637969296025,32066.85721337213,32068.626907478836
BUY,2026-02-20 04:30:00+00:00,4997.28,4985.24,4985.24,5009.32,5021.36,5033.4,1,75,"['H4 bullish context', 'H1 bullish trend', 'H1 bullish structure', 'Distance filter OK']",SWING_HIGH price=4997.19 zone=(4997.19-4997.19) touches=1 strength=1,SWING_HIGH price=4989.41 zone=(4989.41-4989.41) touches=1 strength=1,SWING_LOW price=5044.97 zone=(5044.97-5044.97) touches=1 strength=1,SWING_LOW price=4985.24 zone=(4985.24-4985.24) touches=1 strength=1,False,,False,,False,,False,,0,3,0.4280599803450625,,2026-02-20 05:15:00+00:00,4992.06,EXIT SIGNAL,-0.43355481727569445,-0.43355481727569445,32068.626907478836,31929.59183068729
BUY,2026-02-20 07:15:00+00:00,5001.12,4981.64,5020.599999999999,5020.599999999999,5040.079999999999,5059.559999999999,1,90,"['H4 bullish context', 'H1 bullish trend', 'M15 bullish timing', 'Distance filter OK']",SWING_HIGH price=5014.54 zone=(5014.54-5014.54) touches=1 strength=1,SWING_HIGH price=5010.89 zone=(5010.89-5010.89) touches=1 strength=1,SWING_LOW price=5044.97 zone=(5044.97-5044.97) touches=1 strength=1,SWING_LOW price=4985.24 zone=(4985.24-4985.24) touches=1 strength=1,True,2026-02-20 08:15:00+00:00,True,2026-02-20 08:15:00+00:00,True,2026-02-20 11:00:00+00:00,False,,1,19,0.0,,2026-02-20 12:00:00+00:00,5020.599999999999,PROFIT LOCK TP1,1.0,1.0,31929.59183068729,32248.887748994166
BUY,2026-02-20 12:15:00+00:00,5025.78,5004.82,5004.82,5046.74,5067.7,5088.66,1,90,"['H4 bullish context', 'H1 bullish trend', 'M15 bullish timing', 'Distance filter OK']",SWING_HIGH price=5050.56 zone=(5050.56-5050.56) touches=1 strength=1,SWING_HIGH price=5031.10 zone=(5031.10-5031.10) touches=1 strength=1,SWING_LOW price=5044.97 zone=(5044.97-5044.97) touches=1 strength=1,SWING_LOW price=5004.82 zone=(5004.82-5004.82) touches=1 strength=1,False,,False,,False,,False,,0,9,0.0,,2026-02-20 14:30:00+00:00,5025.02,EXIT SIGNAL,-0.036259541984699786,-0.036259541984699786,32248.887748994166,32237.19445000122
BUY,2026-02-20 15:15:00+00:00,5025.3,5004.82,5025.400000000001,5045.780000000001,5066.260000000001,5086.740000000002,1,75,"['H4 bullish context', 'H1 bullish trend', 'H1 bullish structure', 'Distance filter OK']",SWING_HIGH price=5050.56 zone=(5050.56-5050.56) touches=1 strength=1,SWING_HIGH price=5042.40 zone=(5042.40-5042.40) touches=1 strength=1,SWING_LOW price=5047.17 zone=(5047.17-5047.17) touches=1 strength=1,SWING_LOW price=5004.82 zone=(5004.82-5004.82) touches=1 strength=1,True,2026-02-20 15:45:00+00:00,True,2026-02-20 15:45:00+00:00,False,,False,,0,7,0.0,,2026-02-20 17:00:00+00:00,5025.400000000001,BREAKEVEN,0.004882812500017651,0.004882812500017651,32237.19445000122,32238.76853176148
BUY,2026-02-20 17:15:00+00:00,5021.81,5006.84,5051.750000000001,5036.780000000001,5051.750000000001,5066.720000000001,1,75,"['H4 bullish context', 'H1 bullish trend', 'H1 bullish structure', 'Distance filter OK']",SWING_HIGH price=5042.40 zone=(5042.40-5042.40) touches=1 strength=1,SWING_HIGH price=5031.10 zone=(5031.10-5031.10) touches=1 strength=1,SWING_LOW price=5047.17 zone=(5047.17-5047.17) touches=1 strength=1,SWING_LOW price=5006.84 zone=(5006.84-5006.84) touches=1 strength=1,True,2026-02-20 17:30:00+00:00,True,2026-02-20 17:30:00+00:00,True,2026-02-20 17:45:00+00:00,True,2026-02-20 18:30:00+00:00,2,65,1.1157368859283932,,2026-02-23 10:30:00+00:00,5128.07,EXIT SIGNAL,7.098196392785404,7.098196392785404,32238.76853176148,34527.13963676141
BUY,2026-02-23 15:45:00+00:00,5152.87,5122.28,5214.05,5183.46,5214.05,5244.64,1,75,"['H4 bullish context', 'H1 bullish trend', 'H1 bullish structure', 'Distance filter OK']",SWING_HIGH price=5171.70 zone=(5171.70-5171.70) touches=1 strength=1,SWING_HIGH price=5050.56 zone=(5050.56-5050.56) touches=1 strength=1,None,SWING_LOW price=5122.28 zone=(5122.28-5122.28) touches=1 strength=1,True,2026-02-23 16:30:00+00:00,True,2026-02-23 16:30:00+00:00,True,2026-02-23 18:15:00+00:00,True,2026-02-24 01:00:00+00:00,2,41,0.9652160389006461,,2026-02-24 03:00:00+00:00,5214.05,PROFIT LOCK TP2,2.0,2.0,34527.13963676141,35217.682429496635
BUY,2026-02-24 03:15:00+00:00,5184.87,5141.53,5141.53,5228.21,5271.55,5314.89,1,75,"['H4 bullish context', 'H1 bullish trend', 'H1 bullish structure', 'Distance filter OK']",SWING_HIGH price=5218.63 zone=(5218.63-5218.63) touches=1 strength=1,SWING_HIGH price=5176.40 zone=(5176.40-5176.40) touches=1 strength=1,None,SWING_LOW price=5141.53 zone=(5141.53-5141.53) touches=1 strength=1,False,,False,,False,,False,,0,3,1.2490213035053557,,2026-02-24 04:00:00+00:00,5172.45,EXIT SIGNAL,-0.2865712967235817,-0.2865712967235817,35217.682429496635,35116.75866028244
BUY,2026-02-24 04:15:00+00:00,5172.45,5141.53,5141.53,5203.37,5234.29,5265.21,1,75,"['H4 bullish context', 'H1 bullish trend', 'H1 bullish structure', 'Distance filter OK']",SWING_HIGH price=5218.63 zone=(5218.63-5218.63) touches=1 strength=1,SWING_HIGH price=5176.40 zone=(5176.40-5176.40) touches=1 strength=1,None,SWING_LOW price=5141.53 zone=(5141.53-5141.53) touches=1 strength=1,False,,False,,False,,False,,0,3,0.7274807206742602,,2026-02-24 05:00:00+00:00,5188.78,EXIT SIGNAL,0.5281371280724414,0.5281371280724414,35116.75866028244,35302.223300942984
BUY,2026-02-24 05:15:00+00:00,5188.78,5145.1,5145.1,5232.459999999999,5276.1399999999985,5319.819999999998,1,75,"['H4 bullish context', 'H1 bullish trend', 'H1 bullish structure', 'Distance filter OK']",SWING_HIGH price=5176.40 zone=(5176.40-5176.40) touches=1 strength=1,SWING_HIGH price=5171.70 zone=(5171.70-5171.70) touches=1 strength=1,None,SWING_LOW price=5145.10 zone=(5145.10-5145.10) touches=1 strength=1,False,,False,,False,,False,,0,3,1.1956615579348109,,2026-02-24 06:00:00+00:00,5168.18,EXIT SIGNAL,-0.4716117216117158,-0.4716117216117158,35302.223300942984,35135.733877866194
BUY,2026-02-24 06:30:00+00:00,5171.86,5145.1,5145.1,5198.619999999999,5225.379999999998,5252.139999999998,1,75,"['H4 bullish context', 'H1 bullish trend', 'H1 bullish structure', 'Distance filter OK']",SWING_HIGH price=5171.70 zone=(5171.70-5171.70) touches=1 strength=1,SWING_HIGH price=5050.56 zone=(5050.56-5050.56) touches=1 strength=1,None,SWING_LOW price=5145.10 zone=(5145.10-5145.10) touches=1 strength=1,False,,False,,False,,False,,0,3,1.365504591131163,,2026-02-24 07:15:00+00:00,5167.26,EXIT SIGNAL,-0.17189835575484205,-0.17189835575484205,35135.733877866194,35075.33612904775
BUY,2026-02-24 07:30:00+00:00,5167.26,5145.1,5145.1,5189.42,5211.58,5233.74,1,75,"['H4 bullish context', 'H1 bullish trend', 'H1 bullish structure', 'Distance filter OK']",SWING_HIGH price=5218.63 zone=(5218.63-5218.63) touches=1 strength=1,SWING_HIGH price=5176.40 zone=(5176.40-5176.40) touches=1 strength=1,None,SWING_LOW price=5145.10 zone=(5145.10-5145.10) touches=1 strength=1,False,,False,,False,,False,,0,28,1.7861255214622986,,2026-02-24 14:30:00+00:00,5157.81,EXIT SIGNAL,-0.4264440433212942,-0.4264440433212942,35075.33612904775,34925.7594474505
BUY,2026-02-24 14:45:00+00:00,5157.81,5156.2,5156.2,5159.420000000001,5161.030000000002,5162.640000000002,1,75,"['H4 bullish context', 'H1 bullish trend', 'H1 bullish structure', 'Distance filter OK']",SWING_HIGH price=5171.70 zone=(5171.70-5171.70) touches=1 strength=1,SWING_HIGH price=5042.40 zone=(5042.40-5042.40) touches=1 strength=1,SWING_LOW price=5156.20 zone=(5156.20-5156.20) touches=1 strength=1,SWING_LOW price=5145.10 zone=(5145.10-5145.10) touches=1 strength=1,False,,False,,False,,False,,0,1,2.768264266247673,,2026-02-24 15:00:00+00:00,5156.2,STOP LOSS,-1.0,-1.0,34925.7594474505,34576.501852976
BUY,2026-02-24 15:15:00+00:00,5158.87,5156.2,5156.2,5161.54,5164.21,5166.88,1,75,"['H4 bullish context', 'H1 bullish trend', 'H1 bullish structure', 'Distance filter OK']",SWING_HIGH price=5171.70 zone=(5171.70-5171.70) touches=1 strength=1,SWING_HIGH price=5042.40 zone=(5042.40-5042.40) touches=1 strength=1,SWING_LOW price=5122.28 zone=(5122.28-5122.28) touches=1 strength=1,SWING_LOW price=5006.84 zone=(5006.84-5006.84) touches=1 strength=1,False,,False,,False,,False,,0,1,3.7405816235851983,,2026-02-24 15:30:00+00:00,5156.2,STOP LOSS,-1.0,-1.0,34576.501852976,34230.73683444624
BUY,2026-02-25 03:15:00+00:00,5174.49,5122.68,5122.68,5226.299999999999,5278.109999999999,5329.919999999998,1,90,"['H4 bullish context', 'H1 bullish trend', 'M15 bullish timing', 'Distance filter OK']",SWING_HIGH price=5218.63 zone=(5218.63-5218.63) touches=1 strength=1,SWING_HIGH price=5176.40 zone=(5176.40-5176.40) touches=1 strength=1,None,SWING_LOW price=5156.20 zone=(5156.20-5156.20) touches=1 strength=1,False,,False,,False,,False,,0,37,0.0,,2026-02-25 12:30:00+00:00,5176.66,EXIT SIGNAL,0.04188380621501822,0.04188380621501822,34230.73683444624,34245.07396992795
BUY,2026-02-25 13:15:00+00:00,5163.55,5122.68,5122.68,5204.42,5245.29,5286.16,1,75,"['H4 bullish context', 'H1 bullish trend', 'H1 bullish structure', 'Distance filter OK']",SWING_HIGH price=5193.68 zone=(5193.68-5193.68) touches=1 strength=1,SWING_HIGH price=5176.40 zone=(5176.40-5176.40) touches=1 strength=1,None,SWING_LOW price=5156.20 zone=(5156.20-5156.20) touches=1 strength=1,False,,False,,False,,False,,0,14,0.0,,2026-02-25 16:45:00+00:00,5191.03,EXIT SIGNAL,0.6723758257890785,0.6723758257890785,34245.07396992795,34475.329568825335
BUY,2026-02-25 17:30:00+00:00,5180.15,5154.99,5180.25,5205.3099999999995,5230.469999999999,5255.629999999999,1,75,"['H4 bullish context', 'H1 bullish trend', 'H1 bullish structure', 'Distance filter OK']",SWING_HIGH price=5210.30 zone=(5210.30-5210.30) touches=1 strength=1,SWING_HIGH price=5193.68 zone=(5193.68-5193.68) touches=1 strength=1,None,SWING_LOW price=5156.20 zone=(5156.20-5156.20) touches=1 strength=1,True,2026-02-25 18:15:00+00:00,True,2026-02-25 18:15:00+00:00,False,,False,,0,20,0.0,,2026-02-25 22:30:00+00:00,5180.25,BREAKEVEN,0.003974562798106692,0.003974562798106692,34475.329568825335,34476.699812448904
BUY,2026-02-25 22:45:00+00:00,5181.29,5158.81,5158.81,5203.7699999999995,5226.249999999999,5248.729999999999,1,75,"['H4 bullish context', 'H1 bullish trend', 'H1 bullish structure', 'Distance filter OK']",SWING_HIGH price=5171.70 zone=(5171.70-5171.70) touches=1 strength=1,SWING_HIGH price=5042.40 zone=(5042.40-5042.40) touches=1 strength=1,SWING_LOW price=5154.99 zone=(5154.99-5154.99) touches=1 strength=1,SWING_LOW price=5145.10 zone=(5145.10-5145.10) touches=1 strength=1,False,,False,,False,,False,,0,1,0.28864123083204724,,2026-02-25 23:00:00+00:00,5158.81,STOP LOSS,-1.0,-1.0,34476.699812448904,34131.93281432441
BUY,2026-02-26 18:30:00+00:00,5180.3,5146.37,5146.37,5214.2300000000005,5248.160000000001,5282.090000000001,1,90,"['H4 bullish context', 'H1 bullish trend', 'M15 bullish timing', 'Distance filter OK']",SWING_HIGH price=5193.68 zone=(5193.68-5193.68) touches=1 strength=1,SWING_HIGH price=5176.40 zone=(5176.40-5176.40) touches=1 strength=1,None,SWING_LOW price=5158.81 zone=(5158.81-5158.81) touches=1 strength=1,False,,False,,False,,False,,0,29,0.2635135334073505,,2026-02-27 02:45:00+00:00,5174.76,EXIT SIGNAL,-0.16327733569112632,-0.16327733569112632,34131.93281432441,34076.203103805296
BUY,2026-02-27 03:15:00+00:00,5176.4,5160.7,5176.5,5192.099999999999,5207.799999999999,5223.499999999999,1,75,"['H4 bullish context', 'H1 bullish trend', 'H1 bullish structure', 'Distance filter OK']",SWING_HIGH price=5198.23 zone=(5198.23-5198.23) touches=1 strength=1,SWING_HIGH price=5193.68 zone=(5193.68-5193.68) touches=1 strength=1,None,SWING_LOW price=5160.70 zone=(5160.70-5160.70) touches=1 strength=1,True,2026-02-27 03:45:00+00:00,True,2026-02-27 03:45:00+00:00,False,,False,,0,5,0.2571608909572312,,2026-02-27 04:30:00+00:00,5176.5,BREAKEVEN,0.006369426751615602,0.006369426751615602,34076.203103805296,34078.37356260172
BUY,2026-02-27 04:45:00+00:00,5181.19,5160.7,5160.7,5201.679999999999,5222.169999999999,5242.659999999999,1,75,"['H4 bullish context', 'H1 bullish trend', 'H1 bullish structure', 'Distance filter OK']",SWING_HIGH price=5192.66 zone=(5192.66-5192.66) touches=1 strength=1,SWING_HIGH price=5176.40 zone=(5176.40-5176.40) touches=1 strength=1,None,SWING_LOW price=5160.70 zone=(5160.70-5160.70) touches=1 strength=1,False,,False,,False,,False,,0,9,0.0,,2026-02-27 07:00:00+00:00,5187.17,EXIT SIGNAL,0.29184968277211015,0.29184968277211015,34078.37356260172,34177.83118773807
BUY,2026-02-27 08:15:00+00:00,5196.89,5166.75,5166.75,5227.030000000001,5257.170000000001,5287.310000000001,1,90,"['H4 bullish context', 'H1 bullish trend', 'M15 bullish timing', 'Distance filter OK']",SWING_HIGH price=5192.66 zone=(5192.66-5192.66) touches=1 strength=1,SWING_HIGH price=5176.40 zone=(5176.40-5176.40) touches=1 strength=1,None,SWING_LOW price=5166.75 zone=(5166.75-5166.75) touches=1 strength=1,False,,False,,False,,False,,0,4,0.5780809157933873,,2026-02-27 09:15:00+00:00,5178.45,EXIT SIGNAL,-0.6118115461181257,-0.6118115461181257,34177.83118773807,33968.72727031873
BUY,2026-02-27 09:30:00+00:00,5178.45,5166.75,5166.75,5190.15,5201.849999999999,5213.549999999999,1,75,"['H4 bullish context', 'H1 bullish trend', 'H1 bullish structure', 'Distance filter OK']",SWING_HIGH price=5176.40 zone=(5176.40-5176.40) touches=1 strength=1,SWING_HIGH price=5172.96 zone=(5172.96-5172.96) touches=1 strength=1,None,SWING_LOW price=5166.75 zone=(5166.75-5166.75) touches=1 strength=1,False,,False,,False,,False,,0,3,0.6537095550967194,,2026-02-27 10:15:00+00:00,5177.56,EXIT SIGNAL,-0.0760683760683275,-0.0760683760683275,33968.72727031873,33942.88781111311
BUY,2026-02-27 10:30:00+00:00,5177.56,5166.75,5166.75,5188.370000000001,5199.180000000001,5209.990000000002,1,75,"['H4 bullish context', 'H1 bullish trend', 'H1 bullish structure', 'Distance filter OK']",SWING_HIGH price=5192.66 zone=(5192.66-5192.66) touches=1 strength=1,SWING_HIGH price=5176.40 zone=(5176.40-5176.40) touches=1 strength=1,None,SWING_LOW price=5166.75 zone=(5166.75-5166.75) touches=1 strength=1,False,,False,,False,,False,,0,3,0.5333176582578857,,2026-02-27 11:15:00+00:00,5178.87,EXIT SIGNAL,0.1211840888066089,0.1211840888066089,33942.88781111311,33984.02119042166
BUY,2026-02-27 11:30:00+00:00,5178.87,5166.75,5166.75,5190.99,5203.11,5215.23,1,75,"['H4 bullish context', 'H1 bullish trend', 'H1 bullish structure', 'Distance filter OK']",SWING_HIGH price=5176.40 zone=(5176.40-5176.40) touches=1 strength=1,SWING_HIGH price=5172.96 zone=(5172.96-5172.96) touches=1 strength=1,None,SWING_LOW price=5166.75 zone=(5166.75-5166.75) touches=1 strength=1,False,,False,,False,,False,,0,3,0.9953617354724222,,2026-02-27 12:15:00+00:00,5173.24,EXIT SIGNAL,-0.4645214521452277,-0.4645214521452277,33984.02119042166,33826.158121690576
BUY,2026-02-27 12:30:00+00:00,5173.24,5166.75,5166.75,5179.73,5186.219999999999,5192.709999999999,1,75,"['H4 bullish context', 'H1 bullish trend', 'H1 bullish structure', 'Distance filter OK']",SWING_HIGH price=5192.66 zone=(5192.66-5192.66) touches=1 strength=1,SWING_HIGH price=5176.40 zone=(5176.40-5176.40) touches=1 strength=1,None,SWING_LOW price=5166.75 zone=(5166.75-5166.75) touches=1 strength=1,False,,False,,False,,False,,0,3,0.3287203345232792,,2026-02-27 13:15:00+00:00,5177.61,EXIT SIGNAL,0.6733436055470012,0.6733436055470012,33826.158121690576,34053.9243944052
BUY,2026-02-27 13:30:00+00:00,5177.61,5166.75,5199.329999999999,5188.469999999999,5199.329999999999,5210.189999999999,1,75,"['H4 bullish context', 'H1 bullish trend', 'H1 bullish structure', 'Distance filter OK']",SWING_HIGH price=5192.66 zone=(5192.66-5192.66) touches=1 strength=1,SWING_HIGH price=5176.40 zone=(5176.40-5176.40) touches=1 strength=1,None,SWING_LOW price=5166.75 zone=(5166.75-5166.75) touches=1 strength=1,True,2026-02-27 14:00:00+00:00,True,2026-02-27 14:00:00+00:00,True,2026-02-27 15:00:00+00:00,True,2026-02-27 15:00:00+00:00,2,104,0.022292638652203725,,2026-03-02 16:30:00+00:00,5347.35,EXIT SIGNAL,15.629834254144182,15.629834254144182,34053.9243944052,39376.49633428231
BUY,2026-03-03 06:15:00+00:00,5361.54,5332.65,5332.65,5390.43,5419.320000000001,5448.210000000001,1,90,"['H4 bullish context', 'H1 bullish trend', 'M15 bullish timing', 'Distance filter OK']",SWING_HIGH price=5379.65 zone=(5379.65-5379.65) touches=1 strength=1,SWING_HIGH price=5257.55 zone=(5257.55-5257.55) touches=1 strength=1,SWING_LOW price=5374.29 zone=(5374.29-5374.29) touches=1 strength=1,SWING_LOW price=5340.66 zone=(5340.66-5340.66) touches=1 strength=1,False,,False,,False,,False,,0,6,0.9999999999999991,,2026-03-03 07:45:00+00:00,5332.65,STOP LOSS,-1.0,-1.0,39376.49633428231,38982.73137093949
BUY,2026-03-04 03:15:00+00:00,5158.55,5083.42,5083.42,5233.68,5308.81,5383.9400000000005,1,90,"['H4 bullish context', 'H1 bullish trend', 'M15 bullish timing', 'Distance filter OK']",SWING_HIGH price=5192.66 zone=(5192.66-5192.66) touches=1 strength=1,SWING_HIGH price=5172.96 zone=(5172.96-5172.96) touches=1 strength=1,SWING_LOW price=5260.64 zone=(5260.64-5260.64) touches=1 strength=1,SWING_LOW price=5168.71 zone=(5168.71-5168.71) touches=1 strength=1,False,,False,,False,,False,,0,20,0.32490350059895345,,2026-03-04 08:15:00+00:00,5134.14,EXIT SIGNAL,-0.3249035005989594,-0.3249035005989594,38982.73137093949,38856.07511208622
BUY,2026-03-04 08:30:00+00:00,5134.14,5083.42,5134.240000000001,5184.860000000001,5235.580000000001,5286.300000000001,1,75,"['H4 bullish context', 'H1 bullish trend', 'H1 bullish structure', 'Distance filter OK']",SWING_HIGH price=5172.96 zone=(5172.96-5172.96) touches=1 strength=1,SWING_HIGH price=5148.51 zone=(5148.51-5148.51) touches=1 strength=1,SWING_LOW price=5160.70 zone=(5160.70-5160.70) touches=1 strength=1,SWING_LOW price=5158.81 zone=(5158.81-5158.81) touches=1 strength=1,True,2026-03-04 12:00:00+00:00,True,2026-03-04 12:00:00+00:00,False,,False,,0,25,0.0,,2026-03-04 14:45:00+00:00,5171.11,EXIT SIGNAL,0.7289037854889424,0.7289037854889424,38856.07511208622,39139.29851447064
BUY,2026-03-04 15:15:00+00:00,5192.84,5122.34,5122.34,5263.34,5333.84,5404.34,1,75,"['H4 bullish context', 'H1 bullish trend', 'H1 bullish structure', 'Distance filter OK']",SWING_HIGH price=5172.96 zone=(5172.96-5172.96) touches=1 strength=1,SWING_HIGH price=5148.51 zone=(5148.51-5148.51) touches=1 strength=1,SWING_LOW price=5168.71 zone=(5168.71-5168.71) touches=1 strength=1,SWING_LOW price=5166.75 zone=(5166.75-5166.75) touches=1 strength=1,False,,False,,False,,False,,0,3,0.0,,2026-03-04 16:00:00+00:00,5165.14,EXIT SIGNAL,-0.3929078014184371,-0.3929078014184371,39139.29851447064,38985.517157186834
BUY,2026-03-04 16:15:00+00:00,5165.14,5122.34,5122.34,5207.9400000000005,5250.740000000001,5293.540000000001,1,75,"['H4 bullish context', 'H1 bullish trend', 'H1 bullish structure', 'Distance filter OK']",SWING_HIGH price=5148.51 zone=(5148.51-5148.51) touches=1 strength=1,None,SWING_LOW price=5154.99 zone=(5154.99-5154.99) touches=1 strength=1,SWING_LOW price=5146.37 zone=(5146.37-5146.37) touches=1 strength=1,False,,False,,False,,False,,0,3,0.7165036347582011,,2026-03-04 17:00:00+00:00,5134.17,EXIT SIGNAL,-0.7235981308411243,-0.7235981308411243,38985.517157186834,38703.41868373868
BUY,2026-03-04 17:15:00+00:00,5134.17,5122.34,5146.0,5146.0,5157.83,5169.66,1,75,"['H4 bullish context', 'H1 bullish trend', 'H1 bullish structure', 'Distance filter OK']",SWING_HIGH price=5172.96 zone=(5172.96-5172.96) touches=1 strength=1,SWING_HIGH price=5148.51 zone=(5148.51-5148.51) touches=1 strength=1,SWING_LOW price=5154.99 zone=(5154.99-5154.99) touches=1 strength=1,SWING_LOW price=5146.37 zone=(5146.37-5146.37) touches=1 strength=1,True,2026-03-04 17:30:00+00:00,True,2026-03-04 17:30:00+00:00,True,2026-03-04 17:30:00+00:00,False,,1,1,0.0,,2026-03-04 17:30:00+00:00,5143.65,EXIT SIGNAL,0.801352493660154,0.801352493660154,38703.41868373868,39013.56949449255
BUY,2026-03-04 17:45:00+00:00,5143.65,5122.34,5122.34,5164.959999999999,5186.269999999999,5207.579999999998,1,75,"['H4 bullish context', 'H1 bullish trend', 'H1 bullish structure', 'Distance filter OK']",SWING_HIGH price=5172.96 zone=(5172.96-5172.96) touches=1 strength=1,SWING_HIGH price=5148.51 zone=(5148.51-5148.51) touches=1 strength=1,SWING_LOW price=5154.99 zone=(5154.99-5154.99) touches=1 strength=1,SWING_LOW price=5146.37 zone=(5146.37-5146.37) touches=1 strength=1,False,,False,,False,,False,,0,3,0.0,,2026-03-04 18:30:00+00:00,5146.53,EXIT SIGNAL,0.13514781792586475,0.13514781792586475,39013.56949449255,39066.295482359346
BUY,2026-03-04 18:45:00+00:00,5146.53,5122.34,5122.34,5170.719999999999,5194.909999999999,5219.0999999999985,1,75,"['H4 bullish context', 'H1 bullish trend', 'H1 bullish structure', 'Distance filter OK']",SWING_HIGH price=5172.96 zone=(5172.96-5172.96) touches=1 strength=1,SWING_HIGH price=5148.51 zone=(5148.51-5148.51) touches=1 strength=1,SWING_LOW price=5154.99 zone=(5154.99-5154.99) touches=1 strength=1,SWING_LOW price=5146.37 zone=(5146.37-5146.37) touches=1 strength=1,False,,False,,False,,False,,0,2,0.7877817500306528,,2026-03-04 19:15:00+00:00,5122.34,STOP LOSS,-1.0,-1.0,39066.295482359346,38675.63252753575
BUY,2026-03-04 20:15:00+00:00,5124.43,5122.34,5122.34,5126.52,5128.610000000001,5130.700000000001,1,75,"['H4 bullish context', 'H1 bullish trend', 'H1 bullish structure', 'Distance filter OK']",SWING_HIGH price=5148.51 zone=(5148.51-5148.51) touches=1 strength=1,None,SWING_LOW price=5146.37 zone=(5146.37-5146.37) touches=1 strength=1,SWING_LOW price=5130.50 zone=(5130.50-5130.50) touches=1 strength=1,False,,False,,False,,False,,0,1,1.7799039325303543,,2026-03-04 20:30:00+00:00,5122.34,STOP LOSS,-1.0,-1.0,38675.63252753575,38288.87620226039
BUY,2026-03-04 20:45:00+00:00,5125.42,5122.34,5131.58,5128.5,5131.58,5134.66,1,75,"['H4 bullish context', 'H1 bullish trend', 'H1 bullish structure', 'Distance filter OK']",SWING_HIGH price=5148.51 zone=(5148.51-5148.51) touches=1 strength=1,None,SWING_LOW price=5146.37 zone=(5146.37-5146.37) touches=1 strength=1,SWING_LOW price=5130.50 zone=(5130.50-5130.50) touches=1 strength=1,True,2026-03-04 21:00:00+00:00,True,2026-03-04 21:00:00+00:00,True,2026-03-04 21:00:00+00:00,True,2026-03-04 21:00:00+00:00,2,1,0.0,,2026-03-04 21:00:00+00:00,5131.09,EXIT SIGNAL,1.840909090909158,1.840909090909158,38288.87620226039,38993.739605074756
BUY,2026-03-04 21:30:00+00:00,5124.5,5122.34,5128.82,5126.66,5128.82,5130.98,1,75,"['H4 bullish context', 'H1 bullish trend', 'H1 bullish structure', 'Distance filter OK']",SWING_HIGH price=5148.51 zone=(5148.51-5148.51) touches=1 strength=1,None,SWING_LOW price=5146.37 zone=(5146.37-5146.37) touches=1 strength=1,SWING_LOW price=5130.50 zone=(5130.50-5130.50) touches=1 strength=1,True,2026-03-04 21:45:00+00:00,True,2026-03-04 21:45:00+00:00,True,2026-03-04 21:45:00+00:00,True,2026-03-04 21:45:00+00:00,2,1,0.0,,2026-03-04 21:45:00+00:00,5137.66,EXIT SIGNAL,6.092592592592935,6.092592592592935,38993.739605074756,41369.469295828516
BUY,2026-03-05 01:30:00+00:00,5154.65,5109.31,5109.31,5199.989999999999,5245.329999999998,5290.669999999997,1,90,"['H4 bullish context', 'H1 bullish trend', 'M15 bullish timing', 'Distance filter OK']",SWING_HIGH price=5172.96 zone=(5172.96-5172.96) touches=1 strength=1,SWING_HIGH price=5148.51 zone=(5148.51-5148.51) touches=1 strength=1,SWING_LOW price=5166.75 zone=(5166.75-5166.75) touches=1 strength=1,SWING_LOW price=5160.70 zone=(5160.70-5160.70) touches=1 strength=1,False,,False,,False,,False,,0,26,0.5035288928098844,,2026-03-05 08:00:00+00:00,5131.82,EXIT SIGNAL,-0.5035288928098878,-0.5035288928098878,41369.469295828516,41161.162065121905
BUY,2026-03-05 11:30:00+00:00,5169.5,5120.63,5120.63,5218.37,5267.24,5316.11,1,90,"['H4 bullish context', 'H1 bullish trend', 'M15 bullish timing', 'Distance filter OK']",SWING_HIGH price=5190.59 zone=(5190.59-5190.59) touches=1 strength=1,SWING_HIGH price=5148.51 zone=(5148.51-5148.51) touches=1 strength=1,SWING_LOW price=5166.75 zone=(5166.75-5166.75) touches=1 strength=1,SWING_LOW price=5160.70 zone=(5160.70-5160.70) touches=1 strength=1,False,,False,,False,,False,,0,4,0.7614827067914879,,2026-03-05 12:30:00+00:00,5156.83,EXIT SIGNAL,-0.25925925925926135,-0.25925925925926135,41161.162065121905,41054.44794124937
BUY,2026-03-05 13:00:00+00:00,5164.41,5120.63,5120.63,5208.19,5251.969999999999,5295.749999999999,1,90,"['H4 bullish context', 'H1 bullish trend', 'M15 bullish timing', 'Distance filter OK']",SWING_HIGH price=5190.59 zone=(5190.59-5190.59) touches=1 strength=1,SWING_HIGH price=5148.51 zone=(5148.51-5148.51) touches=1 strength=1,SWING_LOW price=5166.75 zone=(5166.75-5166.75) touches=1 strength=1,SWING_LOW price=5160.70 zone=(5160.70-5160.70) touches=1 strength=1,False,,False,,False,,False,,0,9,1.75386787972357,,2026-03-05 15:15:00+00:00,5120.63,STOP LOSS,-1.0,-1.0,41054.44794124937,40643.903461836875
SELL,2026-03-06 15:15:00+00:00,5073.32,5122.96,5122.96,5023.679999999999,4974.039999999999,4924.399999999999,1,80,"['H1 bearish trend', 'H1 bearish structure', 'M15 bearish timing', 'Distance filter OK']",SWING_HIGH price=5122.96 zone=(5122.96-5122.96) touches=1 strength=1,None,SWING_LOW price=5109.31 zone=(5109.31-5109.31) touches=1 strength=1,SWING_LOW price=5083.42 zone=(5083.42-5083.42) touches=1 strength=1,False,,False,,False,,False,,0,1,1.0000000000000075,,2026-03-06 15:30:00+00:00,5122.96,STOP LOSS,-1.0,-1.0,40643.903461836875,40237.4644272185
SELL,2026-03-09 20:15:00+00:00,5097.3,5115.78,5115.78,5078.820000000001,5060.340000000001,5041.8600000000015,1,80,"['H1 bearish trend', 'H1 bearish structure', 'M15 bearish timing', 'Distance filter OK']",SWING_HIGH price=5132.28 zone=(5132.28-5132.28) touches=1 strength=1,SWING_HIGH price=5122.96 zone=(5122.96-5122.96) touches=1 strength=1,SWING_LOW price=5168.71 zone=(5168.71-5168.71) touches=1 strength=1,SWING_LOW price=5122.34 zone=(5122.34-5122.34) touches=1 strength=1,False,,False,,False,,False,,0,1,0.9999999999999929,,2026-03-09 20:30:00+00:00,5115.78,STOP LOSS,-1.0,-1.0,40237.4644272185,39835.08978294632
BUY,2026-03-10 22:15:00+00:00,5197.52,5160.7,5160.7,5234.340000000001,5271.160000000002,5307.980000000002,1,75,"['H4 bullish context', 'H1 bullish trend', 'H1 bullish structure', 'Distance filter OK']",SWING_HIGH price=5194.79 zone=(5194.79-5194.79) touches=1 strength=1,SWING_HIGH price=5191.87 zone=(5191.87-5191.87) touches=1 strength=1,SWING_LOW price=5260.64 zone=(5260.64-5260.64) touches=1 strength=1,SWING_LOW price=5160.70 zone=(5160.70-5160.70) touches=1 strength=1,False,,False,,False,,False,,0,3,0.0,,2026-03-11 00:00:00+00:00,5190.11,EXIT SIGNAL,-0.2012493210212015,-0.2012493210212015,39835.08978294632,39754.921935229955
BUY,2026-03-11 00:30:00+00:00,5190.64,5160.7,5160.7,5220.580000000001,5250.520000000001,5280.460000000002,1,75,"['H4 bullish context', 'H1 bullish trend', 'H1 bullish structure', 'Distance filter OK']",SWING_HIGH price=5190.59 zone=(5190.59-5190.59) touches=1 strength=1,SWING_HIGH price=5186.38 zone=(5186.38-5186.38) touches=1 strength=1,SWING_LOW price=5260.64 zone=(5260.64-5260.64) touches=1 strength=1,SWING_LOW price=5160.70 zone=(5160.70-5160.70) touches=1 strength=1,False,,False,,False,,False,,0,3,0.0,,2026-03-11 01:15:00+00:00,5193.39,EXIT SIGNAL,0.09185036740146804,0.09185036740146804,39754.921935229955,39791.43697708763
BUY,2026-03-11 01:30:00+00:00,5193.39,5160.7,5160.7,5226.080000000001,5258.770000000001,5291.460000000002,1,75,"['H4 bullish context', 'H1 bullish trend', 'H1 bullish structure', 'Distance filter OK']",SWING_HIGH price=5206.01 zone=(5206.01-5206.01) touches=1 strength=1,SWING_HIGH price=5194.92 zone=(5194.92-5194.92) touches=1 strength=1,SWING_LOW price=5260.64 zone=(5260.64-5260.64) touches=1 strength=1,SWING_LOW price=5160.70 zone=(5160.70-5160.70) touches=1 strength=1,False,,False,,False,,False,,0,3,0.0,,2026-03-11 02:15:00+00:00,5212.22,EXIT SIGNAL,0.5760171306209738,0.5760171306209738,39791.43697708763,40020.6424705959
BUY,2026-03-11 05:45:00+00:00,5207.83,5160.7,5160.7,5254.96,5302.09,5349.22,1,90,"['H4 bullish context', 'H1 bullish trend', 'M15 bullish timing', 'Distance filter OK']",SWING_HIGH price=5206.01 zone=(5206.01-5206.01) touches=1 strength=1,SWING_HIGH price=5194.92 zone=(5194.92-5194.92) touches=1 strength=1,SWING_LOW price=5279.16 zone=(5279.16-5279.16) touches=1 strength=1,SWING_LOW price=5160.70 zone=(5160.70-5160.70) touches=1 strength=1,False,,False,,False,,False,,0,7,0.0,,2026-03-11 07:30:00+00:00,5200.54,EXIT SIGNAL,-0.15467854869509753,-0.15467854869509753,40020.6424705959,39958.73912164393
BUY,2026-03-11 16:30:00+00:00,5194.01,5175.36,5175.36,5212.660000000001,5231.310000000001,5249.960000000002,1,90,"['H4 bullish context', 'H1 bullish trend', 'M15 bullish timing', 'Distance filter OK']",SWING_HIGH price=5186.38 zone=(5186.38-5186.38) touches=1 strength=1,SWING_HIGH price=5180.24 zone=(5180.24-5180.24) touches=1 strength=1,SWING_LOW price=5279.16 zone=(5279.16-5279.16) touches=1 strength=1,SWING_LOW price=5175.36 zone=(5175.36-5175.36) touches=1 strength=1,False,,False,,False,,False,,0,2,0.49244268450940765,,2026-03-11 17:00:00+00:00,5175.36,STOP LOSS,-1.0,-1.0,39958.73912164393,39559.15173042749
BUY,2026-03-12 09:15:00+00:00,5169.97,5137.08,5137.08,5202.860000000001,5235.750000000001,5268.640000000001,1,90,"['H4 bullish context', 'H1 bullish trend', 'M15 bullish timing', 'Distance filter OK']",SWING_HIGH price=5183.27 zone=(5183.27-5183.27) touches=1 strength=1,SWING_HIGH price=5180.24 zone=(5180.24-5180.24) touches=1 strength=1,None,SWING_LOW price=5175.36 zone=(5175.36-5175.36) touches=1 strength=1,False,,False,,False,,False,,0,20,0.0,,2026-03-12 14:15:00+00:00,5172.23,EXIT SIGNAL,0.06871389480082962,0.06871389480082962,39559.15173042749,39586.33436433164
BUY,2026-03-12 14:30:00+00:00,5172.23,5137.08,5137.08,5207.379999999999,5242.529999999999,5277.6799999999985,1,75,"['H4 bullish context', 'H1 bullish trend', 'H1 bullish structure', 'Distance filter OK']",SWING_HIGH price=5183.27 zone=(5183.27-5183.27) touches=1 strength=1,SWING_HIGH price=5180.24 zone=(5180.24-5180.24) touches=1 strength=1,None,SWING_LOW price=5175.36 zone=(5175.36-5175.36) touches=1 strength=1,False,,False,,False,,False,,0,4,0.3005296953031479,,2026-03-12 15:30:00+00:00,5159.26,EXIT SIGNAL,-0.3689900426742384,-0.3689900426742384,39586.33436433164,39440.264732267526
BUY,2026-03-12 15:45:00+00:00,5159.26,5137.08,5137.08,5181.4400000000005,5203.620000000001,5225.800000000001,1,75,"['H4 bullish context', 'H1 bullish trend', 'H1 bullish structure', 'Distance filter OK']",SWING_HIGH price=5171.39 zone=(5171.39-5171.39) touches=1 strength=1,SWING_HIGH price=5143.30 zone=(5143.30-5143.30) touches=1 strength=1,SWING_LOW price=5154.19 zone=(5154.19-5154.19) touches=1 strength=1,SWING_LOW price=5149.69 zone=(5149.69-5149.69) touches=1 strength=1,False,,False,,False,,False,,0,3,0.7940825284616606,,2026-03-12 16:30:00+00:00,5148.28,EXIT SIGNAL,-0.4950405770964981,-0.4950405770964981,39440.264732267526,39245.019418128526
BUY,2026-03-12 16:45:00+00:00,5148.28,5137.08,5137.08,5159.48,5170.679999999999,5181.879999999999,1,75,"['H4 bullish context', 'H1 bullish trend', 'H1 bullish structure', 'Distance filter OK']",SWING_HIGH price=5143.30 zone=(5143.30-5143.30) touches=1 strength=1,SWING_HIGH price=5140.46 zone=(5140.46-5140.46) touches=1 strength=1,SWING_LOW price=5149.69 zone=(5149.69-5149.69) touches=1 strength=1,SWING_LOW price=5137.08 zone=(5137.08-5137.08) touches=1 strength=1,False,,False,,False,,False,,0,1,1.7861417031770435,,2026-03-12 17:00:00+00:00,5137.08,STOP LOSS,-1.0,-1.0,39245.019418128526,38852.56922394724
SELL,2026-03-13 06:30:00+00:00,5105.45,5128.3,5105.349999999999,5082.599999999999,5059.749999999999,5036.899999999999,1,80,"['H1 bearish trend', 'H1 bearish structure', 'M15 bearish timing', 'Distance filter OK']",SWING_HIGH price=5115.78 zone=(5115.78-5115.78) touches=1 strength=1,None,SWING_LOW price=5117.33 zone=(5117.33-5117.33) touches=1 strength=1,SWING_LOW price=5080.91 zone=(5080.91-5080.91) touches=1 strength=1,True,2026-03-13 09:15:00+00:00,True,2026-03-13 09:15:00+00:00,False,,False,,0,29,0.0,,2026-03-13 13:45:00+00:00,5105.349999999999,BREAKEVEN,0.004376367614895502,0.004376367614895502,38852.56922394724,38854.269555204315
SELL,2026-03-16 09:30:00+00:00,5002.29,5030.53,5002.19,4974.05,4945.81,4917.570000000001,1,80,"['H1 bearish trend', 'H1 bearish structure', 'M15 bearish timing', 'Distance filter OK']",SWING_HIGH price=5030.53 zone=(5030.53-5030.53) touches=1 strength=1,None,SWING_LOW price=5014.96 zone=(5014.96-5014.96) touches=1 strength=1,SWING_LOW price=4967.82 zone=(4967.82-4967.82) touches=1 strength=1,True,2026-03-16 11:45:00+00:00,True,2026-03-16 11:45:00+00:00,False,,False,,0,14,0.0,,2026-03-16 13:00:00+00:00,5002.19,BREAKEVEN,0.0035410764872650345,0.0035410764872650345,38854.269555204315,38855.64541460783
SELL,2026-03-19 07:30:00+00:00,4846.48,4866.96,4805.519999999999,4825.999999999999,4805.519999999999,4785.039999999998,1,80,"['H1 bearish trend', 'H1 bearish structure', 'M15 bearish timing', 'Distance filter OK']",SWING_HIGH price=4866.96 zone=(4866.96-4866.96) touches=1 strength=1,None,SWING_LOW price=4834.13 zone=(4834.13-4834.13) touches=1 strength=1,SWING_LOW price=4804.59 zone=(4804.59-4804.59) touches=1 strength=1,True,2026-03-19 08:15:00+00:00,True,2026-03-19 08:15:00+00:00,True,2026-03-19 08:30:00+00:00,True,2026-03-19 08:30:00+00:00,2,55,0.0,,2026-03-19 21:15:00+00:00,4643.55,EXIT SIGNAL,9.90869140624974,9.90869140624974,38855.64541460783,42705.731412647954
SELL,2026-03-20 02:15:00+00:00,4661.84,4676.91,4661.74,4646.77,4631.700000000001,4616.630000000001,1,75,"['H4 bearish context', 'H1 bearish trend', 'H1 bearish structure', 'Distance filter OK']",SWING_HIGH price=4676.91 zone=(4676.91-4676.91) touches=1 strength=1,None,SWING_LOW price=4804.59 zone=(4804.59-4804.59) touches=1 strength=1,SWING_LOW price=4502.22 zone=(4502.22-4502.22) touches=1 strength=1,True,2026-03-20 02:30:00+00:00,True,2026-03-20 02:30:00+00:00,False,,False,,0,2,0.0,,2026-03-20 02:45:00+00:00,4648.38,EXIT SIGNAL,0.8931652289316719,0.8931652289316719,42705.731412647954,43087.16415638668
SELL,2026-03-20 08:45:00+00:00,4665.55,4735.65,4735.65,4595.450000000001,4525.350000000001,4455.250000000002,1,90,"['H4 bearish context', 'H1 bearish trend', 'M15 bearish timing', 'Distance filter OK']",SWING_HIGH price=4676.91 zone=(4676.91-4676.91) touches=1 strength=1,None,SWING_LOW price=4804.59 zone=(4804.59-4804.59) touches=1 strength=1,SWING_LOW price=4634.29 zone=(4634.29-4634.29) touches=1 strength=1,False,,False,,False,,False,,0,7,0.0,,2026-03-20 10:30:00+00:00,4707.11,EXIT SIGNAL,-0.5928673323823084,-0.5928673323823084,43087.16415638668,42831.71443565352
SELL,2026-03-20 12:15:00+00:00,4662.76,4734.56,4734.56,4590.96,4519.16,4447.36,1,90,"['H4 bearish context', 'H1 bearish trend', 'M15 bearish timing', 'Distance filter OK']",SWING_HIGH price=4676.91 zone=(4676.91-4676.91) touches=1 strength=1,None,SWING_LOW price=4661.24 zone=(4661.24-4661.24) touches=1 strength=1,SWING_LOW price=4634.29 zone=(4634.29-4634.29) touches=1 strength=1,False,,False,,False,,False,,0,8,0.0,,2026-03-20 14:15:00+00:00,4678.25,EXIT SIGNAL,-0.21573816155988498,-0.21573816155988498,42831.71443565352,42739.31008236546
SELL,2026-03-20 15:30:00+00:00,4659.88,4734.56,4510.5199999999995,4585.2,4510.5199999999995,4435.839999999999,1,90,"['H4 bearish context', 'H1 bearish trend', 'M15 bearish timing', 'Distance filter OK']",SWING_HIGH price=4676.91 zone=(4676.91-4676.91) touches=1 strength=1,None,SWING_LOW price=4634.29 zone=(4634.29-4634.29) touches=1 strength=1,SWING_LOW price=4502.22 zone=(4502.22-4502.22) touches=1 strength=1,True,2026-03-20 16:15:00+00:00,True,2026-03-20 16:15:00+00:00,True,2026-03-20 20:45:00+00:00,True,2026-03-23 02:00:00+00:00,2,83,0.0,,2026-03-23 13:15:00+00:00,4399.18,EXIT SIGNAL,3.4908944831279967,3.4908944831279967,42739.31008236546,44231.29430015773
SELL,2026-03-23 13:30:00+00:00,4399.18,4536.11,4536.11,4262.250000000001,4125.3200000000015,3988.390000000002,1,75,"['H4 bearish context', 'H1 bearish trend', 'H1 bearish structure', 'Distance filter OK']",SWING_HIGH price=4536.11 zone=(4536.11-4536.11) touches=1 strength=1,None,SWING_LOW price=4477.35 zone=(4477.35-4477.35) touches=1 strength=1,SWING_LOW price=4319.78 zone=(4319.78-4319.78) touches=1 strength=1,False,,False,,False,,False,,0,3,0.0,,2026-03-23 14:15:00+00:00,4389.56,EXIT SIGNAL,0.07025487475352322,0.07025487475352322,44231.29430015773,44262.368940570166
SELL,2026-03-23 14:30:00+00:00,4389.56,4536.11,4536.11,4243.010000000001,4096.460000000002,3949.9100000000026,1,75,"['H4 bearish context', 'H1 bearish trend', 'H1 bearish structure', 'Distance filter OK']",SWING_HIGH price=4536.11 zone=(4536.11-4536.11) touches=1 strength=1,None,SWING_LOW price=4502.22 zone=(4502.22-4502.22) touches=1 strength=1,SWING_LOW price=4477.35 zone=(4477.35-4477.35) touches=1 strength=1,False,,False,,False,,False,,0,3,0.0,,2026-03-23 15:15:00+00:00,4408.6,EXIT SIGNAL,-0.12992152848857086,-0.12992152848857086,44262.368940570166,44204.86259429732
SELL,2026-03-23 15:30:00+00:00,4408.6,4536.11,4536.11,4281.090000000001,4153.580000000002,4026.0700000000024,1,75,"['H4 bearish context', 'H1 bearish trend', 'H1 bearish structure', 'Distance filter OK']",SWING_HIGH price=4536.11 zone=(4536.11-4536.11) touches=1 strength=1,None,SWING_LOW price=4477.35 zone=(4477.35-4477.35) touches=1 strength=1,SWING_LOW price=4319.78 zone=(4319.78-4319.78) touches=1 strength=1,False,,False,,False,,False,,0,3,0.0,,2026-03-23 16:15:00+00:00,4486.72,EXIT SIGNAL,-0.6126578307583743,-0.6126578307583743,44204.86259429732,43934.03804203738
SELL,2026-03-23 17:00:00+00:00,4461.8,4536.11,4461.7,4387.490000000001,4313.180000000001,4238.870000000002,1,75,"['H4 bearish context', 'H1 bearish trend', 'H1 bearish structure', 'Distance filter OK']",SWING_HIGH price=4536.11 zone=(4536.11-4536.11) touches=1 strength=1,None,SWING_LOW price=4477.35 zone=(4477.35-4477.35) touches=1 strength=1,SWING_LOW price=4319.78 zone=(4319.78-4319.78) touches=1 strength=1,True,2026-03-23 17:45:00+00:00,True,2026-03-23 17:45:00+00:00,False,,False,,0,14,0.0,,2026-03-23 20:30:00+00:00,4461.7,BREAKEVEN,0.0013457139012295046,0.0013457139012295046,43934.03804203738,43934.629268494675
SELL,2026-03-23 22:00:00+00:00,4398.1,4512.68,4512.68,4283.52,4168.9400000000005,4054.3600000000006,1,90,"['H4 bearish context', 'H1 bearish trend', 'M15 bearish timing', 'Distance filter OK']",SWING_HIGH price=4512.68 zone=(4512.68-4512.68) touches=1 strength=1,None,SWING_LOW price=4477.35 zone=(4477.35-4477.35) touches=1 strength=1,SWING_LOW price=4351.22 zone=(4351.22-4351.22) touches=1 strength=1,False,,False,,False,,False,,0,9,0.3805178359008186,,2026-03-24 01:15:00+00:00,4441.63,EXIT SIGNAL,-0.3799092337231609,-0.3799092337231609,43934.629268494675,43767.717555101626
SELL,2026-03-24 02:45:00+00:00,4344.73,4466.86,4466.86,4222.599999999999,4100.469999999999,3978.3399999999992,1,90,"['H4 bearish context', 'H1 bearish trend', 'M15 bearish timing', 'Distance filter OK']",SWING_HIGH price=4466.86 zone=(4466.86-4466.86) touches=1 strength=1,None,SWING_LOW price=4477.35 zone=(4477.35-4477.35) touches=1 strength=1,SWING_LOW price=4351.22 zone=(4351.22-4351.22) touches=1 strength=1,False,,False,,False,,False,,0,23,0.6390896515564446,,2026-03-24 08:30:00+00:00,4376.43,EXIT SIGNAL,-0.259559485793832,-0.259559485793832,43767.717555101626,43654.1142924719
SELL,2026-03-24 09:00:00+00:00,4402.01,4447.96,4447.96,4356.06,4310.110000000001,4264.160000000001,1,75,"['H4 bearish context', 'H1 bearish trend', 'H1 bearish structure', 'Distance filter OK']",SWING_HIGH price=4447.96 zone=(4447.96-4447.96) touches=1 strength=1,None,SWING_LOW price=4477.35 zone=(4477.35-4477.35) touches=1 strength=1,SWING_LOW price=4351.22 zone=(4351.22-4351.22) touches=1 strength=1,False,,False,,False,,False,,0,3,0.9710134761154272,,2026-03-24 09:45:00+00:00,4417.36,EXIT SIGNAL,-0.33405875952120817,-0.33405875952120817,43654.1142924719,43508.283899786504
SELL,2026-03-24 16:00:00+00:00,4381.42,4441.81,4441.81,4321.03,4260.639999999999,4200.249999999999,1,90,"['H4 bearish context', 'H1 bearish trend', 'M15 bearish timing', 'Distance filter OK']",SWING_HIGH price=4432.62 zone=(4432.62-4432.62) touches=1 strength=1,None,SWING_LOW price=4477.35 zone=(4477.35-4477.35) touches=1 strength=1,SWING_LOW price=4351.22 zone=(4351.22-4351.22) touches=1 strength=1,False,,False,,False,,False,,0,4,1.4601730502183434,,2026-03-24 17:00:00+00:00,4411.25,EXIT SIGNAL,-0.4939559529723425,-0.4939559529723425,43508.283899786504,43293.3721414274
SELL,2026-03-24 19:30:00+00:00,4399.83,4433.32,4433.32,4366.34,4332.85,4299.360000000001,1,90,"['H4 bearish context', 'H1 bearish trend', 'M15 bearish timing', 'Distance filter OK']",SWING_HIGH price=4432.62 zone=(4432.62-4432.62) touches=1 strength=1,None,SWING_LOW price=4477.35 zone=(4477.35-4477.35) touches=1 strength=1,SWING_LOW price=4351.50 zone=(4351.50-4351.50) touches=1 strength=1,False,,False,,False,,False,,0,11,2.4455713197161564,,2026-03-24 22:15:00+00:00,4433.32,STOP LOSS,-1.0,-1.0,43293.3721414274,42860.438420013124
SELL,2026-03-25 21:30:00+00:00,4513.0,4585.35,4585.35,4440.65,4368.299999999999,4295.949999999999,1,90,"['H4 bearish context', 'H1 bearish trend', 'M15 bearish timing', 'Distance filter OK']",SWING_HIGH price=4536.11 zone=(4536.11-4536.11) touches=1 strength=1,SWING_HIGH price=4512.68 zone=(4512.68-4512.68) touches=1 strength=1,SWING_LOW price=4532.91 zone=(4532.91-4532.91) touches=1 strength=1,SWING_LOW price=4527.72 zone=(4527.72-4527.72) touches=1 strength=1,False,,False,,False,,False,,0,18,0.35725687529454647,,2026-03-26 03:00:00+00:00,4538.16,EXIT SIGNAL,-0.3477539737387661,-0.3477539737387661,42860.438420013124,42711.38954224567
SELL,2026-03-26 07:15:00+00:00,4508.44,4543.77,4473.109999999999,4473.109999999999,4437.779999999998,4402.449999999997,1,90,"['H4 bearish context', 'H1 bearish trend', 'M15 bearish timing', 'Distance filter OK']",SWING_HIGH price=4441.81 zone=(4441.81-4441.81) touches=1 strength=1,SWING_HIGH price=4433.32 zone=(4433.32-4433.32) touches=1 strength=1,SWING_LOW price=4477.35 zone=(4477.35-4477.35) touches=1 strength=1,SWING_LOW price=4372.47 zone=(4372.47-4372.47) touches=1 strength=1,True,2026-03-26 07:45:00+00:00,True,2026-03-26 07:45:00+00:00,True,2026-03-26 08:00:00+00:00,False,,1,37,0.0,,2026-03-26 16:30:00+00:00,4473.109999999999,PROFIT LOCK TP1,1.0,1.0,42711.38954224567,43138.50343766813
SELL,2026-03-26 18:15:00+00:00,4439.61,4478.84,4400.379999999999,4400.379999999999,4361.149999999999,4321.919999999998,1,90,"['H4 bearish context', 'H1 bearish trend', 'M15 bearish timing', 'Distance filter OK']",SWING_HIGH price=4432.62 zone=(4432.62-4432.62) touches=1 strength=1,None,SWING_LOW price=4412.75 zone=(4412.75-4412.75) touches=1 strength=1,SWING_LOW price=4372.47 zone=(4372.47-4372.47) touches=1 strength=1,True,2026-03-26 18:30:00+00:00,True,2026-03-26 18:30:00+00:00,True,2026-03-26 21:45:00+00:00,False,,1,15,0.0,,2026-03-26 22:00:00+00:00,4400.379999999999,PROFIT LOCK TP1,1.0,1.0,43138.50343766813,43569.88847204481
SELL,2026-03-26 22:30:00+00:00,4404.32,4478.84,4478.84,4329.799999999999,4255.279999999999,4180.759999999998,1,75,"['H4 bearish context', 'H1 bearish trend', 'H1 bearish structure', 'Distance filter OK']",SWING_HIGH price=4432.62 zone=(4432.62-4432.62) touches=1 strength=1,None,SWING_LOW price=4412.75 zone=(4412.75-4412.75) touches=1 strength=1,SWING_LOW price=4372.47 zone=(4372.47-4372.47) touches=1 strength=1,False,,False,,False,,False,,0,17,0.22211045166482074,,2026-03-27 03:45:00+00:00,4417.13,EXIT SIGNAL,-0.17190016103060018,-0.17190016103060018,43569.88847204481,43494.99176360051
SELL,2026-03-27 10:30:00+00:00,4433.74,4474.94,4474.94,4392.54,4351.34,4310.14,1,90,"['H4 bearish context', 'H1 bearish trend', 'M15 bearish timing', 'Distance filter OK']",SWING_HIGH price=4432.62 zone=(4432.62-4432.62) touches=1 strength=1,SWING_HIGH price=4420.33 zone=(4420.33-4420.33) touches=1 strength=1,SWING_LOW price=4477.35 zone=(4477.35-4477.35) touches=1 strength=1,SWING_LOW price=4416.56 zone=(4416.56-4416.56) touches=1 strength=1,False,,False,,False,,False,,0,17,0.31825565105970827,,2026-03-27 14:45:00+00:00,4437.71,EXIT SIGNAL,-0.09635922330097749,-0.09635922330097749,43494.99176360051,43453.08032736228
SELL,2026-03-30 11:30:00+00:00,4528.58,4550.32,4550.32,4506.84,4485.1,4463.360000000001,1,75,"['H4 bearish context', 'H1 bearish trend', 'H1 bearish structure', 'Distance filter OK']",SWING_HIGH price=4543.77 zone=(4543.77-4543.77) touches=1 strength=1,SWING_HIGH price=4536.11 zone=(4536.11-4536.11) touches=1 strength=1,SWING_LOW price=4540.64 zone=(4540.64-4540.64) touches=1 strength=1,SWING_LOW price=4532.91 zone=(4532.91-4532.91) touches=1 strength=1,False,,False,,False,,False,,0,12,0.9999999999999962,,2026-03-30 14:30:00+00:00,4550.32,STOP LOSS,-1.0,-1.0,43453.08032736228,43018.54952408866
SELL,2026-03-30 17:30:00+00:00,4518.75,4580.41,4580.41,4457.09,4395.43,4333.77,1,90,"['H4 bearish context', 'H1 bearish trend', 'M15 bearish timing', 'Distance filter OK']",SWING_HIGH price=4543.77 zone=(4543.77-4543.77) touches=1 strength=1,SWING_HIGH price=4536.11 zone=(4536.11-4536.11) touches=1 strength=1,SWING_LOW price=4540.64 zone=(4540.64-4540.64) touches=1 strength=1,SWING_LOW price=4532.91 zone=(4532.91-4532.91) touches=1 strength=1,False,,False,,False,,False,,0,37,0.6281885018837478,,2026-03-31 03:45:00+00:00,4547.06,EXIT SIGNAL,-0.45913071683425993,-0.45913071683425993,43018.54952408866,42821.038149287015
SELL,2026-03-31 10:15:00+00:00,4552.32,4581.36,4581.36,4523.28,4494.24,4465.2,1,75,"['H4 bearish context', 'H1 bearish trend', 'H1 bearish structure', 'Distance filter OK']",SWING_HIGH price=4567.38 zone=(4567.38-4567.38) touches=1 strength=1,SWING_HIGH price=4554.98 zone=(4554.98-4554.98) touches=1 strength=1,None,SWING_LOW price=4532.91 zone=(4532.91-4532.91) touches=1 strength=1,False,,False,,False,,False,,0,6,1.1794556793061728,,2026-03-31 11:45:00+00:00,4568.43,EXIT SIGNAL,-0.5547520661157233,-0.5547520661157233,42821.038149287015,42583.48755542164
SELL,2026-03-31 12:00:00+00:00,4568.43,4581.36,4542.5700000000015,4555.500000000001,4542.5700000000015,4529.640000000002,1,75,"['H4 bearish context', 'H1 bearish trend', 'H1 bearish structure', 'Distance filter OK']",SWING_HIGH price=4568.68 zone=(4568.68-4568.68) touches=1 strength=1,SWING_HIGH price=4567.38 zone=(4567.38-4567.38) touches=1 strength=1,None,SWING_LOW price=4532.91 zone=(4532.91-4532.91) touches=1 strength=1,True,2026-03-31 12:30:00+00:00,True,2026-03-31 12:30:00+00:00,True,2026-03-31 13:30:00+00:00,True,2026-03-31 13:30:00+00:00,2,7,0.0,,2026-03-31 13:45:00+00:00,4542.5700000000015,PROFIT LOCK TP2,2.0,2.0,42583.48755542164,43435.157306530076
SELL,2026-03-31 16:00:00+00:00,4574.67,4574.91,4574.91,4574.43,4574.1900000000005,4573.950000000001,1,75,"['H4 bearish context', 'H1 bearish trend', 'H1 bearish structure', 'Distance filter OK']",SWING_HIGH price=4574.91 zone=(4574.91-4574.91) touches=1 strength=1,SWING_HIGH price=4568.68 zone=(4568.68-4568.68) touches=1 strength=1,None,SWING_LOW price=4543.51 zone=(4543.51-4543.51) touches=1 strength=1,False,,False,,False,,False,,0,1,0.21101434496337076,,2026-03-31 16:15:00+00:00,4574.91,STOP LOSS,-1.0,-1.0,43435.157306530076,43000.805733464775
SELL,2026-03-31 16:30:00+00:00,4572.93,4574.91,4574.91,4570.950000000001,4568.970000000001,4566.990000000002,1,75,"['H4 bearish context', 'H1 bearish trend', 'H1 bearish structure', 'Distance filter OK']",SWING_HIGH price=4619.21 zone=(4619.21-4619.21) touches=1 strength=1,SWING_HIGH price=4602.13 zone=(4602.13-4602.13) touches=1 strength=1,None,SWING_LOW price=4543.51 zone=(4543.51-4543.51) touches=1 strength=1,False,,False,,False,,False,,0,1,1.208904201513741,,2026-03-31 16:45:00+00:00,4574.91,STOP LOSS,-1.0,-1.0,43000.805733464775,42570.797676130125
BUY,2026-04-01 09:15:00+00:00,4697.23,4666.85,4727.609999999999,4727.609999999999,4757.989999999998,4788.369999999997,1,80,"['H1 bullish trend', 'H1 bullish structure', 'M15 bullish timing', 'Distance filter OK']",None,SWING_HIGH price=4724.00 zone=(4724.00-4724.00) touches=1 strength=1,None,SWING_LOW price=4666.85 zone=(4666.85-4666.85) touches=1 strength=1,True,2026-04-01 09:45:00+00:00,True,2026-04-01 09:45:00+00:00,True,2026-04-01 14:30:00+00:00,False,,1,24,0.0,,2026-04-01 15:15:00+00:00,4727.609999999999,PROFIT LOCK TP1,1.0,1.0,42570.797676130125,42996.50565289143
BUY,2026-04-02 02:00:00+00:00,4776.4,4742.09,4742.09,4810.709999999999,4845.019999999999,4879.329999999998,1,80,"['H1 bullish trend', 'H1 bullish structure', 'M15 bullish timing', 'Distance filter OK']",SWING_HIGH price=4792.97 zone=(4792.97-4792.97) touches=1 strength=1,SWING_HIGH price=4762.85 zone=(4762.85-4762.85) touches=1 strength=1,None,SWING_LOW price=4742.09 zone=(4742.09-4742.09) touches=1 strength=1,False,,False,,False,,False,,0,8,0.999999999999995,,2026-04-02 04:00:00+00:00,4742.09,STOP LOSS,-1.0,-1.0,42996.50565289143,42566.540596362516
BUY,2026-04-02 19:00:00+00:00,4660.92,4580.66,4580.66,4741.18,4821.4400000000005,4901.700000000001,1,80,"['H1 bullish trend', 'H1 bullish structure', 'M15 bullish timing', 'Distance filter OK']",SWING_HIGH price=4724.00 zone=(4724.00-4724.00) touches=1 strength=1,SWING_HIGH price=4619.21 zone=(4619.21-4619.21) touches=1 strength=1,SWING_LOW price=4666.85 zone=(4666.85-4666.85) touches=1 strength=1,SWING_LOW price=4649.85 zone=(4649.85-4649.85) touches=1 strength=1,False,,False,,False,,False,,0,6,1.0392250186892624,,2026-04-02 20:30:00+00:00,4657.74,EXIT SIGNAL,-0.03962123099925595,-0.03962123099925595,42566.540596362516,42549.67520898444
BUY,2026-04-09 13:15:00+00:00,4727.09,4703.35,4750.83,4750.83,4774.57,4798.3099999999995,1,80,"['H1 bullish trend', 'H1 bullish structure', 'M15 bullish timing', 'Distance filter OK']",SWING_HIGH price=4747.52 zone=(4747.52-4747.52) touches=1 strength=1,SWING_HIGH price=4732.74 zone=(4732.74-4732.74) touches=1 strength=1,SWING_LOW price=4742.09 zone=(4742.09-4742.09) touches=1 strength=1,SWING_LOW price=4732.32 zone=(4732.32-4732.32) touches=1 strength=1,True,2026-04-09 14:30:00+00:00,True,2026-04-09 14:30:00+00:00,True,2026-04-09 16:30:00+00:00,False,,1,17,0.0,,2026-04-09 17:30:00+00:00,4750.83,PROFIT LOCK TP1,1.0,1.0,42549.67520898444,42975.17196107428
BUY,2026-04-14 10:30:00+00:00,4772.63,4757.97,4772.7300000000005,4787.29,4801.95,4816.61,1,80,"['H1 bullish trend', 'H1 bullish structure', 'M15 bullish timing', 'Distance filter OK']",SWING_HIGH price=4794.85 zone=(4794.85-4794.85) touches=1 strength=1,SWING_HIGH price=4776.80 zone=(4776.80-4776.80) touches=1 strength=1,SWING_LOW price=4788.24 zone=(4788.24-4788.24) touches=1 strength=1,SWING_LOW price=4757.97 zone=(4757.97-4757.97) touches=1 strength=1,True,2026-04-14 11:30:00+00:00,True,2026-04-14 11:30:00+00:00,False,,False,,0,8,0.0,,2026-04-14 12:30:00+00:00,4772.7300000000005,BREAKEVEN,0.006821282401116288,0.006821282401116288,42975.17196107428,42978.103418916115
BUY,2026-04-16 15:15:00+00:00,4817.12,4804.97,4804.97,4829.2699999999995,4841.419999999999,4853.569999999999,1,80,"['H1 bullish trend', 'H1 bullish structure', 'M15 bullish timing', 'Distance filter OK']",SWING_HIGH price=4830.29 zone=(4830.29-4830.29) touches=1 strength=1,SWING_HIGH price=4806.96 zone=(4806.96-4806.96) touches=1 strength=1,None,SWING_LOW price=4804.97 zone=(4804.97-4804.97) touches=1 strength=1,False,,False,,False,,False,,0,6,0.9999999999999972,,2026-04-16 16:45:00+00:00,4804.97,STOP LOSS,-1.0,-1.0,42978.103418916115,42548.322384726955
BUY,2026-04-17 12:30:00+00:00,4795.74,4778.63,4778.63,4812.849999999999,4829.959999999999,4847.069999999999,1,80,"['H1 bullish trend', 'H1 bullish structure', 'M15 bullish timing', 'Distance filter OK']",SWING_HIGH price=4794.85 zone=(4794.85-4794.85) touches=1 strength=1,SWING_HIGH price=4776.80 zone=(4776.80-4776.80) touches=1 strength=1,SWING_LOW price=4804.97 zone=(4804.97-4804.97) touches=1 strength=1,SWING_LOW price=4787.64 zone=(4787.64-4787.64) touches=1 strength=1,False,,False,,False,,False,,0,5,0.502045587375822,,2026-04-17 13:45:00+00:00,4787.15,EXIT SIGNAL,-0.5020455873758217,-0.5020455873758217,42548.322384726955,42334.710409691994
BUY,2026-04-17 15:15:00+00:00,4803.88,4778.63,4854.38,4829.13,4854.38,4879.63,1,80,"['H1 bullish trend', 'H1 bullish structure', 'M15 bullish timing', 'Distance filter OK']",SWING_HIGH price=4850.67 zone=(4850.67-4850.67) touches=1 strength=1,SWING_HIGH price=4837.99 zone=(4837.99-4837.99) touches=1 strength=1,None,SWING_LOW price=4804.97 zone=(4804.97-4804.97) touches=1 strength=1,True,2026-04-17 15:45:00+00:00,True,2026-04-17 15:45:00+00:00,True,2026-04-17 16:00:00+00:00,True,2026-04-17 16:00:00+00:00,2,4,0.0,,2026-04-17 16:15:00+00:00,4854.38,PROFIT LOCK TP2,2.0,2.0,42334.710409691994,43181.40461788583
BUY,2026-04-20 21:15:00+00:00,4815.35,4792.46,4792.46,4838.240000000001,4861.130000000001,4884.020000000001,1,80,"['H1 bullish trend', 'H1 bullish structure', 'M15 bullish timing', 'Distance filter OK']",SWING_HIGH price=4814.13 zone=(4814.13-4814.13) touches=1 strength=1,SWING_HIGH price=4806.01 zone=(4806.01-4806.01) touches=1 strength=1,None,SWING_LOW price=4804.97 zone=(4804.97-4804.97) touches=1 strength=1,False,,False,,False,,False,,0,24,0.45038784604295934,,2026-04-21 04:15:00+00:00,4818.44,EXIT SIGNAL,0.1349934469200171,0.1349934469200171,43181.40461788583,43239.696684407994
SELL,2026-04-22 13:15:00+00:00,4748.53,4771.88,4748.429999999999,4725.179999999999,4701.829999999999,4678.479999999999,1,90,"['H4 bearish context', 'H1 bearish trend', 'M15 bearish timing', 'Distance filter OK']",SWING_HIGH price=4771.88 zone=(4771.88-4771.88) touches=1 strength=1,None,SWING_LOW price=4767.46 zone=(4767.46-4767.46) touches=1 strength=1,SWING_LOW price=4757.97 zone=(4757.97-4757.97) touches=1 strength=1,True,2026-04-22 18:45:00+00:00,True,2026-04-22 18:45:00+00:00,False,,False,,0,34,0.0,,2026-04-22 21:45:00+00:00,4748.429999999999,BREAKEVEN,0.0042826552462681905,0.0042826552462681905,43239.696684407994,43241.54849154651
SELL,2026-04-22 23:15:00+00:00,4735.94,4749.16,4722.719999999999,4722.719999999999,4709.499999999999,4696.279999999999,1,75,"['H4 bearish context', 'H1 bearish trend', 'H1 bearish structure', 'Distance filter OK']",SWING_HIGH price=4749.16 zone=(4749.16-4749.16) touches=1 strength=1,None,SWING_LOW price=4752.01 zone=(4752.01-4752.01) touches=1 strength=1,SWING_LOW price=4736.88 zone=(4736.88-4736.88) touches=1 strength=1,True,2026-04-23 03:00:00+00:00,True,2026-04-23 03:00:00+00:00,True,2026-04-23 03:00:00+00:00,False,,1,12,0.0,,2026-04-23 03:15:00+00:00,4722.719999999999,PROFIT LOCK TP1,1.0,1.0,43241.54849154651,43673.96397646198
SELL,2026-04-23 04:00:00+00:00,4747.89,4749.16,4745.350000000001,4746.620000000001,4745.350000000001,4744.080000000002,1,75,"['H4 bearish context', 'H1 bearish trend', 'H1 bearish structure', 'Distance filter OK']",SWING_HIGH price=4749.16 zone=(4749.16-4749.16) touches=1 strength=1,None,SWING_LOW price=4752.01 zone=(4752.01-4752.01) touches=1 strength=1,SWING_LOW price=4736.88 zone=(4736.88-4736.88) touches=1 strength=1,True,2026-04-23 04:15:00+00:00,True,2026-04-23 04:15:00+00:00,True,2026-04-23 04:15:00+00:00,True,2026-04-23 04:15:00+00:00,2,44,0.0,,2026-04-23 15:00:00+00:00,4729.19,EXIT SIGNAL,14.724409448824954,14.724409448824954,43673.96397646198,50104.69725488855
SELL,2026-04-23 19:15:00+00:00,4719.44,4743.24,4695.639999999999,4695.639999999999,4671.839999999999,4648.039999999999,1,90,"['H4 bearish context', 'H1 bearish trend', 'M15 bearish timing', 'Distance filter OK']",SWING_HIGH price=4743.24 zone=(4743.24-4743.24) touches=1 strength=1,SWING_HIGH price=4724.53 zone=(4724.53-4724.53) touches=1 strength=1,SWING_LOW price=4736.88 zone=(4736.88-4736.88) touches=1 strength=1,SWING_LOW price=4723.71 zone=(4723.71-4723.71) touches=1 strength=1,True,2026-04-23 20:30:00+00:00,True,2026-04-23 20:30:00+00:00,True,2026-04-23 20:45:00+00:00,False,,1,7,0.0,,2026-04-23 21:00:00+00:00,4695.639999999999,PROFIT LOCK TP1,1.0,1.0,50104.69725488855,50605.74422743744
SELL,2026-04-23 21:15:00+00:00,4713.68,4743.24,4743.24,4684.120000000001,4654.560000000001,4625.000000000002,1,90,"['H4 bearish context', 'H1 bearish trend', 'M15 bearish timing', 'Distance filter OK']",SWING_HIGH price=4724.53 zone=(4724.53-4724.53) touches=1 strength=1,None,SWING_LOW price=4723.71 zone=(4723.71-4723.71) touches=1 strength=1,SWING_LOW price=4694.00 zone=(4694.00-4694.00) touches=1 strength=1,False,,False,,False,,False,,0,24,0.0356591389999777,,2026-04-24 04:15:00+00:00,4698.15,EXIT SIGNAL,0.5253721244925887,0.5253721244925887,50605.74422743744,50871.61270100042
SELL,2026-04-24 08:15:00+00:00,4673.22,4710.83,4710.83,4635.610000000001,4598.000000000001,4560.390000000001,1,90,"['H4 bearish context', 'H1 bearish trend', 'M15 bearish timing', 'Distance filter OK']",SWING_HIGH price=4710.83 zone=(4710.83-4710.83) touches=1 strength=1,None,SWING_LOW price=4686.32 zone=(4686.32-4686.32) touches=1 strength=1,SWING_LOW price=4684.05 zone=(4684.05-4684.05) touches=1 strength=1,False,,False,,False,,False,,0,11,0.40803361798497056,,2026-04-24 11:00:00+00:00,4687.23,EXIT SIGNAL,-0.3725073118851218,-0.3725073118851218,50871.61270100042,50682.11222401531
SELL,2026-04-24 12:15:00+00:00,4695.06,4710.83,4694.96,4679.290000000001,4663.520000000001,4647.750000000002,1,75,"['H4 bearish context', 'H1 bearish trend', 'H1 bearish structure', 'Distance filter OK']",SWING_HIGH price=4710.83 zone=(4710.83-4710.83) touches=1 strength=1,None,SWING_LOW price=4684.05 zone=(4684.05-4684.05) touches=1 strength=1,SWING_LOW price=4668.36 zone=(4668.36-4668.36) touches=1 strength=1,True,2026-04-24 12:30:00+00:00,True,2026-04-24 12:30:00+00:00,False,,False,,0,7,0.401718337935361,,2026-04-24 14:00:00+00:00,4694.96,BREAKEVEN,0.006341154090067647,0.006341154090067647,50682.11222401531,50685.32605484754
SELL,2026-04-24 23:15:00+00:00,4706.61,4740.06,4706.509999999999,4673.159999999999,4639.709999999998,4606.2599999999975,1,90,"['H4 bearish context', 'H1 bearish trend', 'M15 bearish timing', 'Distance filter OK']",SWING_HIGH price=4710.83 zone=(4710.83-4710.83) touches=1 strength=1,SWING_HIGH price=4697.14 zone=(4697.14-4697.14) touches=1 strength=1,SWING_LOW price=4723.71 zone=(4723.71-4723.71) touches=1 strength=1,SWING_LOW price=4694.00 zone=(4694.00-4694.00) touches=1 strength=1,True,2026-04-27 03:00:00+00:00,True,2026-04-27 03:00:00+00:00,False,,False,,0,15,0.635675033417465,,2026-04-27 04:00:00+00:00,4706.509999999999,BREAKEVEN,0.0029895366218344282,0.0029895366218344282,50685.32605484754,50686.841311231845
SELL,2026-04-27 09:15:00+00:00,4714.26,4729.82,4729.82,4698.700000000001,4683.140000000001,4667.580000000002,1,75,"['H4 bearish context', 'H1 bearish trend', 'H1 bearish structure', 'Distance filter OK']",SWING_HIGH price=4717.10 zone=(4717.10-4717.10) touches=1 strength=1,SWING_HIGH price=4710.83 zone=(4710.83-4710.83) touches=1 strength=1,SWING_LOW price=4723.71 zone=(4723.71-4723.71) touches=1 strength=1,SWING_LOW price=4694.00 zone=(4694.00-4694.00) touches=1 strength=1,False,,False,,False,,False,,0,24,0.16248117223341327,,2026-04-27 15:15:00+00:00,4706.85,EXIT SIGNAL,0.47622107969152294,0.47622107969152294,50686.841311231845,50928.22273418572
SELL,2026-04-27 17:15:00+00:00,4692.35,4712.4,4692.25,4672.300000000001,4652.250000000002,4632.200000000003,1,90,"['H4 bearish context', 'H1 bearish trend', 'M15 bearish timing', 'Distance filter OK']",SWING_HIGH price=4697.14 zone=(4697.14-4697.14) touches=1 strength=1,None,SWING_LOW price=4684.05 zone=(4684.05-4684.05) touches=1 strength=1,SWING_LOW price=4674.45 zone=(4674.45-4674.45) touches=1 strength=1,True,2026-04-27 18:00:00+00:00,True,2026-04-27 18:00:00+00:00,False,,False,,0,28,0.0,,2026-04-28 01:15:00+00:00,4688.83,EXIT SIGNAL,0.175561097256886,0.175561097256886,50928.22273418572,51017.63288083129
SELL,2026-04-28 05:15:00+00:00,4677.16,4701.03,4629.42,4653.29,4629.42,4605.55,1,90,"['H4 bearish context', 'H1 bearish trend', 'M15 bearish timing', 'Distance filter OK']",SWING_HIGH price=4685.95 zone=(4685.95-4685.95) touches=1 strength=1,None,SWING_LOW price=4671.84 zone=(4671.84-4671.84) touches=1 strength=1,SWING_LOW price=4668.36 zone=(4668.36-4668.36) touches=1 strength=1,True,2026-04-28 08:00:00+00:00,True,2026-04-28 08:00:00+00:00,True,2026-04-28 08:30:00+00:00,True,2026-04-28 12:45:00+00:00,2,84,0.15072567117490193,,2026-04-29 03:15:00+00:00,4599.82,EXIT SIGNAL,3.2400502723083577,3.2400502723083577,51017.63288083129,52670.629833911946
SELL,2026-04-29 03:30:00+00:00,4599.82,4601.27,4601.27,4598.369999999999,4596.919999999998,4595.4699999999975,1,75,"['H4 bearish context', 'H1 bearish trend', 'H1 bearish structure', 'Distance filter OK']",SWING_HIGH price=4601.27 zone=(4601.27-4601.27) touches=1 strength=1,None,SWING_LOW price=4657.62 zone=(4657.62-4657.62) touches=1 strength=1,SWING_LOW price=4554.77 zone=(4554.77-4554.77) touches=1 strength=1,False,,False,,False,,False,,0,1,1.1492184144631585,,2026-04-29 03:45:00+00:00,4601.27,STOP LOSS,-1.0,-1.0,52670.629833911946,52143.92353557282
SELL,2026-04-29 04:00:00+00:00,4600.04,4601.27,4597.579999999999,4598.8099999999995,4597.579999999999,4596.3499999999985,1,75,"['H4 bearish context', 'H1 bearish trend', 'H1 bearish structure', 'Distance filter OK']",SWING_HIGH price=4601.27 zone=(4601.27-4601.27) touches=1 strength=1,None,SWING_LOW price=4657.62 zone=(4657.62-4657.62) touches=1 strength=1,SWING_LOW price=4554.77 zone=(4554.77-4554.77) touches=1 strength=1,True,2026-04-29 04:15:00+00:00,True,2026-04-29 04:15:00+00:00,True,2026-04-29 04:15:00+00:00,True,2026-04-29 04:15:00+00:00,2,4,0.0,,2026-04-29 05:00:00+00:00,4597.579999999999,PROFIT LOCK TP2,2.0,2.0,52143.92353557282,53186.802006284284
SELL,2026-04-29 09:00:00+00:00,4590.54,4609.9,4571.18,4571.18,4551.820000000001,4532.460000000001,1,90,"['H4 bearish context', 'H1 bearish trend', 'M15 bearish timing', 'Distance filter OK']",SWING_HIGH price=4601.27 zone=(4601.27-4601.27) touches=1 strength=1,None,SWING_LOW price=4657.62 zone=(4657.62-4657.62) touches=1 strength=1,SWING_LOW price=4575.92 zone=(4575.92-4575.92) touches=1 strength=1,True,2026-04-29 10:15:00+00:00,True,2026-04-29 10:15:00+00:00,True,2026-04-29 12:45:00+00:00,False,,1,17,0.0,,2026-04-29 13:15:00+00:00,4571.18,PROFIT LOCK TP1,1.0,1.0,53186.802006284284,53718.67002634713
SELL,2026-04-29 13:30:00+00:00,4571.55,4607.37,4571.45,4535.7300000000005,4499.910000000001,4464.090000000001,1,90,"['H4 bearish context', 'H1 bearish trend', 'M15 bearish timing', 'Distance filter OK']",SWING_HIGH price=4601.27 zone=(4601.27-4601.27) touches=1 strength=1,None,SWING_LOW price=4575.92 zone=(4575.92-4575.92) touches=1 strength=1,SWING_LOW price=4554.77 zone=(4554.77-4554.77) touches=1 strength=1,True,2026-04-29 16:15:00+00:00,True,2026-04-29 16:15:00+00:00,False,,False,,0,46,0.1945972917157282,,2026-04-30 02:00:00+00:00,4553.12,EXIT SIGNAL,0.5145170295924187,0.5145170295924187,53718.67002634713,53995.061731703245
SELL,2026-04-30 07:15:00+00:00,4555.09,4582.26,4582.26,4527.92,4500.75,4473.58,1,90,"['H4 bearish context', 'H1 bearish trend', 'M15 bearish timing', 'Distance filter OK']",SWING_HIGH price=4564.73 zone=(4564.73-4564.73) touches=1 strength=1,None,SWING_LOW price=4551.40 zone=(4551.40-4551.40) touches=1 strength=1,SWING_LOW price=4518.13 zone=(4518.13-4518.13) touches=1 strength=1,False,,False,,False,,False,,0,8,0.716582853911069,,2026-04-30 09:15:00+00:00,4569.3,EXIT SIGNAL,-0.5230033124769966,-0.5230033124769966,53995.061731703245,53712.66577027243
SELL,2026-04-30 19:30:00+00:00,4608.08,4645.81,4645.81,4570.349999999999,4532.619999999999,4494.8899999999985,1,90,"['H4 bearish context', 'H1 bearish trend', 'M15 bearish timing', 'Distance filter OK']",SWING_HIGH price=4609.90 zone=(4609.90-4609.90) touches=1 strength=1,SWING_HIGH price=4607.37 zone=(4607.37-4607.37) touches=1 strength=1,SWING_LOW price=4657.62 zone=(4657.62-4657.62) touches=1 strength=1,SWING_LOW price=4575.92 zone=(4575.92-4575.92) touches=1 strength=1,False,,False,,False,,False,,0,8,1.0478784335212727,,2026-04-30 21:30:00+00:00,4620.67,EXIT SIGNAL,-0.33368672144182315,-0.33368672144182315,53712.66577027243,53533.4337368646
SELL,2026-05-01 04:15:00+00:00,4618.44,4633.98,4633.98,4602.9,4587.36,4571.82,1,90,"['H4 bearish context', 'H1 bearish trend', 'M15 bearish timing', 'Distance filter OK']",SWING_HIGH price=4633.98 zone=(4633.98-4633.98) touches=1 strength=1,SWING_HIGH price=4609.90 zone=(4609.90-4609.90) touches=1 strength=1,SWING_LOW price=4657.62 zone=(4657.62-4657.62) touches=1 strength=1,SWING_LOW price=4605.41 zone=(4605.41-4605.41) touches=1 strength=1,False,,False,,False,,False,,0,3,0.999999999999996,,2026-05-01 05:00:00+00:00,4633.98,STOP LOSS,-1.0,-1.0,53533.4337368646,52998.09939949596
SELL,2026-05-01 06:00:00+00:00,4619.1,4633.98,4633.98,4604.220000000001,4589.340000000002,4574.460000000003,1,90,"['H4 bearish context', 'H1 bearish trend', 'M15 bearish timing', 'Distance filter OK']",SWING_HIGH price=4633.98 zone=(4633.98-4633.98) touches=1 strength=1,SWING_HIGH price=4609.90 zone=(4609.90-4609.90) touches=1 strength=1,SWING_LOW price=4657.62 zone=(4657.62-4657.62) touches=1 strength=1,SWING_LOW price=4605.41 zone=(4605.41-4605.41) touches=1 strength=1,False,,False,,False,,False,,0,3,1.5043145161290465,,2026-05-01 06:45:00+00:00,4626.68,EXIT SIGNAL,-0.5094086021505602,-0.5094086021505602,52998.09939949596,52728.12252217862
SELL,2026-05-01 07:30:00+00:00,4617.61,4635.88,4581.069999999999,4599.339999999999,4581.069999999999,4562.799999999998,1,90,"['H4 bearish context', 'H1 bearish trend', 'M15 bearish timing', 'Distance filter OK']",SWING_HIGH price=4609.90 zone=(4609.90-4609.90) touches=1 strength=1,SWING_HIGH price=4607.37 zone=(4607.37-4607.37) touches=1 strength=1,SWING_LOW price=4613.91 zone=(4613.91-4613.91) touches=1 strength=1,SWING_LOW price=4605.41 zone=(4605.41-4605.41) touches=1 strength=1,True,2026-05-01 09:15:00+00:00,True,2026-05-01 09:15:00+00:00,True,2026-05-01 10:45:00+00:00,True,2026-05-01 12:45:00+00:00,2,30,0.0,,2026-05-01 15:00:00+00:00,4581.069999999999,PROFIT LOCK TP2,2.0,2.0,52728.12252217862,53782.6849726222
SELL,2026-05-04 03:30:00+00:00,4605.84,4629.11,4629.11,4582.570000000001,4559.300000000001,4536.030000000002,1,90,"['H4 bearish context', 'H1 bearish trend', 'M15 bearish timing', 'Distance filter OK']",SWING_HIGH price=4629.11 zone=(4629.11-4629.11) touches=1 strength=1,SWING_HIGH price=4609.90 zone=(4609.90-4609.90) touches=1 strength=1,SWING_LOW price=4613.91 zone=(4613.91-4613.91) touches=1 strength=1,SWING_LOW price=4606.78 zone=(4606.78-4606.78) touches=1 strength=1,False,,False,,False,,False,,0,14,0.22002578427159233,,2026-05-04 07:00:00+00:00,4610.96,EXIT SIGNAL,-0.2200257842715941,-0.2200257842715941,53782.6849726222,53664.34919820887
SELL,2026-05-04 08:15:00+00:00,4603.52,4618.21,4574.140000000001,4588.830000000001,4574.140000000001,4559.450000000002,1,75,"['H4 bearish context', 'H1 bearish trend', 'H1 bearish structure', 'Distance filter OK']",SWING_HIGH price=4601.27 zone=(4601.27-4601.27) touches=1 strength=1,SWING_HIGH price=4582.26 zone=(4582.26-4582.26) touches=1 strength=1,SWING_LOW price=4605.41 zone=(4605.41-4605.41) touches=1 strength=1,SWING_LOW price=4590.93 zone=(4590.93-4590.93) touches=1 strength=1,True,2026-05-04 09:00:00+00:00,True,2026-05-04 09:00:00+00:00,True,2026-05-04 11:00:00+00:00,True,2026-05-04 13:00:00+00:00,2,28,0.0,,2026-05-04 15:15:00+00:00,4574.140000000001,PROFIT LOCK TP2,2.0,2.0,53664.34919820887,54737.636182173046
SELL,2026-05-05 19:30:00+00:00,4559.74,4586.36,4586.36,4533.12,4506.5,4479.88,1,90,"['H4 bearish context', 'H1 bearish trend', 'M15 bearish timing', 'Distance filter OK']",SWING_HIGH price=4564.73 zone=(4564.73-4564.73) touches=1 strength=1,SWING_HIGH price=4546.39 zone=(4546.39-4546.39) touches=1 strength=1,SWING_LOW price=4575.92 zone=(4575.92-4575.92) touches=1 strength=1,SWING_LOW price=4560.18 zone=(4560.18-4560.18) touches=1 strength=1,False,,False,,False,,False,,0,22,1.3454022730335495,,2026-05-06 02:00:00+00:00,4586.36,STOP LOSS,-1.0,-1.0,54737.636182173046,54190.25982035131
BUY,2026-05-07 06:15:00+00:00,4705.89,4685.13,4726.650000000001,4726.650000000001,4747.410000000001,4768.170000000001,1,80,"['H1 bullish trend', 'H1 bullish structure', 'M15 bullish timing', 'Distance filter OK']",SWING_HIGH price=4700.25 zone=(4700.25-4700.25) touches=1 strength=1,SWING_HIGH price=4659.96 zone=(4659.96-4659.96) touches=1 strength=1,None,SWING_LOW price=4685.13 zone=(4685.13-4685.13) touches=1 strength=1,True,2026-05-07 09:30:00+00:00,True,2026-05-07 09:30:00+00:00,True,2026-05-07 09:30:00+00:00,False,,1,23,0.0,,2026-05-07 12:00:00+00:00,4726.650000000001,PROFIT LOCK TP1,1.0,1.0,54190.25982035131,54732.16241855483
BUY,2026-05-07 17:45:00+00:00,4751.73,4721.66,4721.66,4781.799999999999,4811.869999999999,4841.939999999999,1,80,"['H1 bullish trend', 'H1 bullish structure', 'M15 bullish timing', 'Distance filter OK']",None,SWING_HIGH price=4753.38 zone=(4753.38-4753.38) touches=1 strength=1,None,SWING_LOW price=4721.66 zone=(4721.66-4721.66) touches=1 strength=1,False,,False,,False,,False,,0,5,0.009999999999993481,,2026-05-07 19:00:00+00:00,4721.66,STOP LOSS,-1.0,-1.0,54732.16241855483,54184.84079436928
BUY,2026-05-08 13:45:00+00:00,4724.24,4696.87,4696.87,4751.61,4778.98,4806.349999999999,1,80,"['H1 bullish trend', 'H1 bullish structure', 'M15 bullish timing', 'Distance filter OK']",SWING_HIGH price=4721.04 zone=(4721.04-4721.04) touches=1 strength=1,SWING_HIGH price=4719.00 zone=(4719.00-4719.00) touches=1 strength=1,SWING_LOW price=4721.66 zone=(4721.66-4721.66) touches=1 strength=1,SWING_LOW price=4696.87 zone=(4696.87-4696.87) touches=1 strength=1,False,,False,,False,,False,,0,6,0.521739130434767,,2026-05-08 15:15:00+00:00,4709.96,EXIT SIGNAL,-0.5217391304347754,-0.5217391304347754,54184.84079436928,53902.137277181275
BUY,2026-05-08 16:15:00+00:00,4720.28,4696.87,4720.38,4743.69,4767.099999999999,4790.509999999999,1,80,"['H1 bullish trend', 'H1 bullish structure', 'M15 bullish timing', 'Distance filter OK']",SWING_HIGH price=4753.38 zone=(4753.38-4753.38) touches=1 strength=1,SWING_HIGH price=4734.31 zone=(4734.31-4734.31) touches=1 strength=1,None,SWING_LOW price=4721.66 zone=(4721.66-4721.66) touches=1 strength=1,True,2026-05-08 16:30:00+00:00,True,2026-05-08 16:30:00+00:00,False,,False,,0,3,0.5174897386846569,,2026-05-08 17:00:00+00:00,4720.38,BREAKEVEN,0.004271678769772081,0.004271678769772081,53902.137277181275,53904.4398033358
BUY,2026-05-08 17:15:00+00:00,4731.54,4702.7,4702.7,4760.38,4789.22,4818.06,1,80,"['H1 bullish trend', 'H1 bullish structure', 'M15 bullish timing', 'Distance filter OK']",SWING_HIGH price=4717.38 zone=(4717.38-4717.38) touches=1 strength=1,SWING_HIGH price=4700.25 zone=(4700.25-4700.25) touches=1 strength=1,SWING_LOW price=4721.66 zone=(4721.66-4721.66) touches=1 strength=1,SWING_LOW price=4702.70 zone=(4702.70-4702.70) touches=1 strength=1,False,,False,,False,,False,,0,3,1.359503634481698,,2026-05-08 18:00:00+00:00,4707.13,EXIT SIGNAL,-0.8463938973647618,-0.8463938973647618,53904.4398033358,53448.19591443171
BUY,2026-05-13 09:15:00+00:00,4710.58,4687.58,4687.58,4733.58,4756.58,4779.58,1,80,"['H1 bullish trend', 'H1 bullish structure', 'M15 bullish timing', 'Distance filter OK']",SWING_HIGH price=4705.25 zone=(4705.25-4705.25) touches=1 strength=1,SWING_HIGH price=4700.25 zone=(4700.25-4700.25) touches=1 strength=1,SWING_LOW price=4701.87 zone=(4701.87-4701.87) touches=1 strength=1,SWING_LOW price=4696.87 zone=(4696.87-4696.87) touches=1 strength=1,False,,False,,False,,False,,0,8,0.5934782608695545,,2026-05-13 11:15:00+00:00,4696.93,EXIT SIGNAL,-0.5934782608695494,-0.5934782608695494,53448.19591443171,53130.992490852586
BUY,2026-05-14 16:15:00+00:00,4703.85,4688.3,4688.3,4719.400000000001,4734.950000000001,4750.500000000001,1,80,"['H1 bullish trend', 'H1 bullish structure', 'M15 bullish timing', 'Distance filter OK']",SWING_HIGH price=4700.25 zone=(4700.25-4700.25) touches=1 strength=1,None,SWING_LOW price=4681.54 zone=(4681.54-4681.54) touches=1 strength=1,SWING_LOW price=4679.03 zone=(4679.03-4679.03) touches=1 strength=1,False,,False,,False,,False,,0,1,1.0000000000000042,,2026-05-14 16:30:00+00:00,4688.3,STOP LOSS,-1.0,-1.0,53130.992490852586,52599.68256594406
SELL,2026-05-15 17:30:00+00:00,4555.23,4572.26,4555.129999999999,4538.199999999999,4521.169999999998,4504.139999999998,1,75,"['H4 bearish context', 'H1 bearish trend', 'H1 bearish structure', 'Distance filter OK']",SWING_HIGH price=4572.26 zone=(4572.26-4572.26) touches=1 strength=1,None,SWING_LOW price=4607.10 zone=(4607.10-4607.10) touches=1 strength=1,SWING_LOW price=4531.68 zone=(4531.68-4531.68) touches=1 strength=1,True,2026-05-15 18:45:00+00:00,True,2026-05-15 18:45:00+00:00,False,,False,,0,10,0.0,,2026-05-15 20:00:00+00:00,4555.129999999999,BREAKEVEN,0.005871990604836169,0.005871990604836169,52599.68256594406,52602.77121436251
SELL,2026-05-15 20:15:00+00:00,4556.84,4566.26,4547.42,4547.42,4538.0,4528.58,1,75,"['H4 bearish context', 'H1 bearish trend', 'H1 bearish structure', 'Distance filter OK']",SWING_HIGH price=4566.26 zone=(4566.26-4566.26) touches=1 strength=1,None,SWING_LOW price=4607.10 zone=(4607.10-4607.10) touches=1 strength=1,SWING_LOW price=4531.68 zone=(4531.68-4531.68) touches=1 strength=1,True,2026-05-15 22:45:00+00:00,True,2026-05-15 22:45:00+00:00,True,2026-05-15 23:00:00+00:00,False,,1,15,0.0,,2026-05-18 01:00:00+00:00,4547.42,PROFIT LOCK TP1,1.0,1.0,52602.77121436251,53128.79892650613
SELL,2026-05-18 06:15:00+00:00,4529.23,4564.24,4564.24,4494.219999999999,4459.209999999999,4424.199999999999,1,75,"['H4 bearish context', 'H1 bearish trend', 'H1 bearish structure', 'Distance filter OK']",SWING_HIGH price=4564.24 zone=(4564.24-4564.24) touches=1 strength=1,None,SWING_LOW price=4607.10 zone=(4607.10-4607.10) touches=1 strength=1,SWING_LOW price=4531.68 zone=(4531.68-4531.68) touches=1 strength=1,False,,False,,False,,False,,0,3,0.33579064096005096,,2026-05-18 07:00:00+00:00,4544.14,EXIT SIGNAL,-0.42587832047988206,-0.42587832047988206,53128.79892650613,52902.5348899468
SELL,2026-05-18 08:15:00+00:00,4538.05,4564.24,4564.24,4511.860000000001,4485.670000000001,4459.480000000001,1,75,"['H4 bearish context', 'H1 bearish trend', 'H1 bearish structure', 'Distance filter OK']",SWING_HIGH price=4564.24 zone=(4564.24-4564.24) touches=1 strength=1,None,SWING_LOW price=4531.68 zone=(4531.68-4531.68) touches=1 strength=1,SWING_LOW price=4511.58 zone=(4511.58-4511.58) touches=1 strength=1,False,,False,,False,,False,,0,6,0.6615354413087968,,2026-05-18 09:45:00+00:00,4546.61,EXIT SIGNAL,-0.32684230622373506,-0.32684230622373506,52902.5348899468,52729.62702486168
SELL,2026-05-18 10:00:00+00:00,4546.61,4564.24,4564.24,4528.98,4511.349999999999,4493.719999999999,1,75,"['H4 bearish context', 'H1 bearish trend', 'H1 bearish structure', 'Distance filter OK']",SWING_HIGH price=4564.24 zone=(4564.24-4564.24) touches=1 strength=1,None,SWING_LOW price=4607.10 zone=(4607.10-4607.10) touches=1 strength=1,SWING_LOW price=4531.68 zone=(4531.68-4531.68) touches=1 strength=1,False,,False,,False,,False,,0,3,0.6288546078181371,,2026-05-18 10:45:00+00:00,4546.03,EXIT SIGNAL,0.032898468519564586,0.032898468519564586,52729.62702486168,52746.974264608936
SELL,2026-05-18 11:00:00+00:00,4546.03,4564.24,4564.24,4527.82,4509.61,4491.4,1,75,"['H4 bearish context', 'H1 bearish trend', 'H1 bearish structure', 'Distance filter OK']",SWING_HIGH price=4564.24 zone=(4564.24-4564.24) touches=1 strength=1,None,SWING_LOW price=4607.10 zone=(4607.10-4607.10) touches=1 strength=1,SWING_LOW price=4531.68 zone=(4531.68-4531.68) touches=1 strength=1,False,,False,,False,,False,,0,3,0.8345818006399792,,2026-05-18 11:45:00+00:00,4549.8,EXIT SIGNAL,-0.20702910488744805,-0.20702910488744805,52746.974264608936,52637.7726759337
SELL,2026-05-18 17:45:00+00:00,4547.56,4559.46,4547.46,4535.660000000001,4523.760000000001,4511.8600000000015,1,90,"['H4 bearish context', 'H1 bearish trend', 'M15 bearish timing', 'Distance filter OK']",SWING_HIGH price=4559.46 zone=(4559.46-4559.46) touches=1 strength=1,None,SWING_LOW price=4607.10 zone=(4607.10-4607.10) touches=1 strength=1,SWING_LOW price=4531.68 zone=(4531.68-4531.68) touches=1 strength=1,True,2026-05-18 18:00:00+00:00,True,2026-05-18 18:00:00+00:00,False,,False,,0,5,0.8262485722198281,,2026-05-18 19:00:00+00:00,4547.46,BREAKEVEN,0.008403361344568643,0.008403361344568643,52637.7726759337,52642.1960181754
SELL,2026-05-18 19:15:00+00:00,4548.39,4583.98,4583.98,4512.800000000001,4477.210000000002,4441.620000000003,1,90,"['H4 bearish context', 'H1 bearish trend', 'M15 bearish timing', 'Distance filter OK']",SWING_HIGH price=4559.46 zone=(4559.46-4559.46) touches=1 strength=1,None,SWING_LOW price=4607.10 zone=(4607.10-4607.10) touches=1 strength=1,SWING_LOW price=4531.68 zone=(4531.68-4531.68) touches=1 strength=1,False,,False,,False,,False,,0,13,1.0937585507830971,,2026-05-18 22:30:00+00:00,4557.99,EXIT SIGNAL,-0.26973869064342965,-0.26973869064342965,52642.1960181754,52500.19964791002
SELL,2026-05-19 04:30:00+00:00,4558.92,4583.98,4558.82,4533.860000000001,4508.800000000001,4483.740000000002,1,90,"['H4 bearish context', 'H1 bearish trend', 'M15 bearish timing', 'Distance filter OK']",SWING_HIGH price=4564.24 zone=(4564.24-4564.24) touches=1 strength=1,SWING_HIGH price=4559.46 zone=(4559.46-4559.46) touches=1 strength=1,SWING_LOW price=4607.10 zone=(4607.10-4607.10) touches=1 strength=1,SWING_LOW price=4532.02 zone=(4532.02-4532.02) touches=1 strength=1,True,2026-05-19 08:15:00+00:00,True,2026-05-19 08:15:00+00:00,False,,False,,0,25,0.0,,2026-05-19 10:45:00+00:00,4558.82,BREAKEVEN,0.003990422984850991,0.003990422984850991,52500.19964791002,52502.29462794386
SELL,2026-05-19 13:00:00+00:00,4541.61,4559.15,4506.53,4524.07,4506.53,4488.99,1,75,"['H4 bearish context', 'H1 bearish trend', 'H1 bearish structure', 'Distance filter OK']",SWING_HIGH price=4559.15 zone=(4559.15-4559.15) touches=1 strength=1,None,SWING_LOW price=4607.10 zone=(4607.10-4607.10) touches=1 strength=1,SWING_LOW price=4532.02 zone=(4532.02-4532.02) touches=1 strength=1,True,2026-05-19 16:00:00+00:00,True,2026-05-19 16:00:00+00:00,True,2026-05-19 16:15:00+00:00,True,2026-05-19 16:30:00+00:00,2,15,0.0,,2026-05-19 16:45:00+00:00,4506.53,PROFIT LOCK TP2,2.0,2.0,52502.29462794386,53552.34052050274
SELL,2026-05-19 17:00:00+00:00,4503.82,4547.71,4547.71,4459.929999999999,4416.039999999999,4372.149999999999,1,85,"['H4 bearish context', 'H1 bearish trend', 'H1 bearish structure', 'M15 bearish timing']",SWING_HIGH price=4547.71 zone=(4547.71-4547.71) touches=1 strength=1,None,SWING_LOW price=4511.58 zone=(4511.58-4511.58) touches=1 strength=1,SWING_LOW price=4480.40 zone=(4480.40-4480.40) touches=1 strength=1,False,,False,,False,,False,,0,39,0.40860751456883104,,2026-05-20 03:45:00+00:00,4500.74,EXIT SIGNAL,0.07017543859648905,0.07017543859648905,53552.34052050274,53589.92111034168
SELL,2026-05-20 05:15:00+00:00,4481.14,4508.6,4481.04,4453.68,4426.22,4398.76,1,90,"['H4 bearish context', 'H1 bearish trend', 'M15 bearish timing', 'Distance filter OK']",SWING_HIGH price=4508.60 zone=(4508.60-4508.60) touches=1 strength=1,None,SWING_LOW price=4477.36 zone=(4477.36-4477.36) touches=1 strength=1,SWING_LOW price=4464.84 zone=(4464.84-4464.84) touches=1 strength=1,True,2026-05-20 06:00:00+00:00,True,2026-05-20 06:00:00+00:00,False,,False,,0,19,0.4049807340704284,,2026-05-20 10:00:00+00:00,4481.04,BREAKEVEN,0.0036416605972455812,0.0036416605972455812,53589.92111034168,53591.87267338286
SELL,2026-05-20 11:45:00+00:00,4479.28,4508.6,4508.6,4449.959999999999,4420.6399999999985,4391.319999999998,1,75,"['H4 bearish context', 'H1 bearish trend', 'H1 bearish structure', 'Distance filter OK']",SWING_HIGH price=4508.60 zone=(4508.60-4508.60) touches=1 strength=1,None,SWING_LOW price=4511.58 zone=(4511.58-4511.58) touches=1 strength=1,SWING_LOW price=4480.40 zone=(4480.40-4480.40) touches=1 strength=1,False,,False,,False,,False,,0,4,0.5985999734346025,,2026-05-20 12:45:00+00:00,4484.98,EXIT SIGNAL,-0.19440654843109476,-0.19440654843109476,53591.87267338286,53487.68656347895
SELL,2026-05-20 13:45:00+00:00,4494.27,4508.6,4508.6,4479.9400000000005,4465.610000000001,4451.280000000001,1,75,"['H4 bearish context', 'H1 bearish trend', 'H1 bearish structure', 'Distance filter OK']",SWING_HIGH price=4508.60 zone=(4508.60-4508.60) touches=1 strength=1,None,SWING_LOW price=4511.58 zone=(4511.58-4511.58) touches=1 strength=1,SWING_LOW price=4480.40 zone=(4480.40-4480.40) touches=1 strength=1,False,,False,,False,,False,,0,3,0.663110302830725,,2026-05-20 14:30:00+00:00,4495.2,EXIT SIGNAL,-0.06489881367755661,-0.06489881367755661,53487.68656347895,53452.97368943568
SELL,2026-05-20 14:45:00+00:00,4495.2,4508.6,4508.6,4481.799999999999,4468.399999999999,4454.999999999998,1,75,"['H4 bearish context', 'H1 bearish trend', 'H1 bearish structure', 'Distance filter OK']",SWING_HIGH price=4508.60 zone=(4508.60-4508.60) touches=1 strength=1,None,SWING_LOW price=4511.58 zone=(4511.58-4511.58) touches=1 strength=1,SWING_LOW price=4480.40 zone=(4480.40-4480.40) touches=1 strength=1,False,,False,,False,,False,,0,3,1.2354093986979942,,2026-05-20 15:30:00+00:00,4502.92,EXIT SIGNAL,-0.5761194029850701,-0.5761194029850701,53452.97368943568,53145.02073653834
SELL,2026-05-20 15:45:00+00:00,4502.92,4508.6,4502.82,4497.24,4491.5599999999995,4485.879999999999,1,75,"['H4 bearish context', 'H1 bearish trend', 'H1 bearish structure', 'Distance filter OK']",SWING_HIGH price=4508.60 zone=(4508.60-4508.60) touches=1 strength=1,None,SWING_LOW price=4511.58 zone=(4511.58-4511.58) touches=1 strength=1,SWING_LOW price=4480.40 zone=(4480.40-4480.40) touches=1 strength=1,True,2026-05-20 16:00:00+00:00,True,2026-05-20 16:00:00+00:00,False,,False,,0,1,1.5918661077344007,,2026-05-20 16:00:00+00:00,4504.97,EXIT SIGNAL,-0.36091549295776,-0.36091549295776,53145.02073653834,52953.212122964556
SELL,2026-05-20 16:15:00+00:00,4504.97,4508.6,4497.71,4501.34,4497.71,4494.08,1,75,"['H4 bearish context', 'H1 bearish trend', 'H1 bearish structure', 'Distance filter OK']",SWING_HIGH price=4508.60 zone=(4508.60-4508.60) touches=1 strength=1,None,SWING_LOW price=4511.58 zone=(4511.58-4511.58) touches=1 strength=1,SWING_LOW price=4480.40 zone=(4480.40-4480.40) touches=1 strength=1,True,2026-05-20 16:30:00+00:00,True,2026-05-20 16:30:00+00:00,True,2026-05-20 16:30:00+00:00,True,2026-05-20 16:30:00+00:00,2,4,0.0,,2026-05-20 17:15:00+00:00,4497.71,PROFIT LOCK TP2,2.0,2.0,52953.212122964556,54012.27636542385
SELL,2026-05-20 17:30:00+00:00,4506.67,4508.6,4508.6,4504.74,4502.8099999999995,4500.879999999999,1,75,"['H4 bearish context', 'H1 bearish trend', 'H1 bearish structure', 'Distance filter OK']",SWING_HIGH price=4547.71 zone=(4547.71-4547.71) touches=1 strength=1,SWING_HIGH price=4508.60 zone=(4508.60-4508.60) touches=1 strength=1,SWING_LOW price=4531.68 zone=(4531.68-4531.68) touches=1 strength=1,SWING_LOW price=4530.89 zone=(4530.89-4530.89) touches=1 strength=1,False,,False,,False,,False,,0,1,0.6274663955901909,,2026-05-20 17:45:00+00:00,4508.6,STOP LOSS,-1.0,-1.0,54012.27636542385,53472.15360176961
SELL,2026-05-21 09:30:00+00:00,4532.83,4570.45,4570.45,4495.21,4457.59,4419.97,1,90,"['H4 bearish context', 'H1 bearish trend', 'M15 bearish timing', 'Distance filter OK']",SWING_HIGH price=4547.71 zone=(4547.71-4547.71) touches=1 strength=1,SWING_HIGH price=4508.60 zone=(4508.60-4508.60) touches=1 strength=1,SWING_LOW price=4525.37 zone=(4525.37-4525.37) touches=1 strength=1,SWING_LOW price=4511.58 zone=(4511.58-4511.58) touches=1 strength=1,False,,False,,False,,False,,0,8,0.0,,2026-05-21 11:30:00+00:00,4528.92,EXIT SIGNAL,0.10393407761828458,0.10393407761828458,53472.15360176961,53527.72939139824
SELL,2026-05-21 17:30:00+00:00,4507.25,4543.0,4543.0,4471.5,4435.75,4400.0,1,75,"['H4 bearish context', 'H1 bearish trend', 'H1 bearish structure', 'Distance filter OK']",SWING_HIGH price=4543.00 zone=(4543.00-4543.00) touches=1 strength=1,SWING_HIGH price=4508.60 zone=(4508.60-4508.60) touches=1 strength=1,SWING_LOW price=4511.58 zone=(4511.58-4511.58) touches=1 strength=1,SWING_LOW price=4480.40 zone=(4480.40-4480.40) touches=1 strength=1,False,,False,,False,,False,,0,9,0.237959358769893,,2026-05-21 19:45:00+00:00,4519.46,EXIT SIGNAL,-0.34153846153846257,-0.34153846153846257,53527.72939139824,53344.91160793839
SELL,2026-05-21 20:15:00+00:00,4526.09,4543.0,4543.0,4509.18,4492.27,4475.360000000001,1,75,"['H4 bearish context', 'H1 bearish trend', 'H1 bearish structure', 'Distance filter OK']",SWING_HIGH price=4552.31 zone=(4552.31-4552.31) touches=1 strength=1,SWING_HIGH price=4550.11 zone=(4550.11-4550.11) touches=1 strength=1,SWING_LOW price=4607.10 zone=(4607.10-4607.10) touches=1 strength=1,SWING_LOW price=4534.37 zone=(4534.37-4534.37) touches=1 strength=1,False,,False,,False,,False,,0,1,1.2355797651821945,,2026-05-21 20:30:00+00:00,4543.0,STOP LOSS,-1.0,-1.0,53344.91160793839,52811.462491859005
SELL,2026-05-22 03:30:00+00:00,4536.06,4545.78,4535.96,4526.340000000001,4516.620000000002,4506.900000000002,1,75,"['H4 bearish context', 'H1 bearish trend', 'H1 bearish structure', 'Distance filter OK']",SWING_HIGH price=4543.00 zone=(4543.00-4543.00) touches=1 strength=1,SWING_HIGH price=4508.60 zone=(4508.60-4508.60) touches=1 strength=1,SWING_LOW price=4529.57 zone=(4529.57-4529.57) touches=1 strength=1,SWING_LOW price=4525.37 zone=(4525.37-4525.37) touches=1 strength=1,True,2026-05-22 03:45:00+00:00,True,2026-05-22 03:45:00+00:00,False,,False,,0,16,0.0,,2026-05-22 07:30:00+00:00,4528.82,EXIT SIGNAL,0.7448559670783106,0.7448559670783106,52811.462491859005,53204.83182153094
SELL,2026-05-22 09:15:00+00:00,4521.54,4545.78,4545.78,4497.3,4473.06,4448.820000000001,1,90,"['H4 bearish context', 'H1 bearish trend', 'M15 bearish timing', 'Distance filter OK']",SWING_HIGH price=4543.00 zone=(4543.00-4543.00) touches=1 strength=1,SWING_HIGH price=4508.60 zone=(4508.60-4508.60) touches=1 strength=1,SWING_LOW price=4529.57 zone=(4529.57-4529.57) touches=1 strength=1,SWING_LOW price=4525.37 zone=(4525.37-4525.37) touches=1 strength=1,False,,False,,False,,False,,0,15,0.0,,2026-05-22 13:00:00+00:00,4533.65,EXIT SIGNAL,-0.4995874587458656,-0.4995874587458656,53204.83182153094,52939.027154303745
SELL,2026-05-22 13:15:00+00:00,4533.65,4534.0,4532.949999999999,4533.299999999999,4532.949999999999,4532.5999999999985,1,75,"['H4 bearish context', 'H1 bearish trend', 'H1 bearish structure', 'Distance filter OK']",SWING_HIGH price=4534.00 zone=(4534.00-4534.00) touches=1 strength=1,SWING_HIGH price=4508.60 zone=(4508.60-4508.60) touches=1 strength=1,SWING_LOW price=4518.55 zone=(4518.55-4518.55) touches=1 strength=1,SWING_LOW price=4511.87 zone=(4511.87-4511.87) touches=1 strength=1,True,2026-05-22 13:30:00+00:00,True,2026-05-22 13:30:00+00:00,True,2026-05-22 13:30:00+00:00,True,2026-05-22 13:30:00+00:00,2,8,0.0,,2026-05-22 15:15:00+00:00,4532.949999999999,PROFIT LOCK TP2,2.0,2.0,52939.027154303745,53997.80769738982
SELL,2026-05-22 17:45:00+00:00,4504.33,4536.58,4536.58,4472.08,4439.83,4407.58,1,90,"['H4 bearish context', 'H1 bearish trend', 'M15 bearish timing', 'Distance filter OK']",SWING_HIGH price=4508.60 zone=(4508.60-4508.60) touches=1 strength=1,None,SWING_LOW price=4507.17 zone=(4507.17-4507.17) touches=1 strength=1,SWING_LOW price=4488.56 zone=(4488.56-4488.56) touches=1 strength=1,False,,False,,False,,False,,0,5,0.0,,2026-05-22 19:00:00+00:00,4519.36,EXIT SIGNAL,-0.46604651162789906,-0.46604651162789906,53997.80769738982,53746.15279826059
SELL,2026-05-26 03:00:00+00:00,4559.63,4577.58,4523.7300000000005,4541.68,4523.7300000000005,4505.780000000001,1,90,"['H4 bearish context', 'H1 bearish trend', 'M15 bearish timing', 'Distance filter OK']",SWING_HIGH price=4564.24 zone=(4564.24-4564.24) touches=1 strength=1,SWING_HIGH price=4559.46 zone=(4559.46-4559.46) touches=1 strength=1,SWING_LOW price=4563.33 zone=(4563.33-4563.33) touches=1 strength=1,SWING_LOW price=4552.85 zone=(4552.85-4552.85) touches=1 strength=1,True,2026-05-26 03:15:00+00:00,True,2026-05-26 03:15:00+00:00,True,2026-05-26 07:45:00+00:00,True,2026-05-26 14:30:00+00:00,2,52,0.0,,2026-05-26 16:00:00+00:00,4523.7300000000005,PROFIT LOCK TP2,2.0,2.0,53746.15279826059,54821.075854225805
SELL,2026-05-26 16:30:00+00:00,4522.04,4540.3,4503.78,4503.78,4485.5199999999995,4467.259999999999,1,75,"['H4 bearish context', 'H1 bearish trend', 'H1 bearish structure', 'Distance filter OK']",SWING_HIGH price=4527.48 zone=(4527.48-4527.48) touches=1 strength=1,SWING_HIGH price=4508.60 zone=(4508.60-4508.60) touches=1 strength=1,SWING_LOW price=4518.55 zone=(4518.55-4518.55) touches=1 strength=1,SWING_LOW price=4511.87 zone=(4511.87-4511.87) touches=1 strength=1,True,2026-05-26 18:30:00+00:00,True,2026-05-26 18:30:00+00:00,True,2026-05-26 21:00:00+00:00,False,,1,23,0.0,,2026-05-26 22:15:00+00:00,4503.78,PROFIT LOCK TP1,1.0,1.0,54821.075854225805,55369.28661276806
SELL,2026-05-27 02:30:00+00:00,4511.98,4540.3,4540.3,4483.659999999999,4455.339999999998,4427.019999999998,1,75,"['H4 bearish context', 'H1 bearish trend', 'H1 bearish structure', 'Distance filter OK']",SWING_HIGH price=4527.48 zone=(4527.48-4527.48) touches=1 strength=1,SWING_HIGH price=4508.60 zone=(4508.60-4508.60) touches=1 strength=1,SWING_LOW price=4525.37 zone=(4525.37-4525.37) touches=1 strength=1,SWING_LOW price=4518.55 zone=(4518.55-4518.55) touches=1 strength=1,False,,False,,False,,False,,0,3,0.2026836158192329,,2026-05-27 03:15:00+00:00,4517.72,EXIT SIGNAL,-0.20268361581922903,-0.20268361581922903,55369.28661276806,55257.06214060799
SELL,2026-05-27 04:15:00+00:00,4519.2,4527.61,4519.099999999999,4510.79,4502.38,4493.97,1,75,"['H4 bearish context', 'H1 bearish trend', 'H1 bearish structure', 'Distance filter OK']",SWING_HIGH price=4508.60 zone=(4508.60-4508.60) touches=1 strength=1,None,SWING_LOW price=4509.98 zone=(4509.98-4509.98) touches=1 strength=1,SWING_LOW price=4507.17 zone=(4507.17-4507.17) touches=1 strength=1,True,2026-05-27 04:30:00+00:00,True,2026-05-27 04:30:00+00:00,False,,False,,0,1,0.0,,2026-05-27 04:30:00+00:00,4509.71,EXIT SIGNAL,1.1284185493460102,1.1284185493460102,55257.06214060799,55880.593079626255
SELL,2026-05-27 08:15:00+00:00,4508.78,4527.61,4471.12,4489.95,4471.12,4452.29,1,75,"['H4 bearish context', 'H1 bearish trend', 'H1 bearish structure', 'Distance filter OK']",SWING_HIGH price=4508.60 zone=(4508.60-4508.60) touches=1 strength=1,None,SWING_LOW price=4500.42 zone=(4500.42-4500.42) touches=1 strength=1,SWING_LOW price=4490.96 zone=(4490.96-4490.96) touches=1 strength=1,True,2026-05-27 09:15:00+00:00,True,2026-05-27 09:15:00+00:00,True,2026-05-27 13:30:00+00:00,True,2026-05-27 13:45:00+00:00,2,64,0.10496054931074573,,2026-05-28 01:15:00+00:00,4459.75,EXIT SIGNAL,2.6038236856080688,2.6038236856080688,55880.593079626255,57335.62519789183
SELL,2026-05-29 15:45:00+00:00,4513.98,4543.08,4543.08,4484.879999999999,4455.779999999999,4426.6799999999985,1,90,"['H4 bearish context', 'H1 bearish trend', 'M15 bearish timing', 'Distance filter OK']",SWING_HIGH price=4527.48 zone=(4527.48-4527.48) touches=1 strength=1,SWING_HIGH price=4520.70 zone=(4520.70-4520.70) touches=1 strength=1,SWING_LOW price=4527.79 zone=(4527.79-4527.79) touches=1 strength=1,SWING_LOW price=4518.55 zone=(4518.55-4518.55) touches=1 strength=1,False,,False,,False,,False,,0,5,1.0000000000000018,,2026-05-29 17:00:00+00:00,4543.08,STOP LOSS,-1.0,-1.0,57335.62519789183,56762.26894591291
